ticker,cid,ts,dte,peak_b12,spread,iv_f1,iv_f2,iv_diff
SBICARD,1,2024-09-03 14:45:00+05:30,58.0,0.447506012989886,-1.5499999999999545,0.23610960172258025,0.22371608730152429,0.012393514421055962
SBICARD,1,2024-09-13 14:45:00+05:30,48.0,0.447506012989886,-2.3500000000000227,0.2321445960588469,0.20782973332939958,0.02431486272944733
SBICARD,1,2024-09-17 14:45:00+05:30,44.0,0.447506012989886,-2.25,0.24129509185424816,0.21321149986227064,0.02808359199197752
SBICARD,1,2024-09-18 14:45:00+05:30,43.0,0.447506012989886,-2.0,0.24540212600770112,0.22088127169369995,0.024520854314001167
SBICARD,1,2024-09-19 14:45:00+05:30,42.0,0.447506012989886,-0.39999999999997726,0.26558278882747705,0.22891323979169126,0.03666954903578579
SBICARD,1,2024-09-20 14:45:00+05:30,41.0,0.447506012989886,3.6000000000000227,0.24565022619169652,0.23426594608591356,0.011384280105782962
SBICARD,1,2024-09-23 14:45:00+05:30,38.0,0.447506012989886,-1.4500000000000455,0.25636394559614006,0.27126726978282306,-0.014903324186682998
SBICARD,1,2024-09-24 14:45:00+05:30,37.0,0.447506012989886,-6.5,0.26039962574835396,0.2764694135938444,-0.016069787845490457
SBICARD,1,2024-09-25 14:45:00+05:30,36.0,0.447506012989886,-3.949999999999932,0.2578792355750829,0.2691621187459475,-0.011282883170864566
SBICARD,1,2024-09-26 14:45:00+05:30,35.0,0.447506012989886,-3.7000000000000455,0.24626714616461376,0.2580752002124984,-0.011808054047884653
SBICARD,1,2024-09-27 14:45:00+05:30,34.0,0.447506012989886,-2.3500000000000227,0.236066796172875,0.24585579832796445,-0.00978900215508946
SBICARD,1,2024-09-30 14:45:00+05:30,31.0,0.447506012989886,-3.900000000000091,0.25204314698005803,0.25965936636469805,-0.007616219384640022
SBICARD,1,2024-10-01 14:45:00+05:30,30.0,0.447506012989886,-6.0,0.24615407303509007,0.253675072977654,-0.007520999942563944
SBICARD,1,2024-10-03 14:45:00+05:30,28.0,0.447506012989886,-5.600000000000023,0.2503790743407935,0.2399698117359586,0.010409262604834879
SBICARD,1,2024-10-04 14:45:00+05:30,27.0,0.447506012989886,-4.7000000000000455,0.24135220165015547,0.25316790444731196,-0.011815702797156491
SBICARD,1,2024-10-07 14:45:00+05:30,24.0,0.447506012989886,-5.0,0.24001042422317148,0.2190028376977106,0.021007586525460892
SBICARD,1,2024-10-08 14:45:00+05:30,23.0,0.447506012989886,-4.7000000000000455,0.24273364359070077,0.23273786428332374,0.009995779307377023
SBICARD,1,2024-10-09 14:45:00+05:30,22.0,0.447506012989886,-4.2999999999999545,0.2294260753239276,0.22469171683349176,0.004734358490435825
SBICARD,1,2024-10-10 14:45:00+05:30,21.0,0.447506012989886,-4.349999999999909,0.23112776377093625,0.2219445108942859,0.009183252876650339
SBICARD,1,2024-10-11 14:45:00+05:30,20.0,0.447506012989886,-4.4500000000000455,0.21450299004694745,0.21440571788906046,9.727215788699062e-05
SBICARD,1,2024-10-14 14:45:00+05:30,17.0,0.447506012989886,-5.2000000000000455,0.2233114569825097,0.2314661622246268,-0.008154705242117088
SBICARD,1,2024-10-15 14:45:00+05:30,16.0,0.447506012989886,-5.399999999999977,0.23890972670507504,0.22838139259805043,0.010528334107024612
SBICARD,1,2024-10-16 14:45:00+05:30,15.0,0.447506012989886,-5.100000000000023,0.24011724287166508,0.22979657864303357,0.01032066422863151
SBICARD,1,2024-10-17 14:45:00+05:30,14.0,0.447506012989886,-4.150000000000091,0.24776918404625078,0.24101036251684438,0.006758821529406406
SBICARD,1,2024-10-18 14:45:00+05:30,13.0,0.447506012989886,-4.7999999999999545,0.25381805955848213,0.23949354973139175,0.014324509827090381
SBICARD,1,2024-10-21 14:45:00+05:30,10.0,0.447506012989886,-4.5,0.2875733594367386,0.24987308205640885,0.03770027738032977
SBICARD,1,2024-10-22 14:45:00+05:30,9.0,0.447506012989886,-3.8999999999999773,0.29675436880038497,0.2789861054510044,0.017768263349380586
SBICARD,1,2024-10-23 14:45:00+05:30,8.0,0.447506012989886,-4.349999999999909,0.28353961858486865,0.24118570685049406,0.04235391173437458
SBICARD,1,2024-10-24 14:45:00+05:30,7.0,0.447506012989886,-3.3500000000000227,0.2959188673181512,0.2652401734713082,0.03067869384684302
SBICARD,1,2024-10-25 14:45:00+05:30,6.0,0.447506012989886,-2.6499999999999773,0.44694254197245165,0.3266031477315927,0.12033939424085893
SBICARD,1,2024-10-28 14:45:00+05:30,3.0,0.447506012989886,-1.0,0.6619992612500397,0.35491094354541974,0.30708831770462
SBICARD,1,2024-10-29 14:45:00+05:30,2.0,0.447506012989886,-1.2000000000000455,0.8081398231574712,0.3612698496744376,0.44686997348303364
SBICARD,1,2024-10-30 14:45:00+05:30,1.0,0.447506012989886,15.150000000000091,0.4009284302334022,0.2889525635793735,0.1119758666540287
SBICARD,1,2024-10-31 14:45:00+05:30,0.0,0.447506012989886,17.899999999999977,0.2568524753342156,0.26678449814173827,-0.009932022807522645
SBICARD,2,2024-11-01 15:30:00+05:30,27.0,0.23755805616897677,0.14999999999997726,0.25927471168318195,0.23691293492345333,0.022361776759728613
SBICARD,2,2024-11-04 14:45:00+05:30,24.0,0.23755805616897677,6.0,0.26397558472124705,0.2225063979870845,0.041469186734162555
SBICARD,2,2024-11-05 14:45:00+05:30,23.0,0.23755805616897677,5.899999999999977,0.24096216300891443,0.23767263322202486,0.0032895297868895668
SBICARD,2,2024-11-06 14:45:00+05:30,22.0,0.23755805616897677,6.650000000000091,0.22351506890687978,0.16735035152566113,0.05616471738121864
SBICARD,2,2024-11-07 14:45:00+05:30,21.0,0.23755805616897677,9.450000000000045,0.22585510792563013,0.20396665118612697,0.021888456739503154
SBICARD,2,2024-11-08 14:45:00+05:30,20.0,0.23755805616897677,7.2999999999999545,0.2141831646338888,0.3232056167088367,-0.10902245207494787
SBICARD,2,2024-11-11 14:45:00+05:30,17.0,0.23755805616897677,6.2999999999999545,0.2147761792228176,0.19756144382585583,0.017214735396961778
SBICARD,2,2024-11-12 14:45:00+05:30,16.0,0.23755805616897677,5.100000000000023,0.21544999137490783,0.19422872427141916,0.021221267103488678
SBICARD,2,2024-11-13 14:45:00+05:30,15.0,0.23755805616897677,11.0,0.2135363754130147,0.2004768896475871,0.01305948576542762
SBICARD,2,2024-11-14 14:45:00+05:30,14.0,0.23755805616897677,13.700000000000045,0.21232567736999594,0.2262804428396373,-0.013954765469641361
SBICARD,2,2024-11-18 14:45:00+05:30,10.0,0.23755805616897677,13.649999999999977,0.2188583782491842,0.2199440235336748,-0.001085645284490594
SBICARD,2,2024-11-19 14:45:00+05:30,9.0,0.23755805616897677,11.5,0.20165478453058908,0.21297753879746634,-0.01132275426687726
SBICARD,2,2024-11-21 14:45:00+05:30,7.0,0.23755805616897677,16.850000000000023,0.216171489609351,0.2195451127427677,-0.0033736231334166866
SBICARD,2,2024-11-22 14:45:00+05:30,6.0,0.23755805616897677,15.350000000000023,0.19711832142174385,0.2259960614810876,-0.028877740059343765
SBICARD,2,2024-11-25 14:45:00+05:30,3.0,0.23755805616897677,16.850000000000023,0.26898787329968926,0.2255690060385562,0.04341886726113306
SBICARD,2,2024-11-26 14:45:00+05:30,2.0,0.23755805616897677,18.199999999999932,0.26374910232411686,0.21558677525716102,0.048162327066955835
SBICARD,2,2024-11-27 14:45:00+05:30,1.0,0.23755805616897677,14.850000000000023,0.26492859175062017,0.22930311165843226,0.03562548009218791
SBICARD,2,2024-11-28 14:45:00+05:30,0.0,0.23755805616897677,18.550000000000068,0.2396825168126575,0.21183006244569746,0.027852454366960044
SBICARD,3,2024-12-05 14:45:00+05:30,56.0,0.2946978766705694,3.8999999999999773,0.2039682792301694,0.18143851232463495,0.02252976690553446
SBICARD,3,2024-12-06 14:45:00+05:30,55.0,0.2946978766705694,4.0,0.1961678880871266,0.21679263696663062,-0.020624748879504023
SBICARD,3,2024-12-10 14:45:00+05:30,51.0,0.2946978766705694,2.5499999999999545,0.22057575585245692,0.2098561646266687,0.010719591225788222
SBICARD,3,2024-12-12 14:45:00+05:30,49.0,0.2946978766705694,1.7000000000000455,0.22648788824636906,0.21865820340338074,0.007829684842988321
SBICARD,3,2024-12-19 14:45:00+05:30,42.0,0.2946978766705694,0.6499999999999773,0.20650148073885172,0.21171624177761872,-0.005214761038767002
SBICARD,3,2024-12-20 14:45:00+05:30,41.0,0.2946978766705694,0.35000000000002274,0.18668676699556888,0.20534303307260288,-0.018656266077033995
SBICARD,3,2024-12-23 14:45:00+05:30,38.0,0.2946978766705694,0.4500000000000455,0.19719476922579304,0.21788570834443505,-0.020690939118642004
SBICARD,3,2024-12-24 14:45:00+05:30,37.0,0.2946978766705694,1.5499999999999545,0.21064364041846867,0.20899579749823202,0.0016478429202366474
SBICARD,3,2024-12-26 14:45:00+05:30,35.0,0.2946978766705694,-0.10000000000002274,0.2096285761091657,0.20980925093995778,-0.00018067483079209357
SBICARD,3,2024-12-27 14:45:00+05:30,34.0,0.2946978766705694,1.2999999999999545,0.2029189679317817,0.20008035561863335,0.0028386123131483587
SBICARD,3,2024-12-30 14:45:00+05:30,31.0,0.2946978766705694,2.8999999999999773,0.20669486714150548,0.21753030051922964,-0.010835433377724163
SBICARD,3,2024-12-31 14:45:00+05:30,30.0,0.2946978766705694,-0.39999999999997726,0.21063641624381374,0.2252191117226554,-0.014582695478841667
SBICARD,3,2025-01-01 14:45:00+05:30,29.0,0.2946978766705694,-0.049999999999954525,0.21525271554469877,0.22959708245946564,-0.01434436691476687
SBICARD,3,2025-01-02 14:45:00+05:30,28.0,0.2946978766705694,1.0,0.21165788575468875,0.21553380971130673,-0.0038759239566179826
SBICARD,3,2025-01-03 14:45:00+05:30,27.0,0.2946978766705694,0.10000000000002274,0.2544626890369819,0.25450648787978175,-4.379884279986923e-05
SBICARD,3,2025-01-06 14:45:00+05:30,24.0,0.2946978766705694,1.8500000000000227,0.30134542291250876,0.2773085205849934,0.024036902327515375
SBICARD,3,2025-01-07 14:45:00+05:30,23.0,0.2946978766705694,0.20000000000004547,0.2714320501461759,0.2851193817748877,-0.01368733162871183
SBICARD,3,2025-01-08 14:45:00+05:30,22.0,0.2946978766705694,0.4500000000000455,0.26698910845991153,0.26703589782470843,-4.678936479690643e-05
SBICARD,3,2025-01-09 14:45:00+05:30,21.0,0.2946978766705694,1.0,0.27893671377158913,0.2803942030504894,-0.0014574892789002702
SBICARD,3,2025-01-10 14:45:00+05:30,20.0,0.2946978766705694,0.7000000000000455,0.28699083013321475,0.2604880405955299,0.026502789537684868
SBICARD,3,2025-01-13 14:45:00+05:30,17.0,0.2946978766705694,1.25,0.3136642333202472,0.27769145035956394,0.035972782960683236
SBICARD,3,2025-01-14 14:45:00+05:30,16.0,0.2946978766705694,2.550000000000068,0.29366090042334336,0.2919126931248913,0.0017482072984520425
SBICARD,3,2025-01-15 14:45:00+05:30,15.0,0.2946978766705694,3.300000000000068,0.32406490784661823,0.2945932722656948,0.029471635580923417
SBICARD,3,2025-01-16 14:45:00+05:30,14.0,0.2946978766705694,3.6000000000000227,0.37037739638766565,0.29731095104703653,0.07306644534062912
SBICARD,3,2025-01-17 14:45:00+05:30,13.0,0.2946978766705694,2.3999999999999773,0.38663011085383,0.33763679202765057,0.04899331882617941
SBICARD,3,2025-01-20 14:45:00+05:30,10.0,0.2946978766705694,3.449999999999932,0.3744782391145751,0.2965247317393369,0.0779535073752382
SBICARD,3,2025-01-21 14:45:00+05:30,9.0,0.2946978766705694,5.350000000000023,0.40350083874673104,0.3259223109588111,0.07757852778791996
SBICARD,3,2025-01-22 14:45:00+05:30,8.0,0.2946978766705694,6.7000000000000455,0.3708076971708738,0.3183742985195886,0.05243339865128521
SBICARD,3,2025-01-23 14:45:00+05:30,7.0,0.2946978766705694,7.600000000000023,0.4054225551473821,0.32214835195094454,0.08327420319643758
SBICARD,3,2025-01-24 14:45:00+05:30,6.0,0.2946978766705694,7.0,0.4824615014923296,0.36311461250361743,0.11934688898871215
SBICARD,3,2025-01-27 14:45:00+05:30,3.0,0.2946978766705694,12.300000000000068,0.7305042924546967,0.3826166557923548,0.3478876366623419
SBICARD,3,2025-01-28 14:45:00+05:30,2.0,0.2946978766705694,3.75,0.7939499512452199,0.3682413129504992,0.4257086382947207
SBICARD,3,2025-01-29 14:45:00+05:30,1.0,0.2946978766705694,4.899999999999977,0.46179914901741737,0.30813079933977844,0.15366834967763893
SBICARD,3,2025-01-30 14:45:00+05:30,0.0,0.2946978766705694,4.349999999999909,0.3811127599508263,0.32346613574638905,0.057646624204437225
SBICARD,4,2025-02-11 14:45:00+05:30,16.0,0.1767941914225961,4.899999999999977,0.26118979006254917,0.30685204780867253,-0.04566225774612337
SBICARD,4,2025-02-12 14:45:00+05:30,15.0,0.1767941914225961,5.75,0.2828969249136678,0.35272184151241087,-0.06982491659874307
SBICARD,4,2025-02-13 14:45:00+05:30,14.0,0.1767941914225961,6.100000000000023,0.2920965326532483,0.2586745031605494,0.0334220294926989
SBICARD,4,2025-02-14 14:45:00+05:30,13.0,0.1767941914225961,6.2999999999999545,0.26975757333850414,0.27195463463797676,-0.0021970612994726135
SBICARD,4,2025-02-17 14:45:00+05:30,10.0,0.1767941914225961,6.350000000000023,0.29185434656751175,0.2740917673467671,0.017762579220744645
SBICARD,4,2025-02-19 14:45:00+05:30,8.0,0.1767941914225961,5.7999999999999545,0.28215546737213,0.26321723270867003,0.018938234663459952
SBICARD,4,2025-02-20 14:45:00+05:30,7.0,0.1767941914225961,5.349999999999909,0.25962662401445624,0.2941030353115449,-0.03447641129708867
SBICARD,4,2025-02-21 14:45:00+05:30,6.0,0.1767941914225961,4.0,0.22568108829868075,0.2758840128876364,-0.05020292458895567
SBICARD,4,2025-02-24 14:45:00+05:30,3.0,0.1767941914225961,-0.25,0.26158706572904206,0.2647879549743786,-0.003200889245336569
SBICARD,4,2025-02-25 14:45:00+05:30,2.0,0.1767941914225961,-3.699999999999932,0.20692460257613915,0.2608851925637359,-0.05396058998759673
SBICARD,4,2025-02-27 14:45:00+05:30,0.0,0.1767941914225961,-4.149999999999977,0.22508173104070145,0.26049261800803547,-0.03541088696733402
SBICARD,5,2025-03-04 14:45:00+05:30,23.0,0.10055861186007094,0.6499999999999773,0.27467415586261534,0.2663303480356079,0.008343807827007443
SBICARD,5,2025-03-05 14:45:00+05:30,22.0,0.10055861186007094,0.6000000000000227,0.2553627626767254,0.2566098499740495,-0.0012470872973240898
SBICARD,5,2025-03-06 14:45:00+05:30,21.0,0.10055861186007094,-0.14999999999997726,0.2632013658757516,0.24544830181276228,0.01775306406298932
SBICARD,5,2025-03-07 14:45:00+05:30,20.0,0.10055861186007094,-1.6999999999999318,0.24730098204235934,0.24544830181276228,0.001852680229597059
SBICARD,5,2025-03-10 14:45:00+05:30,17.0,0.10055861186007094,0.5499999999999545,0.25308996677421164,0.26376960291132556,-0.010679636137113924
SBICARD,5,2025-03-11 14:45:00+05:30,16.0,0.10055861186007094,0.39999999999997726,0.24594686515810316,0.20892086812472746,0.037025997033375696
SBICARD,5,2025-03-12 14:45:00+05:30,15.0,0.10055861186007094,2.4500000000000455,0.2283350017738266,0.21060640211504011,0.01772859965878648
SBICARD,5,2025-03-13 14:45:00+05:30,14.0,0.10055861186007094,0.5499999999999545,0.22677267411647523,0.23866020565435883,-0.011887531537883606
SBICARD,5,2025-03-17 14:45:00+05:30,10.0,0.10055861186007094,0.75,0.2595981880465506,0.25041750504397936,0.009180683002571244
SBICARD,5,2025-03-18 14:45:00+05:30,9.0,0.10055861186007094,-0.900000000000091,0.2502373496911441,0.258921052947578,-0.008683703256433917
SBICARD,5,2025-03-19 14:45:00+05:30,8.0,0.10055861186007094,0.5499999999999545,0.24473173380730695,0.24020853774641887,0.0045231960608880795
SBICARD,5,2025-03-20 14:45:00+05:30,7.0,0.10055861186007094,-1.3500000000000227,0.23390535098453638,0.20047094278865077,0.03343440819588561
SBICARD,5,2025-03-21 14:45:00+05:30,6.0,0.10055861186007094,-2.0,0.2508990714871875,0.2580517320033602,-0.007152660516172693
SBICARD,5,2025-03-24 14:45:00+05:30,3.0,0.10055861186007094,-2.3500000000000227,0.3327671255179509,0.26356929443785965,0.06919783108009125
SBICARD,5,2025-03-25 14:45:00+05:30,2.0,0.10055861186007094,-4.7000000000000455,0.3269561181732902,0.2744757492295495,0.052480368943740696
SBICARD,5,2025-03-26 14:45:00+05:30,1.0,0.10055861186007094,-5.0,0.35567368361927587,0.27360765389612435,0.08206602972315152
SBICARD,5,2025-03-27 14:45:00+05:30,0.0,0.10055861186007094,-7.099999999999909,0.3021033669582279,0.27259248860377894,0.02951087835444899
SBICARD,6,2025-03-28 14:45:00+05:30,27.0,0.06383206031931307,-1.8000000000000682,0.25451833981978744,0.24788694459764338,0.006631395222144065
SBICARD,6,2025-04-01 14:45:00+05:30,23.0,0.06383206031931307,-1.6000000000000227,0.2552511083815532,0.24631015106369905,0.008940957317854131
SBICARD,6,2025-04-02 14:45:00+05:30,22.0,0.06383206031931307,-3.0,0.24949996005530573,0.25087166408957395,-0.0013717040342682285
SBICARD,6,2025-04-03 14:45:00+05:30,21.0,0.06383206031931307,-2.5,0.252537695313461,0.24669479119010296,0.005842904123358028
SBICARD,6,2025-04-04 14:45:00+05:30,20.0,0.06383206031931307,-1.0499999999999545,0.25545750743551,0.2548256202822001,0.0006318871533098624
SBICARD,6,2025-04-07 14:45:00+05:30,17.0,0.06383206031931307,1.3500000000000227,0.39054264826683016,0.3125829140102997,0.07795973425653047
SBICARD,6,2025-04-08 14:45:00+05:30,16.0,0.06383206031931307,-1.5499999999999545,0.3254810772191764,0.31341939679642283,0.012061680422753573
SBICARD,6,2025-04-09 14:45:00+05:30,15.0,0.06383206031931307,-3.3999999999999773,0.3375179106859949,0.3690202616480904,-0.03150235096209547
SBICARD,6,2025-04-11 14:45:00+05:30,13.0,0.06383206031931307,-2.2000000000000455,0.3002658808578742,0.30961958230306774,-0.00935370144519354
SBICARD,6,2025-04-15 14:45:00+05:30,9.0,0.06383206031931307,-3.7999999999999545,0.26788934791479707,0.284043760379183,-0.016154412464385925
SBICARD,6,2025-04-16 14:45:00+05:30,8.0,0.06383206031931307,-3.949999999999932,0.25012312996573716,0.2723760492075275,-0.022252919241790348
SBICARD,6,2025-04-17 14:45:00+05:30,7.0,0.06383206031931307,-4.899999999999977,0.24380122155166567,0.2894212538137599,-0.04562003226209421
SBICARD,6,2025-04-21 14:45:00+05:30,3.0,0.06383206031931307,-3.5,0.2559246262645355,0.295857008831163,-0.03993238256662751
SBICARD,6,2025-04-22 14:45:00+05:30,2.0,0.06383206031931307,-4.899999999999977,0.3368759008305269,0.30931485957903865,0.027561041251488227
SBICARD,6,2025-04-23 14:45:00+05:30,1.0,0.06383206031931307,-4.699999999999932,0.3320333661813168,0.31346349643851695,0.018569869742799838
SBICARD,6,2025-04-24 14:45:00+05:30,0.0,0.06383206031931307,-5.899999999999977,0.2828015592168236,0.2991954294062512,-0.016393870189427617
SBICARD,7,2025-04-25 14:45:00+05:30,34.0,0.07140216316084659,0.8500000000000227,0.27101370595259655,0.29419639977568146,-0.02318269382308491
SBICARD,7,2025-04-28 14:45:00+05:30,31.0,0.07140216316084659,3.599999999999909,0.26687878263915144,0.2693053176304049,-0.0024265349912534484
SBICARD,7,2025-04-29 14:45:00+05:30,30.0,0.07140216316084659,-1.6499999999999773,0.2562028049069017,0.2607106865002529,-0.004507881593351193
SBICARD,7,2025-04-30 14:45:00+05:30,29.0,0.07140216316084659,-1.75,0.2680873183345105,0.2804145305844089,-0.012327212249898412
SBICARD,7,2025-05-02 14:45:00+05:30,27.0,0.07140216316084659,-2.6000000000000227,0.25897056718549993,0.25042109079609026,0.008549476389409671
SBICARD,7,2025-05-05 14:45:00+05:30,24.0,0.07140216316084659,-4.100000000000023,0.25523032075165186,0.24344566972554718,0.011784651026104681
SBICARD,7,2025-05-06 14:45:00+05:30,23.0,0.07140216316084659,-3.8999999999999773,0.2510220542483149,0.22734150662725366,0.023680547621061254
SBICARD,7,2025-05-07 14:45:00+05:30,22.0,0.07140216316084659,-2.25,0.25393739664800097,0.23886529953999833,0.015072097108002641
SBICARD,7,2025-05-08 14:45:00+05:30,21.0,0.07140216316084659,-2.1000000000000227,0.27020312768155597,0.24308439586861474,0.02711873181294122
SBICARD,7,2025-05-09 14:45:00+05:30,20.0,0.07140216316084659,-4.7999999999999545,0.2902095993993402,0.31506325298711196,-0.02485365358777175
SBICARD,7,2025-05-12 14:45:00+05:30,17.0,0.07140216316084659,-3.75,0.2454293836560076,0.25405744536955754,-0.008628061713549934
SBICARD,7,2025-05-13 14:45:00+05:30,16.0,0.07140216316084659,-3.900000000000091,0.25360371008203003,0.24406976858826446,0.009533941493765574
SBICARD,7,2025-05-14 14:45:00+05:30,15.0,0.07140216316084659,-4.949999999999932,0.25026614871118086,0.2622754449575323,-0.012009296246351442
SBICARD,7,2025-05-15 14:45:00+05:30,14.0,0.07140216316084659,-4.300000000000068,0.22830879066033138,0.2432984390966019,-0.014989648436270514
SBICARD,7,2025-05-16 14:45:00+05:30,13.0,0.07140216316084659,-3.3999999999999773,0.21830003645175983,0.247585869709131,-0.029285833257371163
SBICARD,7,2025-05-19 14:45:00+05:30,10.0,0.07140216316084659,-3.3999999999999773,0.23953517908997163,0.2507716172383557,-0.011236438148384098
SBICARD,7,2025-05-20 14:45:00+05:30,9.0,0.07140216316084659,-4.050000000000068,0.25129465153421404,0.26560170835309793,-0.01430705681888389
SBICARD,7,2025-05-21 14:45:00+05:30,8.0,0.07140216316084659,-2.25,0.24044394422153165,0.2524726389494212,-0.012028694727889533
SBICARD,7,2025-05-22 14:45:00+05:30,7.0,0.07140216316084659,-4.7000000000000455,0.22664905194785515,0.25842626798078383,-0.031777216032928685
SBICARD,7,2025-05-23 14:45:00+05:30,6.0,0.07140216316084659,-4.649999999999977,0.20555503732367164,0.2520712858527943,-0.04651624852912267
SBICARD,7,2025-05-26 14:45:00+05:30,3.0,0.07140216316084659,-3.3999999999999773,0.26362813371333815,0.2536728202198857,0.009955313493452467
SBICARD,7,2025-05-27 14:45:00+05:30,2.0,0.07140216316084659,-3.6499999999999773,0.26954942547129584,0.2472783327146596,0.022271092756636246
SBICARD,7,2025-05-28 14:45:00+05:30,1.0,0.07140216316084659,-3.7999999999999545,0.21126140109624514,0.2536334179712588,-0.042372016875013685
SBICARD,7,2025-05-29 14:45:00+05:30,0.0,0.07140216316084659,-4.850000000000023,0.24432733547984783,0.23665339354055337,0.007673941939294465
SBICARD,8,2025-06-04 14:45:00+05:30,22.0,0.13560791979634423,-5.149999999999977,0.2463513498758176,0.22151246492952212,0.024838884946295492
SBICARD,8,2025-06-05 14:45:00+05:30,21.0,0.13560791979634423,-2.0,0.2335754034275878,0.2422908274780021,-0.008715424050414283
SBICARD,8,2025-06-06 14:45:00+05:30,20.0,0.13560791979634423,-5.100000000000023,0.2236747134063069,0.2233731779240921,0.0003015354822148153
SBICARD,8,2025-06-09 14:45:00+05:30,17.0,0.13560791979634423,-3.0,0.23647237797786724,0.21114172926671587,0.02533064871115137
SBICARD,8,2025-06-10 14:45:00+05:30,16.0,0.13560791979634423,-3.8500000000000227,0.21885203880541101,0.22611995273871716,-0.0072679139333061415
SBICARD,8,2025-06-11 14:45:00+05:30,15.0,0.13560791979634423,-3.199999999999932,0.21512092109256536,0.22153346521654008,-0.006412544123974712
SBICARD,8,2025-06-12 14:45:00+05:30,14.0,0.13560791979634423,-3.2999999999999545,0.23017841334500005,0.2290849407614749,0.0010934725835251569
SBICARD,8,2025-06-13 14:45:00+05:30,13.0,0.13560791979634423,-0.8500000000000227,0.23787060922764938,0.23594345124505167,0.0019271579825977103
SBICARD,8,2025-06-16 14:45:00+05:30,10.0,0.13560791979634423,-1.5,0.23736501006757343,0.2261627783027721,0.01120223176480134
SBICARD,8,2025-06-17 14:45:00+05:30,9.0,0.13560791979634423,0.1999999999999318,0.2274733563914073,0.24160380571333662,-0.014130449321929306
SBICARD,8,2025-06-18 14:45:00+05:30,8.0,0.13560791979634423,-1.5,0.2174783989426467,0.2307429384413554,-0.013264539498708705
SBICARD,8,2025-06-19 14:45:00+05:30,7.0,0.13560791979634423,2.800000000000068,0.23597705796246593,0.23275586834519696,0.0032211896172689714
SBICARD,8,2025-06-20 14:45:00+05:30,6.0,0.13560791979634423,-0.35000000000002274,0.20733328776436666,0.2333087137352371,-0.025975425970870436
SBICARD,8,2025-06-23 14:45:00+05:30,3.0,0.13560791979634423,-1.8000000000000682,0.25752475407304104,0.2364777068617772,0.021047047211263853
SBICARD,8,2025-06-24 14:45:00+05:30,2.0,0.13560791979634423,-2.3999999999999773,0.23262558449456044,0.24453922936290912,-0.011913644868348672
SBICARD,8,2025-06-25 14:45:00+05:30,1.0,0.13560791979634423,-3.0499999999999545,0.2638149237281515,0.24390296047644666,0.019911963251704856
SBICARD,8,2025-06-26 14:45:00+05:30,0.0,0.13560791979634423,7.25,0.26634693523681785,0.25386420161228496,0.012482733624532893
SBICARD,9,2025-06-27 14:45:00+05:30,34.0,0.14964677685868943,3.3999999999999773,0.2598171196113612,0.24517886106167094,0.01463825854969028
SBICARD,9,2025-06-30 14:45:00+05:30,31.0,0.14964677685868943,3.5,0.2725687490847204,0.21684615645769986,0.055722592627020534
SBICARD,9,2025-07-01 14:45:00+05:30,30.0,0.14964677685868943,1.7999999999999545,0.26998057645776585,0.260467129058433,0.009513447399332853
SBICARD,9,2025-07-02 14:45:00+05:30,29.0,0.14964677685868943,1.75,0.28056902435492664,0.2635720701102232,0.016996954244703433
SBICARD,9,2025-07-03 14:45:00+05:30,28.0,0.14964677685868943,1.25,0.28317611259760833,0.26683416694001205,0.01634194565759628
SBICARD,9,2025-07-04 14:45:00+05:30,27.0,0.14964677685868943,1.4499999999999318,0.2755482785362807,0.2620718392274185,0.01347643930886222
SBICARD,9,2025-07-07 14:45:00+05:30,24.0,0.14964677685868943,1.0499999999999545,0.26647444759305233,0.2681861383125664,-0.0017116907195140474
SBICARD,9,2025-07-08 14:45:00+05:30,23.0,0.14964677685868943,2.25,0.2662428676869657,0.2586920965015887,0.007550771185377003
SBICARD,9,2025-07-09 14:45:00+05:30,22.0,0.14964677685868943,2.5,0.2694194138496559,0.25775302463782124,0.01166638921183466
SBICARD,9,2025-07-10 14:45:00+05:30,21.0,0.14964677685868943,1.3999999999999773,0.2680243052038417,0.2755204621206188,-0.00749615691677713
SBICARD,9,2025-07-11 14:45:00+05:30,20.0,0.14964677685868943,1.5499999999999545,0.27807832255762355,0.22798726194829916,0.05009106060932439
SBICARD,9,2025-07-14 14:45:00+05:30,17.0,0.14964677685868943,5.75,0.3119990001975219,0.28520738214633884,0.026791618051183075
SBICARD,9,2025-07-15 14:45:00+05:30,16.0,0.14964677685868943,4.050000000000068,0.312677162628923,0.2840607181453831,0.028616444483539893
SBICARD,9,2025-07-16 14:45:00+05:30,15.0,0.14964677685868943,4.5499999999999545,0.3111475462270581,0.27416849018662326,0.03697905604043483
SBICARD,9,2025-07-17 14:45:00+05:30,14.0,0.14964677685868943,4.949999999999932,0.3062929528955444,0.27360983188948634,0.03268312100605808
SBICARD,9,2025-07-18 14:45:00+05:30,13.0,0.14964677685868943,5.5499999999999545,0.29856010766389524,0.27139590016528814,0.027164207498607096
SBICARD,9,2025-07-21 14:45:00+05:30,10.0,0.14964677685868943,4.649999999999977,0.30346800105485,0.2515813735290503,0.0518866275257997
SBICARD,9,2025-07-22 14:45:00+05:30,9.0,0.14964677685868943,5.649999999999977,0.3235252263229438,0.25893099614323756,0.06459423017970622
SBICARD,9,2025-07-23 14:45:00+05:30,8.0,0.14964677685868943,2.900000000000091,0.33335463951727806,0.26241985313025984,0.07093478638701822
SBICARD,9,2025-07-24 14:45:00+05:30,7.0,0.14964677685868943,4.5,0.34347010915531406,0.2542275973178085,0.08924251183750559
SBICARD,9,2025-07-25 14:45:00+05:30,6.0,0.14964677685868943,4.150000000000091,0.3709125615917406,0.2729669208203722,0.09794564077136836
SBICARD,9,2025-07-28 14:45:00+05:30,3.0,0.14964677685868943,5.149999999999977,0.2584685259613172,0.25870500494840043,-0.0002364789870832329
SBICARD,9,2025-07-29 14:45:00+05:30,2.0,0.14964677685868943,5.5,0.2665368424706567,0.253204619799013,0.01333222267164369
SBICARD,9,2025-07-30 14:45:00+05:30,1.0,0.14964677685868943,1.2000000000000455,0.23934975148013152,0.24373029626859455,-0.004380544788463031
SBICARD,9,2025-07-31 14:45:00+05:30,0.0,0.14964677685868943,-0.8500000000000227,0.2882827593269573,0.23225394035420388,0.056028818972753414
SBICARD,10,2025-08-01 14:45:00+05:30,27.0,0.2674814560534194,-1.1000000000000227,0.23105404439689536,0.21477791815909247,0.01627612623780289
SBICARD,10,2025-08-04 14:45:00+05:30,24.0,0.2674814560534194,-1.1499999999999773,0.2512982846387193,0.21936505371916523,0.03193323091955405
SBICARD,10,2025-08-05 14:45:00+05:30,23.0,0.2674814560534194,-0.40000000000009095,0.24471583823925847,0.2357378464894264,0.008977991749832076
SBICARD,10,2025-08-06 14:45:00+05:30,22.0,0.2674814560534194,-0.75,0.23165876042463956,0.23865022399295507,-0.006991463568315509
SBICARD,10,2025-08-07 14:45:00+05:30,21.0,0.2674814560534194,-0.14999999999997726,0.23279982210980704,0.22102339629626644,0.011776425813540603
SBICARD,10,2025-08-08 14:45:00+05:30,20.0,0.2674814560534194,-0.15000000000009095,0.22780039517158773,0.2344069998511175,-0.006606604679529754
SBICARD,10,2025-08-11 14:45:00+05:30,17.0,0.2674814560534194,0.20000000000004547,0.22321728459332818,0.24288230614943174,-0.019665021556103557
SBICARD,10,2025-08-12 14:45:00+05:30,16.0,0.2674814560534194,-0.14999999999997726,0.22895327469123436,0.2232455452237934,0.0057077294674409695
SBICARD,10,2025-08-13 14:45:00+05:30,15.0,0.2674814560534194,0.5,0.21931223917612036,0.2060879446999245,0.013224294476195858
SBICARD,10,2025-08-14 14:45:00+05:30,14.0,0.2674814560534194,0.8999999999999773,0.21542309870969767,0.19715250632455958,0.01827059238513809
SBICARD,10,2025-08-18 14:45:00+05:30,10.0,0.2674814560534194,1.0,0.22949357872518328,0.2118591796307878,0.017634399094395486
SBICARD,10,2025-08-19 14:45:00+05:30,9.0,0.2674814560534194,0.5500000000000682,0.2225709620116478,0.20839274868957813,0.014178213322069672
SBICARD,10,2025-08-20 14:45:00+05:30,8.0,0.2674814560534194,1.8500000000000227,0.22461523496028976,0.21523903523897236,0.009376199721317396
SBICARD,10,2025-08-21 14:45:00+05:30,7.0,0.2674814560534194,1.2999999999999545,0.20166653425861636,0.2223926829559027,-0.02072614869728634
SBICARD,10,2025-08-22 14:45:00+05:30,6.0,0.2674814560534194,5.4500000000000455,0.1774389306972078,0.21783212807856417,-0.04039319738135638
SBICARD,10,2025-08-25 14:45:00+05:30,3.0,0.2674814560534194,3.900000000000091,0.20548514352189434,0.21335231685671335,-0.007867173334819011
SBICARD,10,2025-08-26 14:45:00+05:30,2.0,0.2674814560534194,6.25,0.16308077654915176,0.20584750853229464,-0.042766731983142875
SBICARD,10,2025-08-28 14:45:00+05:30,0.0,0.2674814560534194,18.300000000000068,0.2008202538103013,0.2105217453807571,-0.0097014915704558
SBICARD,11,2025-09-01 14:45:00+05:30,29.0,0.2738618536097499,7.7999999999999545,0.20839899097218278,0.22234596532356737,-0.013946974351384589
SBICARD,11,2025-09-02 14:45:00+05:30,28.0,0.2738618536097499,5.149999999999977,0.2153461623362643,0.21093305047975663,0.004413111856507668
SBICARD,11,2025-09-03 14:45:00+05:30,27.0,0.2738618536097499,6.0,0.2179838078978511,0.20626573487385086,0.011718073024000242
SBICARD,11,2025-09-04 14:45:00+05:30,26.0,0.2738618536097499,5.800000000000068,0.21078678952329893,0.19142762476142833,0.019359164761870606
SBICARD,11,2025-09-05 14:45:00+05:30,25.0,0.2738618536097499,5.25,0.2046166959536735,0.21209270440962993,-0.0074760084559564455
SBICARD,11,2025-09-08 14:45:00+05:30,22.0,0.2738618536097499,5.399999999999977,0.199301171683607,0.20944898757502378,-0.010147815891416778
SBICARD,11,2025-09-09 14:45:00+05:30,21.0,0.2738618536097499,5.0,0.20885750425980465,0.21956854161653744,-0.010711037356732789
SBICARD,11,2025-09-10 14:45:00+05:30,20.0,0.2738618536097499,5.100000000000023,0.21298883890324585,0.22775683719868847,-0.01476799829544262
SBICARD,11,2025-09-11 14:45:00+05:30,19.0,0.2738618536097499,5.899999999999977,0.2207877386660025,0.22983847419738046,-0.009050735531377974
SBICARD,11,2025-09-12 14:45:00+05:30,18.0,0.2738618536097499,7.0,0.2073597973446893,0.21870956479734577,-0.011349767452656478
SBICARD,11,2025-09-15 14:45:00+05:30,15.0,0.2738618536097499,8.5,0.24319126408467895,0.23935688375866382,0.00383438032601513
SBICARD,11,2025-09-16 14:45:00+05:30,14.0,0.2738618536097499,7.9500000000000455,0.22603640895114088,0.23506170912690982,-0.009025300175768941
SBICARD,11,2025-09-17 14:45:00+05:30,13.0,0.2738618536097499,6.899999999999977,0.2137876073855185,0.23052710822664402,-0.01673950084112552
SBICARD,11,2025-09-18 14:45:00+05:30,12.0,0.2738618536097499,8.650000000000091,0.2179646870175163,0.239822642036789,-0.02185795501927268
SBICARD,11,2025-09-19 14:45:00+05:30,11.0,0.2738618536097499,8.850000000000023,0.2234335450390199,0.23921872164499186,-0.01578517660597195
SBICARD,11,2025-09-22 14:45:00+05:30,8.0,0.2738618536097499,10.75,0.22674238840431044,0.24284816369593773,-0.016105775291627294
SBICARD,11,2025-09-23 14:45:00+05:30,7.0,0.2738618536097499,10.950000000000045,0.2245923995296592,0.25967143433785295,-0.03507903480819374
SBICARD,11,2025-09-24 14:45:00+05:30,6.0,0.2738618536097499,10.149999999999977,0.22521338813668507,0.2657540136702179,-0.040540625533532826
SBICARD,11,2025-09-25 14:45:00+05:30,5.0,0.2738618536097499,11.049999999999955,0.2004720344746527,0.26485983747280994,-0.06438780299815725
SBICARD,11,2025-09-26 14:45:00+05:30,4.0,0.2738618536097499,13.25,0.21613764245874711,0.27655121938732985,-0.060413576928582735
SBICARD,11,2025-09-29 14:45:00+05:30,1.0,0.2738618536097499,12.75,0.27683457163740266,0.2671476205738992,0.00968695106350348
SBICARD,11,2025-09-30 14:45:00+05:30,0.0,0.2738618536097499,14.449999999999932,0.11361071649607409,0.2705254727897464,-0.15691475629367235
SBICARD,12,2025-10-01 14:45:00+05:30,27.0,0.38580086980768713,5.800000000000068,0.2590873981004225,0.2479502564116093,0.011137141688813162
SBICARD,12,2025-10-03 14:45:00+05:30,25.0,0.38580086980768713,9.200000000000045,0.2636828613374228,0.25462889549879797,0.009053965838624833
SBICARD,12,2025-10-06 14:45:00+05:30,22.0,0.38580086980768713,10.849999999999909,0.27036104285099644,0.2401419321774859,0.030219110673510546
SBICARD,12,2025-10-07 14:45:00+05:30,21.0,0.38580086980768713,11.0,0.2667072904003057,0.25363209062413694,0.013075199776168778
SBICARD,12,2025-10-08 14:45:00+05:30,20.0,0.38580086980768713,11.049999999999955,0.2726844291258853,0.2529943297335939,0.019690099392291383
SBICARD,12,2025-10-09 14:45:00+05:30,19.0,0.38580086980768713,10.550000000000068,0.2670396553976199,0.24773356664646556,0.01930608875115436
SBICARD,12,2025-10-10 14:45:00+05:30,18.0,0.38580086980768713,12.600000000000023,0.2581942710837872,0.2620090206578024,-0.0038147495740152304
SBICARD,12,2025-10-13 14:45:00+05:30,15.0,0.38580086980768713,14.25,0.27705008632452766,0.2578896287989922,0.019160457525535468
SBICARD,12,2025-10-14 14:45:00+05:30,14.0,0.38580086980768713,15.25,0.2746933653450742,0.25914043822774335,0.015552927117330861
SBICARD,12,2025-10-15 14:45:00+05:30,13.0,0.38580086980768713,15.75,0.26928009412192444,0.27626642792259604,-0.006986333800671596
SBICARD,12,2025-10-16 14:45:00+05:30,12.0,0.38580086980768713,16.75,0.2820853082880016,0.2691392442838091,0.012946064004192515
SBICARD,12,2025-10-17 14:45:00+05:30,11.0,0.38580086980768713,17.800000000000068,0.29111120575399824,0.26439517205273677,0.026716033701261466
SBICARD,12,2025-10-20 14:45:00+05:30,8.0,0.38580086980768713,18.100000000000023,0.31411111869019925,0.2676230598512132,0.046488058838986046
SBICARD,12,2025-10-21 14:30:00+05:30,7.0,0.38580086980768713,18.350000000000023,0.2855006731981523,0.2574626272634043,0.028038045934748013
SBICARD,12,2025-10-23 14:45:00+05:30,5.0,0.38580086980768713,22.600000000000023,0.42173926176872933,0.2870370671333551,0.13470219463537425
SBICARD,12,2025-10-24 14:45:00+05:30,4.0,0.38580086980768713,18.0,0.5082536698776408,0.29942705943889714,0.20882661043874362
SBICARD,12,2025-10-27 14:45:00+05:30,1.0,0.38580086980768713,13.299999999999955,0.33742981038700515,0.23488216150842733,0.10254764887857781
SBICARD,12,2025-10-28 14:45:00+05:30,0.0,0.38580086980768713,11.700000000000045,0.30865137338170984,0.23587971214887332,0.07277166123283652
SBICARD,13,2025-10-29 14:45:00+05:30,27.0,0.2575212985955071,15.899999999999977,0.23117792184709907,0.21731027296391975,0.013867648883179318
SBICARD,13,2025-10-30 14:45:00+05:30,26.0,0.2575212985955071,14.699999999999932,0.23344812127632975,0.23585896680482776,-0.002410845528498018
SBICARD,13,2025-10-31 14:45:00+05:30,25.0,0.2575212985955071,14.0,0.2373443884378882,0.22955865981076518,0.007785728627123012
SBICARD,13,2025-11-03 14:45:00+05:30,22.0,0.2575212985955071,14.399999999999977,0.2348336146566507,0.2245451505408026,0.010288464115848106
SBICARD,13,2025-11-04 14:45:00+05:30,21.0,0.2575212985955071,16.399999999999977,0.23434700837210676,0.21522320922283775,0.01912379914926901
SBICARD,13,2025-11-06 14:45:00+05:30,19.0,0.2575212985955071,12.299999999999955,0.22922848875193055,0.22657763204922104,0.0026508567027095087
SBICARD,13,2025-11-07 14:45:00+05:30,18.0,0.2575212985955071,9.700000000000045,0.22683754932797556,0.23333038293308433,-0.006492833605108772
SBICARD,13,2025-11-10 14:45:00+05:30,15.0,0.2575212985955071,10.100000000000023,0.23216967333549804,0.23385323402749694,-0.0016835606919989032
SBICARD,13,2025-11-11 14:45:00+05:30,14.0,0.2575212985955071,8.0,0.23015676896056744,0.23510257047103428,-0.004945801510466835
SBICARD,13,2025-11-12 14:45:00+05:30,13.0,0.2575212985955071,7.9500000000000455,0.2323499526698304,0.22723671821680902,0.0051132344530213925
SBICARD,13,2025-11-13 14:45:00+05:30,12.0,0.2575212985955071,9.0,0.22845084768702112,0.22900966008203025,-0.0005588123950091284
SBICARD,13,2025-11-14 14:45:00+05:30,11.0,0.2575212985955071,9.549999999999955,0.22394735080941658,0.24754906868041696,-0.023601717871000377
SBICARD,13,2025-11-17 14:45:00+05:30,8.0,0.2575212985955071,8.399999999999977,0.256060598367715,0.2336239688567157,0.022436629510999284
SBICARD,13,2025-11-18 14:45:00+05:30,7.0,0.2575212985955071,8.700000000000045,0.2525782640663107,0.23018675851573583,0.02239150555057484
SBICARD,13,2025-11-19 14:45:00+05:30,6.0,0.2575212985955071,7.9500000000000455,0.22936520000336147,0.2206752821460089,0.00868991785735257
SBICARD,13,2025-11-20 14:45:00+05:30,5.0,0.2575212985955071,8.199999999999932,0.20301806565220826,0.20863279379987465,-0.005614728147666392
SBICARD,13,2025-11-21 14:45:00+05:30,4.0,0.2575212985955071,12.400000000000091,0.19976266376599036,0.2121854860882223,-0.012422822322231936
SBICARD,13,2025-11-24 14:45:00+05:30,1.0,0.2575212985955071,5.4500000000000455,0.3103855403672092,0.23669674349578018,0.07368879687142904
SBICARD,13,2025-11-25 14:45:00+05:30,0.0,0.2575212985955071,-3.699999999999932,0.30312562145289207,0.22422690789932503,0.07889871355356703
SBICARD,14,2025-11-26 14:45:00+05:30,34.0,0.4139412292845398,1.8500000000000227,0.22017652745282543,0.23541803301136702,-0.01524150555854159
SBICARD,14,2025-11-27 14:45:00+05:30,33.0,0.4139412292845398,0.40000000000009095,0.20948434441876515,0.2301867512670523,-0.02070240684828714
SBICARD,14,2025-11-28 14:45:00+05:30,32.0,0.4139412292845398,-1.7000000000000455,0.20969565985216254,0.22856474202327362,-0.01886908217111108
SBICARD,14,2025-12-01 14:45:00+05:30,29.0,0.4139412292845398,-1.5499999999999545,0.2128819529605921,0.23379866186261075,-0.02091670890201866
SBICARD,14,2025-12-02 14:45:00+05:30,28.0,0.4139412292845398,-0.10000000000002274,0.20569596174313443,0.21686436805274376,-0.01116840630960933
SBICARD,14,2025-12-03 14:45:00+05:30,27.0,0.4139412292845398,-0.20000000000004547,0.21474854238675428,0.23735590766814246,-0.02260736528138818
SBICARD,14,2025-12-04 14:45:00+05:30,26.0,0.4139412292845398,2.0,0.21608855947231453,0.22553095882833582,-0.009442399356021286
SBICARD,14,2025-12-05 14:45:00+05:30,25.0,0.4139412292845398,-2.3500000000000227,0.20157295796838057,0.2275149437465238,-0.025941985778143245
SBICARD,14,2025-12-08 14:45:00+05:30,22.0,0.4139412292845398,-2.3999999999999773,0.21145446730344056,0.2311652032727767,-0.019710735969336146
SBICARD,14,2025-12-09 14:45:00+05:30,21.0,0.4139412292845398,-2.7999999999999545,0.20850545646633822,0.22109469484136862,-0.012589238375030398
SBICARD,14,2025-12-10 14:45:00+05:30,20.0,0.4139412292845398,0.5,0.21331543885493925,0.23241362030056328,-0.01909818144562403
SBICARD,14,2025-12-11 14:45:00+05:30,19.0,0.4139412292845398,2.5,0.2090635728182963,0.21817230186714334,-0.009108729048847047
SBICARD,14,2025-12-12 14:45:00+05:30,18.0,0.4139412292845398,2.6000000000000227,0.20373966675164298,0.21581371269894983,-0.01207404594730685
SBICARD,14,2025-12-15 14:45:00+05:30,15.0,0.4139412292845398,1.5499999999999545,0.21033504642660997,0.21791239318614378,-0.0075773467595338095
SBICARD,14,2025-12-16 14:45:00+05:30,14.0,0.4139412292845398,1.0,0.22240708054527272,0.22660939942246333,-0.004202318877190608
SBICARD,14,2025-12-17 14:45:00+05:30,13.0,0.4139412292845398,-0.35000000000002274,0.22110293017147042,0.22681828875184734,-0.005715358580376917
SBICARD,14,2025-12-18 14:45:00+05:30,12.0,0.4139412292845398,-1.25,0.21794071271329035,0.21992380321788746,-0.001983090504597107
SBICARD,14,2025-12-19 14:45:00+05:30,11.0,0.4139412292845398,0.2999999999999545,0.20030189208115684,0.21649894084080154,-0.0161970487596447
SBICARD,14,2025-12-22 14:45:00+05:30,8.0,0.4139412292845398,4.199999999999932,0.2160698286801725,0.22267866950951637,-0.006608840829343876
SBICARD,14,2025-12-23 14:45:00+05:30,7.0,0.4139412292845398,6.550000000000068,0.1958504519573992,0.22406387205445027,-0.02821342009705108
SBICARD,14,2025-12-24 14:45:00+05:30,6.0,0.4139412292845398,11.200000000000045,0.17772527503092117,0.2239720018580661,-0.046246726827144924
SBICARD,14,2025-12-26 14:45:00+05:30,4.0,0.4139412292845398,20.300000000000068,0.17902160187844032,0.23620772407872057,-0.05718612220028024
SBICARD,14,2025-12-29 14:45:00+05:30,1.0,0.4139412292845398,11.0,0.3216346042602727,0.2386244226254644,0.08301018163480828
SBICARD,14,2025-12-30 14:45:00+05:30,0.0,0.4139412292845398,-3.3999999999999773,0.18561347133776104,0.23734395187023274,-0.0517304805324717
SBICARD,15,2025-12-31 14:45:00+05:30,27.0,0.2899838037003702,4.649999999999977,0.24122346170203554,0.24974301405547233,-0.008519552353436793
SBICARD,15,2026-01-01 14:45:00+05:30,26.0,0.2899838037003702,4.150000000000091,0.24196739881784166,0.24566524162251446,-0.0036978428046728073
SBICARD,15,2026-01-02 14:45:00+05:30,25.0,0.2899838037003702,5.25,0.2400771164991785,0.25580427168307224,-0.015727155183893726
SBICARD,15,2026-01-05 14:45:00+05:30,22.0,0.2899838037003702,4.949999999999932,0.26203281477084045,0.2656226094177247,-0.003589794646884248
SBICARD,15,2026-01-06 14:45:00+05:30,21.0,0.2899838037003702,3.5,0.27626398740115393,0.26475684663902677,0.011507140762127166
SBICARD,15,2026-01-07 14:45:00+05:30,20.0,0.2899838037003702,3.050000000000068,0.2846838292180243,0.27093074488180163,0.013753084336222687
SBICARD,15,2026-01-08 14:45:00+05:30,19.0,0.2899838037003702,4.399999999999977,0.28645537915059727,0.2609066455647257,0.025548733585871564
SBICARD,15,2026-01-09 14:45:00+05:30,18.0,0.2899838037003702,6.399999999999977,0.2671206761655799,0.2854040066220473,-0.018283330456467406
SBICARD,15,2026-01-12 14:45:00+05:30,15.0,0.2899838037003702,6.849999999999909,0.28873446002023473,0.2861395129510341,0.002594947069200604
SBICARD,15,2026-01-13 14:45:00+05:30,14.0,0.2899838037003702,10.5,0.2824082832872061,0.29592818364469076,-0.013519900357484682
SBICARD,15,2026-01-14 14:45:00+05:30,13.0,0.2899838037003702,11.049999999999955,0.2867796837952042,0.2611929000415317,0.025586783753672515
SBICARD,15,2026-01-16 14:45:00+05:30,11.0,0.2899838037003702,11.600000000000023,0.2712825645354294,0.2623002891535904,0.008982275381839044
SBICARD,15,2026-01-19 14:45:00+05:30,8.0,0.2899838037003702,11.100000000000023,0.2687985044659279,0.2739818354595934,-0.005183330993665525
SBICARD,15,2026-01-20 14:45:00+05:30,7.0,0.2899838037003702,9.550000000000068,0.2466984933679489,0.2835450521005757,-0.036846558732626766
SBICARD,15,2026-01-21 14:45:00+05:30,6.0,0.2899838037003702,8.350000000000023,0.25899130965003847,0.2983235886909816,-0.03933227904094311
SBICARD,15,2026-01-22 14:45:00+05:30,5.0,0.2899838037003702,2.699999999999932,0.15634164398710176,0.29490435584954877,-0.138562711862447
SBICARD,15,2026-01-23 14:45:00+05:30,4.0,0.2899838037003702,1.7000000000000455,0.1297489642437899,0.29889103762519953,-0.16914207338140963
SBICARD,15,2026-01-27 14:45:00+05:30,0.0,0.2899838037003702,-3.0499999999999545,0.14712000123802155,0.30599727732028564,-0.1588772760822641
SBICARD,16,2026-01-28 14:45:00+05:30,27.0,0.39984773264106105,3.050000000000068,0.3503476504307965,0.2655562343134687,0.08479141611732782
SBICARD,16,2026-01-29 14:45:00+05:30,26.0,0.39984773264106105,9.0,0.290041348404945,0.2664134723214111,0.023627876083533894
SBICARD,16,2026-01-30 14:45:00+05:30,25.0,0.39984773264106105,10.100000000000023,0.3001231814973375,0.25945913513999497,0.040664046357342554
SBICARD,16,2026-02-01 14:45:00+05:30,23.0,0.39984773264106105,9.200000000000045,0.31520015706688675,0.1977636303811955,0.11743652668569127
SBICARD,16,2026-02-02 14:45:00+05:30,22.0,0.39984773264106105,10.25,0.2850284605949531,0.2479870498022378,0.037041410792715335
SBICARD,16,2026-02-03 14:45:00+05:30,21.0,0.39984773264106105,12.899999999999977,0.2780194507755056,0.2130531504646988,0.0649663003108068
SBICARD,16,2026-02-04 14:45:00+05:30,20.0,0.39984773264106105,7.949999999999932,0.2915903400826205,0.24610707938683096,0.04548326069578956
SBICARD,16,2026-02-05 14:45:00+05:30,19.0,0.39984773264106105,9.649999999999977,0.2895995806720494,0.2519322707429601,0.03766730992908929
SBICARD,16,2026-02-06 14:45:00+05:30,18.0,0.39984773264106105,8.0,0.2730425385304952,0.24165205810822452,0.03139048042227069
SBICARD,16,2026-02-09 14:45:00+05:30,15.0,0.39984773264106105,9.5,0.273627998727317,0.24227682073901421,0.03135117798830281
SBICARD,16,2026-02-10 14:45:00+05:30,14.0,0.39984773264106105,11.200000000000045,0.2659560819844319,0.23312235137395448,0.032833730610477396
SBICARD,16,2026-02-11 14:45:00+05:30,13.0,0.39984773264106105,13.900000000000091,0.26578506125176415,0.23195417593137485,0.0338308853203893
SBICARD,16,2026-02-12 14:45:00+05:30,12.0,0.39984773264106105,14.199999999999932,0.2766855731846822,0.2542957085555812,0.022389864629100975
SBICARD,16,2026-02-13 14:45:00+05:30,11.0,0.39984773264106105,12.899999999999977,0.2698901053368887,0.2506900378867679,0.01920006745012076
SBICARD,16,2026-02-16 14:45:00+05:30,8.0,0.39984773264106105,12.0,0.2801680938840202,0.23926086268860208,0.040907231195418114
SBICARD,16,2026-02-17 14:45:00+05:30,7.0,0.39984773264106105,12.149999999999977,0.25480753262397504,0.24185293889578807,0.01295459372818697
SBICARD,16,2026-02-18 14:45:00+05:30,6.0,0.39984773264106105,15.649999999999977,0.23832918636077455,0.24003066080655655,-0.001701474445782003
SBICARD,16,2026-02-19 14:45:00+05:30,5.0,0.39984773264106105,19.600000000000023,0.23302047254740504,0.2399588827484454,-0.006938410201040357
SBICARD,16,2026-02-20 14:45:00+05:30,4.0,0.39984773264106105,23.450000000000045,0.23580875964027131,0.2399687803705575,-0.004160020730286179
SBICARD,16,2026-02-23 14:45:00+05:30,1.0,0.39984773264106105,14.800000000000068,0.3116520429144797,0.2423951961119083,0.06925684680257138
SBICARD,16,2026-02-24 14:45:00+05:30,0.0,0.39984773264106105,26.09999999999991,0.31269848091240626,0.2612692698142062,0.05142921109820009
SBICARD,17,2026-02-25 14:45:00+05:30,33.0,0.8056002170390283,12.600000000000023,0.24139290273740294,0.2600656123889979,-0.018672709651594954
SBICARD,17,2026-02-26 14:45:00+05:30,32.0,0.8056002170390283,12.25,0.24963241118677007,0.2598353502352083,-0.010202939048438248
SBICARD,17,2026-02-27 14:45:00+05:30,31.0,0.8056002170390283,11.350000000000023,0.2501554017621511,0.2421407587485327,0.008014643013618428
SBICARD,17,2026-03-02 14:45:00+05:30,28.0,0.8056002170390283,10.549999999999955,0.2626629810767984,0.2464879118453704,0.01617506923142803
SBICARD,17,2026-03-04 14:45:00+05:30,26.0,0.8056002170390283,10.599999999999909,0.2803321609234624,0.2765571131149905,0.003775047808471932
SBICARD,17,2026-03-05 14:45:00+05:30,25.0,0.8056002170390283,11.650000000000091,0.25743534952064295,0.20703670620008788,0.050398643320555075
SBICARD,17,2026-03-06 14:45:00+05:30,24.0,0.8056002170390283,9.799999999999955,0.27968322665305195,0.24803052791314348,0.031652698739908475
SBICARD,17,2026-03-09 14:45:00+05:30,21.0,0.8056002170390283,12.25,0.32126612158451523,0.29236105423724906,0.028905067347266167
SBICARD,17,2026-03-10 14:45:00+05:30,20.0,0.8056002170390283,13.799999999999955,0.2952505768344716,0.292656710076467,0.0025938667580046038
SBICARD,17,2026-03-11 14:45:00+05:30,19.0,0.8056002170390283,17.350000000000023,0.3206788035677195,0.2997674318092958,0.02091137175842367
SBICARD,17,2026-03-12 14:45:00+05:30,18.0,0.8056002170390283,18.299999999999955,0.31845897905980436,0.29953474937112484,0.018924229688679517
SBICARD,17,2026-03-13 14:45:00+05:30,17.0,0.8056002170390283,19.399999999999977,0.34805250457769565,0.3172663300440181,0.030786174533677546
SBICARD,17,2026-03-16 14:45:00+05:30,14.0,0.8056002170390283,23.0,0.3342803422174551,0.40503803630089635,-0.07075769408344124
SBICARD,17,2026-03-17 14:45:00+05:30,13.0,0.8056002170390283,23.75,0.3034997047391208,0.3292846588082993,-0.025784954069178523
SBICARD,17,2026-03-18 14:45:00+05:30,12.0,0.8056002170390283,26.799999999999955,0.2907855960475364,0.29294735657306564,-0.002161760525529244
SBICARD,17,2026-03-19 14:45:00+05:30,11.0,0.8056002170390283,30.0,0.3701299645840256,0.3303079990599082,0.039821965524117375
SBICARD,17,2026-03-20 14:45:00+05:30,10.0,0.8056002170390283,31.300000000000068,0.3355660666423922,0.3735421853873535,-0.03797611874496132
SBICARD,17,2026-03-23 14:45:00+05:30,7.0,0.8056002170390283,29.960000000000036,0.3820657168669404,0.44795280572719276,-0.06588708886025235
SBICARD,17,2026-03-24 14:45:00+05:30,6.0,0.8056002170390283,34.69999999999993,0.34166489498729335,0.39683566635169054,-0.055170771364397186
SBICARD,17,2026-03-25 14:45:00+05:30,5.0,0.8056002170390283,25.700000000000045,0.3214440636898395,0.3557310704087966,-0.03428700671895707
SBICARD,17,2026-03-27 14:45:00+05:30,3.0,0.8056002170390283,12.049999999999955,0.289348171640177,0.4023937014755779,-0.11304552983540089
SBICARD,17,2026-03-30 14:45:00+05:30,0.0,0.8056002170390283,2.6000000000000227,0.18596733446372182,0.4230068898479652,-0.23703955538424337
SBICARD,18,2026-04-01 14:45:00+05:30,27.0,0.5197359423330216,11.600000000000023,0.4082917181128627,0.3483203951097109,0.05997132300315178
SBICARD,18,2026-04-02 14:45:00+05:30,26.0,0.5197359423330216,12.649999999999977,0.42260372992057804,0.3479523622703318,0.07465136765024621
SBICARD,18,2026-04-06 14:45:00+05:30,22.0,0.5197359423330216,13.0,0.4177073730728881,0.3789072947610268,0.038800078311861275
SBICARD,18,2026-04-07 14:45:00+05:30,21.0,0.5197359423330216,15.700000000000045,0.3997596615085903,0.35747226976198887,0.042287391746601455
SBICARD,18,2026-04-08 14:45:00+05:30,20.0,0.5197359423330216,14.850000000000023,0.34554246031776703,0.3247592455875594,0.02078321473020761
SBICARD,18,2026-04-09 14:45:00+05:30,19.0,0.5197359423330216,17.049999999999955,0.34882669942798167,0.34408353843696227,0.004743160991019402
SBICARD,18,2026-04-10 14:45:00+05:30,18.0,0.5197359423330216,17.049999999999955,0.3461423243505858,0.360165299431516,-0.0140229750809302
SBICARD,18,2026-04-13 14:45:00+05:30,15.0,0.5197359423330216,19.700000000000045,0.36870644858879753,0.36280635787029825,0.005900090718499285
SBICARD,18,2026-04-15 14:45:00+05:30,13.0,0.5197359423330216,21.049999999999955,0.3628725137739156,0.33667585232362757,0.02619666145028804
SBICARD,18,2026-04-16 14:45:00+05:30,12.0,0.5197359423330216,23.0,0.35652756624794685,0.3454191220238001,0.011108444224146752
SBICARD,18,2026-04-17 14:45:00+05:30,11.0,0.5197359423330216,22.25,0.3487114187816056,0.33016040878310016,0.018551009998505452
SBICARD,18,2026-04-20 14:45:00+05:30,8.0,0.5197359423330216,21.299999999999955,0.38310748408591233,0.3467707508945926,0.03633673319131975
SBICARD,18,2026-04-21 14:45:00+05:30,7.0,0.5197359423330216,19.200000000000045,0.3693124031741217,0.3021314613672136,0.06718094180690809
SBICARD,18,2026-04-22 14:45:00+05:30,6.0,0.5197359423330216,18.700000000000045,0.3272275970313253,0.3426528908581847,-0.015425293826859365
SBICARD,18,2026-04-23 14:45:00+05:30,5.0,0.5197359423330216,16.799999999999955,0.3574760123394902,0.36122896099950313,-0.0037529486600129114
SBICARD,18,2026-04-24 14:45:00+05:30,4.0,0.5197359423330216,10.299999999999955,0.4034009045092289,0.3474876021205295,0.055913302388699404
SBICARD,18,2026-04-27 14:45:00+05:30,1.0,0.5197359423330216,4.0,0.7043237853705613,0.3238662616491501,0.3804575237214112
SBICARD,18,2026-04-28 14:45:00+05:30,0.0,0.5197359423330216,-2.3999999999999773,0.7139511902029327,0.3031750633523942,0.41077612685053855
SBICARD,19,2026-04-29 14:45:00+05:30,27.0,0.25873821826446775,4.550000000000068,0.31075749561505583,0.2609541534664283,0.04980334214862753
SBICARD,19,2026-04-30 14:45:00+05:30,26.0,0.25873821826446775,5.9500000000000455,0.3149513695134103,0.2547834510310328,0.060167918482377514
SBICARD,19,2026-05-04 14:45:00+05:30,22.0,0.25873821826446775,5.75,0.3122275781016107,0.2834444782165237,0.028783099885087038
SBICARD,19,2026-05-05 14:45:00+05:30,21.0,0.25873821826446775,5.850000000000023,0.30468749703242304,0.2972830968537251,0.007404400178697923
SBICARD,19,2026-05-06 14:45:00+05:30,20.0,0.25873821826446775,5.2999999999999545,0.29896662797559254,0.2801606839730753,0.018805944002517228
SBICARD,19,2026-05-07 14:45:00+05:30,19.0,0.25873821826446775,6.350000000000023,0.2935050543890484,0.2946316967950273,-0.0011266424059789282
SBICARD,19,2026-05-08 14:45:00+05:30,18.0,0.25873821826446775,4.149999999999977,0.30139622544200906,0.28804709878698687,0.013349126655022192
SBICARD,19,2026-05-11 14:45:00+05:30,15.0,0.25873821826446775,6.0,0.30094845390208674,0.2773679621288911,0.023580491773195655
SBICARD,19,2026-05-12 14:45:00+05:30,14.0,0.25873821826446775,6.199999999999932,0.3025606385057429,0.2773650268546248,0.02519561165111811
SBICARD,19,2026-05-13 14:45:00+05:30,13.0,0.25873821826446775,9.649999999999977,0.3030812336189158,0.29185397238288135,0.011227261236034458
SBICARD,19,2026-05-14 14:45:00+05:30,12.0,0.25873821826446775,6.5499999999999545,0.3051303837550526,0.30009606241855513,0.005034321336497449
SBICARD,19,2026-05-15 14:45:00+05:30,11.0,0.25873821826446775,8.25,0.3103770542857619,0.2756276505368221,0.03474940374893981
SBICARD,19,2026-05-18 14:45:00+05:30,8.0,0.25873821826446775,6.649999999999977,0.2988660016924616,0.2810507738973557,0.01781522779510586
SBICARD,19,2026-05-19 14:45:00+05:30,7.0,0.25873821826446775,7.300000000000068,0.280684414277941,0.30026214379591853,-0.019577729517977538
SBICARD,19,2026-05-20 14:45:00+05:30,6.0,0.25873821826446775,6.100000000000023,0.2842006927224522,0.30145467639554896,-0.017253983673096773
SBICARD,19,2026-05-21 14:45:00+05:30,5.0,0.25873821826446775,6.399999999999977,0.27745769453782015,0.29178962067074127,-0.014331926132921113
SBICARD,19,2026-05-22 14:45:00+05:30,4.0,0.25873821826446775,6.2999999999999545,0.24326057532030754,0.28701719942524107,-0.04375662410493353
SBICARD,19,2026-05-25 14:45:00+05:30,1.0,0.25873821826446775,11.0,0.34292532076577004,0.29565609195877407,0.047269228806995967
SBICARD,19,2026-05-26 14:45:00+05:30,0.0,0.25873821826446775,9.25,0.26076208365328113,0.28188839545938227,-0.02112631180610114
RVNL,1,2025-06-04 14:45:00+05:30,22.0,0.10314990387109378,-3.0500000000000114,0.45153781093070644,0.4630934267260804,-0.011555615795373952
RVNL,1,2025-06-05 14:45:00+05:30,21.0,0.10314990387109378,-1.1499999999999773,0.4461389650139187,0.3906793935145066,0.05545957149941211
RVNL,1,2025-06-06 14:45:00+05:30,20.0,0.10314990387109378,-1.1999999999999886,0.4313509193995271,0.45319763023089,-0.021846710831362914
RVNL,1,2025-06-09 14:45:00+05:30,17.0,0.10314990387109378,-0.5500000000000114,0.44956098386438187,0.4578865072375833,-0.008325523373201416
RVNL,1,2025-06-10 14:45:00+05:30,16.0,0.10314990387109378,-2.4499999999999886,0.4416241405384495,0.40261738274893055,0.03900675778951895
RVNL,1,2025-06-11 14:45:00+05:30,15.0,0.10314990387109378,-1.6999999999999886,0.4213937672070588,0.41060065637158616,0.01079311083547263
RVNL,1,2025-06-12 14:45:00+05:30,14.0,0.10314990387109378,-1.5500000000000114,0.41548846131236633,0.38606360887336993,0.029424852438996396
RVNL,1,2025-06-13 14:45:00+05:30,13.0,0.10314990387109378,-2.099999999999966,0.4012252333451624,0.38832457705051054,0.012900656294651869
RVNL,1,2025-06-16 14:45:00+05:30,10.0,0.10314990387109378,-0.19999999999998863,0.4072643591603162,0.3904137980973773,0.016850561062938918
RVNL,1,2025-06-17 14:45:00+05:30,9.0,0.10314990387109378,-1.1999999999999886,0.4251343768126491,0.3948423612319231,0.030292015580725973
RVNL,1,2025-06-18 14:45:00+05:30,8.0,0.10314990387109378,-0.5500000000000114,0.3724446515732762,0.38591018429322,-0.013465532719943774
RVNL,1,2025-06-19 14:45:00+05:30,7.0,0.10314990387109378,-0.6999999999999886,0.32695773213579116,0.3811172542564029,-0.05415952212061176
RVNL,1,2025-06-20 14:45:00+05:30,6.0,0.10314990387109378,-0.5500000000000114,0.32186162447218436,0.3451471509869823,-0.023285526514797927
RVNL,1,2025-06-23 14:45:00+05:30,3.0,0.10314990387109378,0.25,0.38215641003944134,0.3659715806452357,0.016184829394205624
RVNL,1,2025-06-24 14:45:00+05:30,2.0,0.10314990387109378,0.39999999999997726,0.4033528163483969,0.36616757708846637,0.03718523925993056
RVNL,1,2025-06-25 14:45:00+05:30,1.0,0.10314990387109378,0.6000000000000227,0.3052749500854076,0.341757984272948,-0.0364830341875404
RVNL,1,2025-06-26 14:45:00+05:30,0.0,0.10314990387109378,-2.0,0.32290580244678446,0.35925042725379736,-0.03634462480701289
RVNL,2,2025-06-30 14:45:00+05:30,31.0,0.19871043204361777,-0.5500000000000114,0.3702866600352138,0.3625040033472969,0.0077826566879169445
RVNL,2,2025-07-01 14:45:00+05:30,30.0,0.19871043204361777,0.0,0.3568286401663258,0.3667271318953266,-0.009898491729000758
RVNL,2,2025-07-02 14:45:00+05:30,29.0,0.19871043204361777,0.8000000000000114,0.3677236817551363,0.37583800933268835,-0.008114327577552038
RVNL,2,2025-07-03 14:45:00+05:30,28.0,0.19871043204361777,0.10000000000002274,0.341202631928178,0.3579024522711304,-0.016699820342952365
RVNL,2,2025-07-04 14:45:00+05:30,27.0,0.19871043204361777,-0.05000000000001137,0.3201673287206179,0.3408156006697584,-0.020648271949140484
RVNL,2,2025-07-07 14:45:00+05:30,24.0,0.19871043204361777,0.8000000000000114,0.3458845510192988,0.3693125291914041,-0.02342797817210529
RVNL,2,2025-07-08 14:45:00+05:30,23.0,0.19871043204361777,2.2000000000000455,0.35892595629267043,0.38394712108119583,-0.025021164788525396
RVNL,2,2025-07-09 14:45:00+05:30,22.0,0.19871043204361777,1.5500000000000114,0.34795963914908273,0.3797552036701248,-0.03179556452104204
RVNL,2,2025-07-10 14:45:00+05:30,21.0,0.19871043204361777,-0.05000000000001137,0.35756001141453114,0.3801474029911745,-0.022587391576643356
RVNL,2,2025-07-11 14:45:00+05:30,20.0,0.19871043204361777,-0.19999999999998863,0.35660855144473447,0.37365833026003037,-0.017049778815295902
RVNL,2,2025-07-14 14:45:00+05:30,17.0,0.19871043204361777,2.1999999999999886,0.3659092149162476,0.39476235658664427,-0.028853141670396654
RVNL,2,2025-07-15 14:45:00+05:30,16.0,0.19871043204361777,2.400000000000034,0.39139246613774503,0.4145408695151793,-0.02314840337743429
RVNL,2,2025-07-16 14:45:00+05:30,15.0,0.19871043204361777,2.3000000000000114,0.3581206567999261,0.39562574691772867,-0.037505090117802564
RVNL,2,2025-07-17 14:45:00+05:30,14.0,0.19871043204361777,1.9499999999999886,0.35614822017939934,0.399565249415118,-0.04341702923571866
RVNL,2,2025-07-18 14:45:00+05:30,13.0,0.19871043204361777,2.5,0.3347041156462706,0.38966071989295686,-0.05495660424668625
RVNL,2,2025-07-21 14:45:00+05:30,10.0,0.19871043204361777,1.6000000000000227,0.3354398532033597,0.37628006702595074,-0.040840213822591065
RVNL,2,2025-07-22 14:45:00+05:30,9.0,0.19871043204361777,2.75,0.3278882666610232,0.3641767839293685,-0.036288517268345255
RVNL,2,2025-07-23 14:45:00+05:30,8.0,0.19871043204361777,1.9499999999999886,0.3372914629059204,0.37502504615860455,-0.037733583252684166
RVNL,2,2025-07-24 14:45:00+05:30,7.0,0.19871043204361777,2.9499999999999886,0.327149670485289,0.3784277247380742,-0.0512780542527852
RVNL,2,2025-07-25 14:45:00+05:30,6.0,0.19871043204361777,3.8000000000000114,0.3256274135043177,0.38870789153913543,-0.06308047803481776
RVNL,2,2025-07-28 14:45:00+05:30,3.0,0.19871043204361777,3.75,0.43906966251094426,0.4141564915529003,0.024913170958043962
RVNL,2,2025-07-29 14:45:00+05:30,2.0,0.19871043204361777,2.6999999999999886,0.3811328461516019,0.42151753936578495,-0.04038469321418303
RVNL,2,2025-07-30 14:45:00+05:30,1.0,0.19871043204361777,3.2999999999999545,0.32793287450278563,0.40060959950093467,-0.07267672499814903
RVNL,2,2025-07-31 14:45:00+05:30,0.0,0.19871043204361777,-1.3999999999999773,0.4450752570038337,0.39527352084232026,0.049801736161513455
RVNL,3,2025-08-12 14:45:00+05:30,16.0,0.40327929150224845,0.6499999999999773,0.43978626480165317,0.4266043323969543,0.013181932404698893
RVNL,3,2025-08-13 14:45:00+05:30,15.0,0.40327929150224845,0.8999999999999773,0.3593917905357287,0.38420055840835876,-0.02480876787263009
RVNL,3,2025-08-14 14:45:00+05:30,14.0,0.40327929150224845,2.349999999999966,0.35203591353149044,0.3612526163966132,-0.009216702865122772
RVNL,3,2025-08-18 14:45:00+05:30,10.0,0.40327929150224845,2.0,0.3599925033644058,0.37132466631162603,-0.011332162947220226
RVNL,3,2025-08-19 14:45:00+05:30,9.0,0.40327929150224845,2.150000000000034,0.34933761526759055,0.3657219006912813,-0.016384285423690748
RVNL,3,2025-08-20 14:45:00+05:30,8.0,0.40327929150224845,2.599999999999966,0.34070982701039854,0.38354206552909664,-0.04283223851869811
RVNL,3,2025-08-21 14:45:00+05:30,7.0,0.40327929150224845,5.099999999999966,0.2860434757340301,0.3592115635332472,-0.07316808779921707
RVNL,3,2025-08-22 14:45:00+05:30,6.0,0.40327929150224845,6.399999999999977,0.2561422568979383,0.35052675951687523,-0.09438450261893694
RVNL,3,2025-08-25 14:45:00+05:30,3.0,0.40327929150224845,7.600000000000023,0.27341460851146193,0.3469166349611544,-0.07350202644969245
RVNL,3,2025-08-26 14:45:00+05:30,2.0,0.40327929150224845,7.449999999999989,0.33486509485812943,0.3691283581927875,-0.03426326333465807
RVNL,3,2025-08-28 14:45:00+05:30,0.0,0.40327929150224845,5.849999999999966,0.3329067453712218,0.3603045662663175,-0.027397820895095737
RVNL,4,2025-08-29 14:45:00+05:30,32.0,0.4630748519765891,4.449999999999989,0.35414870851160773,0.42599867270438224,-0.07184996419277451
RVNL,4,2025-09-01 14:45:00+05:30,29.0,0.4630748519765891,4.949999999999989,0.34267880880470414,0.4012805594950308,-0.05860175069032664
RVNL,4,2025-09-02 14:45:00+05:30,28.0,0.4630748519765891,4.850000000000023,0.36605030543984146,0.3880536936871133,-0.022003388247271827
RVNL,4,2025-09-03 14:45:00+05:30,27.0,0.4630748519765891,7.099999999999966,0.362595948319612,0.3992377887940233,-0.03664184047441127
RVNL,4,2025-09-04 14:45:00+05:30,26.0,0.4630748519765891,6.800000000000011,0.35725686019797875,0.3648616893761946,-0.007604829178215866
RVNL,4,2025-09-05 14:45:00+05:30,25.0,0.4630748519765891,6.0,0.3446048239039218,0.3547003771418076,-0.010095553237885802
RVNL,4,2025-09-08 14:45:00+05:30,22.0,0.4630748519765891,5.599999999999966,0.35411697091536165,0.36506492238760924,-0.010947951472247586
RVNL,4,2025-09-09 14:45:00+05:30,21.0,0.4630748519765891,5.800000000000011,0.3606908356353945,0.36900878815607097,-0.008317952520676464
RVNL,4,2025-09-10 14:45:00+05:30,20.0,0.4630748519765891,6.399999999999977,0.3519987989908754,0.36293277487266096,-0.010933975881785574
RVNL,4,2025-09-11 14:45:00+05:30,19.0,0.4630748519765891,6.5,0.3576459086910033,0.36043551973797894,-0.0027896110469756152
RVNL,4,2025-09-12 14:45:00+05:30,18.0,0.4630748519765891,7.399999999999977,0.34774687750331956,0.34852344932040413,-0.0007765718170845703
RVNL,4,2025-09-15 14:45:00+05:30,15.0,0.4630748519765891,6.800000000000011,0.38122242473725987,0.38571290931393765,-0.004490484576677778
RVNL,4,2025-09-16 14:45:00+05:30,14.0,0.4630748519765891,7.25,0.38408973914164457,0.3743812596810806,0.009708479460563968
RVNL,4,2025-09-17 14:45:00+05:30,13.0,0.4630748519765891,7.25,0.38052647969520814,0.3746269838101885,0.0058994958850196455
RVNL,4,2025-09-18 14:45:00+05:30,12.0,0.4630748519765891,7.600000000000023,0.37242245590612927,0.36989417994107254,0.0025282759650567255
RVNL,4,2025-09-19 14:45:00+05:30,11.0,0.4630748519765891,7.899999999999977,0.35705820663537857,0.37311795191954544,-0.01605974528416687
RVNL,4,2025-09-22 14:45:00+05:30,8.0,0.4630748519765891,6.449999999999989,0.3860567681169074,0.3806478947718388,0.005408873345068621
RVNL,4,2025-09-23 14:45:00+05:30,7.0,0.4630748519765891,7.199999999999989,0.37354971520050445,0.3864597778495755,-0.012910062649071075
RVNL,4,2025-09-24 14:45:00+05:30,6.0,0.4630748519765891,7.300000000000011,0.27980375074236197,0.35139839888425684,-0.07159464814189487
RVNL,4,2025-09-25 14:45:00+05:30,5.0,0.4630748519765891,6.850000000000023,0.29262754660598095,0.3624790001228404,-0.06985145351685945
RVNL,4,2025-09-26 14:45:00+05:30,4.0,0.4630748519765891,8.0,0.2681267602269261,0.3374918648679157,-0.0693651046409896
RVNL,4,2025-09-29 14:45:00+05:30,1.0,0.4630748519765891,7.600000000000023,0.274858856597178,0.3383881098169732,-0.06352925321979519
RVNL,4,2025-09-30 14:45:00+05:30,0.0,0.4630748519765891,7.899999999999977,0.3804205871635473,0.34350138678559017,0.03691920037795715
RVNL,5,2025-10-01 14:45:00+05:30,27.0,0.3870721387627878,6.350000000000023,0.3379009052870491,0.32218962047731375,0.015711284809735326
RVNL,5,2025-10-03 14:45:00+05:30,25.0,0.3870721387627878,6.199999999999989,0.3356247691757913,0.33579269799277095,-0.00016792881697963447
RVNL,5,2025-10-06 14:45:00+05:30,22.0,0.3870721387627878,7.0,0.3443733405462115,0.35486921124749815,-0.010495870701286658
RVNL,5,2025-10-07 14:45:00+05:30,21.0,0.3870721387627878,6.0,0.36169295908566435,0.36354011106499684,-0.0018471519793324953
RVNL,5,2025-10-08 14:45:00+05:30,20.0,0.3870721387627878,6.649999999999977,0.3833778546379817,0.36026919438186744,0.023108660256114244
RVNL,5,2025-10-09 14:45:00+05:30,19.0,0.3870721387627878,6.9500000000000455,0.36833345345404,0.35877129993911383,0.009562153514926175
RVNL,5,2025-10-10 14:45:00+05:30,18.0,0.3870721387627878,7.149999999999977,0.36649356044572395,0.29462423648677755,0.07186932395894641
RVNL,5,2025-10-13 14:45:00+05:30,15.0,0.3870721387627878,6.5,0.36310860577779935,0.3508687938117905,0.012239811966008873
RVNL,5,2025-10-14 14:45:00+05:30,14.0,0.3870721387627878,6.050000000000011,0.35916408563674107,0.35310863786251356,0.006055447774227507
RVNL,5,2025-10-15 14:45:00+05:30,13.0,0.3870721387627878,6.900000000000034,0.33397230973122505,0.38190144781568863,-0.047929138084463585
RVNL,5,2025-10-16 14:45:00+05:30,12.0,0.3870721387627878,7.150000000000034,0.3257585100674427,0.3506724786311597,-0.02491396856371697
RVNL,5,2025-10-17 14:45:00+05:30,11.0,0.3870721387627878,7.699999999999989,0.29629580736756345,0.33372896891994036,-0.037433161552376915
RVNL,5,2025-10-20 14:45:00+05:30,8.0,0.3870721387627878,6.5,0.31330873149354715,0.3385784382135547,-0.025269706720007556
RVNL,5,2025-10-21 14:30:00+05:30,7.0,0.3870721387627878,6.5499999999999545,0.3188657268219115,0.3456026072435121,-0.026736880421600606
RVNL,5,2025-10-23 14:45:00+05:30,5.0,0.3870721387627878,6.900000000000034,0.30229895363112164,0.3575748743963212,-0.05527592076519955
RVNL,5,2025-10-24 14:45:00+05:30,4.0,0.3870721387627878,7.199999999999989,0.31605696839702146,0.3472533550725695,-0.031196386675548027
RVNL,5,2025-10-27 14:45:00+05:30,1.0,0.3870721387627878,6.550000000000011,0.3437475157033948,0.36191574766304513,-0.01816823195965034
RVNL,5,2025-10-28 14:45:00+05:30,0.0,0.3870721387627878,8.050000000000011,0.3723429667066329,0.363449362866817,0.008893603839815911
RVNL,6,2025-10-29 14:45:00+05:30,27.0,0.6329259963278195,4.960000000000036,0.33974852767313823,0.348249978069409,-0.00850145039627076
RVNL,6,2025-10-30 14:45:00+05:30,26.0,0.6329259963278195,4.75,0.3449938584144046,0.31497267492817743,0.030021183486227176
RVNL,6,2025-10-31 14:45:00+05:30,25.0,0.6329259963278195,5.399999999999977,0.36155984154614884,0.28231734467166647,0.07924249687448237
RVNL,6,2025-11-03 14:45:00+05:30,22.0,0.6329259963278195,5.399999999999977,0.3598161160704002,0.32336715290134277,0.036448963169057436
RVNL,6,2025-11-04 14:45:00+05:30,21.0,0.6329259963278195,5.550000000000011,0.3782241054917015,0.32440620763552813,0.05381789785617336
RVNL,6,2025-11-06 14:45:00+05:30,19.0,0.6329259963278195,5.800000000000011,0.39485150013183745,0.3427499273992672,0.05210157273257027
RVNL,6,2025-11-07 14:45:00+05:30,18.0,0.6329259963278195,5.949999999999989,0.37557168586151596,0.3541695512623207,0.021402134599195266
RVNL,6,2025-11-10 14:45:00+05:30,15.0,0.6329259963278195,5.600000000000023,0.41961560704423223,0.3256152168788124,0.09400039016541983
RVNL,6,2025-11-11 14:45:00+05:30,14.0,0.6329259963278195,5.199999999999989,0.4071745962583445,0.35460761523380885,0.052566981024535664
RVNL,6,2025-11-12 14:45:00+05:30,13.0,0.6329259963278195,5.0,0.3252589545200003,0.3333553479083977,-0.008096393388397405
RVNL,6,2025-11-13 14:45:00+05:30,12.0,0.6329259963278195,4.550000000000011,0.33767678087335806,0.33768402036222234,-7.2394888642746125e-06
RVNL,6,2025-11-14 14:45:00+05:30,11.0,0.6329259963278195,5.199999999999989,0.3085327430888964,0.3288774033208088,-0.020344660231912393
RVNL,6,2025-11-17 14:45:00+05:30,8.0,0.6329259963278195,4.449999999999989,0.3433241017152269,0.33013377141020495,0.01319033030502198
RVNL,6,2025-11-18 14:45:00+05:30,7.0,0.6329259963278195,4.75,0.3166466100888836,0.3210944625676585,-0.004447852478774883
RVNL,6,2025-11-19 14:45:00+05:30,6.0,0.6329259963278195,5.110000000000014,0.2878340962475232,0.3231241574050214,-0.035290061157498165
RVNL,6,2025-11-20 14:45:00+05:30,5.0,0.6329259963278195,5.449999999999989,0.2745098615320008,0.30647907935604035,-0.03196921782403955
RVNL,6,2025-11-21 14:45:00+05:30,4.0,0.6329259963278195,7.149999999999977,0.23715810312116825,0.2903681222706515,-0.053210019149483256
RVNL,6,2025-11-24 14:45:00+05:30,1.0,0.6329259963278195,9.199999999999989,0.4164854289012033,0.310500484093192,0.10598494480801135
RVNL,6,2025-11-25 14:45:00+05:30,0.0,0.6329259963278195,17.099999999999966,0.6033991930608436,0.3187889680708411,0.28461022499000244
RVNL,7,2025-11-26 14:45:00+05:30,34.0,0.6252739144859103,6.639999999999986,0.29396216405730413,0.29312053677465455,0.0008416272826495819
RVNL,7,2025-11-27 14:45:00+05:30,33.0,0.6252739144859103,5.699999999999989,0.3048436809804939,0.32587668075402076,-0.02103299977352685
RVNL,7,2025-11-28 14:45:00+05:30,32.0,0.6252739144859103,6.0,0.2876112622578351,0.3073320502650399,-0.01972078800720478
RVNL,7,2025-12-01 14:45:00+05:30,29.0,0.6252739144859103,5.990000000000009,0.2978812148102571,0.2790389055263608,0.018842309283896297
RVNL,7,2025-12-02 14:45:00+05:30,28.0,0.6252739144859103,5.25,0.3020971401981505,0.344678731238484,-0.042581591040333544
RVNL,7,2025-12-03 14:45:00+05:30,27.0,0.6252739144859103,5.399999999999977,0.31076634855879587,0.30151269239661055,0.00925365616218532
RVNL,7,2025-12-04 14:45:00+05:30,26.0,0.6252739144859103,5.339999999999975,0.30851433534243367,0.30877528438521695,-0.00026094904278328723
RVNL,7,2025-12-05 14:45:00+05:30,25.0,0.6252739144859103,4.300000000000011,0.2833822510525933,0.30480956091936173,-0.02142730986676844
RVNL,7,2025-12-08 14:45:00+05:30,22.0,0.6252739144859103,4.199999999999989,0.31885771140898633,0.33524377400936317,-0.01638606260037684
RVNL,7,2025-12-09 14:45:00+05:30,21.0,0.6252739144859103,4.9500000000000455,0.2972141366810964,0.3261677511396355,-0.028953614458539056
RVNL,7,2025-12-10 14:45:00+05:30,20.0,0.6252739144859103,4.949999999999989,0.30940356391326673,0.33721491480748533,-0.0278113508942186
RVNL,7,2025-12-11 14:45:00+05:30,19.0,0.6252739144859103,5.039999999999964,0.28700564451318367,0.323090502481936,-0.036084857968752326
RVNL,7,2025-12-12 14:45:00+05:30,18.0,0.6252739144859103,5.900000000000034,0.25880659969846,0.308982811554376,-0.05017621185591603
RVNL,7,2025-12-15 14:45:00+05:30,15.0,0.6252739144859103,5.350000000000023,0.26958523539472223,0.3076184159594984,-0.03803318056477617
RVNL,7,2025-12-16 14:45:00+05:30,14.0,0.6252739144859103,5.189999999999998,0.273273467714751,0.31478284424287883,-0.04150937652812786
RVNL,7,2025-12-17 14:45:00+05:30,13.0,0.6252739144859103,5.550000000000011,0.25783842862017525,0.32988119088791623,-0.07204276226774098
RVNL,7,2025-12-18 14:45:00+05:30,12.0,0.6252739144859103,5.400000000000034,0.2746516962050816,0.3085809454054346,-0.03392924920035301
RVNL,7,2025-12-19 14:45:00+05:30,11.0,0.6252739144859103,5.650000000000034,0.23334463377243703,0.29862612823203016,-0.06528149445959314
RVNL,7,2025-12-22 14:45:00+05:30,8.0,0.6252739144859103,5.0499999999999545,0.3010689754660553,0.31871213989459335,-0.017643164428538027
RVNL,7,2025-12-23 14:45:00+05:30,7.0,0.6252739144859103,4.399999999999977,0.28981947375512107,0.33951889110896116,-0.04969941735384009
RVNL,7,2025-12-24 14:45:00+05:30,6.0,0.6252739144859103,7.650000000000034,0.27005393751784523,0.34316658283463986,-0.07311264531679462
RVNL,7,2025-12-26 14:45:00+05:30,4.0,0.6252739144859103,9.949999999999989,0.45956716079704857,0.4072268135852034,0.05234034721184516
RVNL,7,2025-12-29 14:45:00+05:30,1.0,0.6252739144859103,15.300000000000011,0.6096640406425301,0.4600031045902137,0.1496609360523164
RVNL,7,2025-12-30 14:45:00+05:30,0.0,0.6252739144859103,6.2999999999999545,0.6500970722669333,0.46018636024021686,0.1899107120267164
RVNL,8,2025-12-31 14:45:00+05:30,27.0,0.8240485306341842,6.25,0.4405220436312809,0.4508046769667808,-0.010282633335499891
RVNL,8,2026-01-01 14:45:00+05:30,26.0,0.8240485306341842,6.0,0.4393043261438231,0.43272909110896984,0.006575235034853244
RVNL,8,2026-01-02 14:45:00+05:30,25.0,0.8240485306341842,6.399999999999977,0.4328246728372953,0.43029724805947245,0.002527424777822862
RVNL,8,2026-01-05 14:45:00+05:30,22.0,0.8240485306341842,5.449999999999989,0.4354086426188159,0.4270497682145744,0.00835887440424149
RVNL,8,2026-01-06 14:45:00+05:30,21.0,0.8240485306341842,6.350000000000023,0.44122539488899104,0.44778319028366775,-0.006557795394676713
RVNL,8,2026-01-07 14:45:00+05:30,20.0,0.8240485306341842,5.25,0.44603077995527973,0.45091239451225884,-0.004881614556979108
RVNL,8,2026-01-08 14:45:00+05:30,19.0,0.8240485306341842,5.350000000000023,0.4612150225291166,0.520925898264903,-0.05971087573578637
RVNL,8,2026-01-09 14:45:00+05:30,18.0,0.8240485306341842,5.900000000000034,0.44686115593815856,0.4588945771557338,-0.012033421217575224
RVNL,8,2026-01-12 14:45:00+05:30,15.0,0.8240485306341842,6.050000000000011,0.4561480835187085,0.4865860877869259,-0.03043800426821741
RVNL,8,2026-01-13 14:45:00+05:30,14.0,0.8240485306341842,7.699999999999989,0.41129369967834273,0.4736328857685559,-0.06233918609021316
RVNL,8,2026-01-14 14:45:00+05:30,13.0,0.8240485306341842,8.699999999999989,0.4290471415639803,0.4905695328186854,-0.0615223912547051
RVNL,8,2026-01-16 14:45:00+05:30,11.0,0.8240485306341842,8.949999999999989,0.41706938948893113,0.47781602207913726,-0.06074663259020613
RVNL,8,2026-01-19 14:45:00+05:30,8.0,0.8240485306341842,9.5,0.41204875415541153,0.49881125153037714,-0.08676249737496561
RVNL,8,2026-01-20 14:45:00+05:30,7.0,0.8240485306341842,9.25,0.36116030661675663,0.47639919985730916,-0.11523889324055253
RVNL,8,2026-01-21 14:45:00+05:30,6.0,0.8240485306341842,11.349999999999966,0.32361979865004564,0.5074348950685516,-0.1838150964185059
RVNL,8,2026-01-22 14:45:00+05:30,5.0,0.8240485306341842,17.200000000000045,0.34559001888461205,0.5265806417518606,-0.18099062286724854
RVNL,8,2026-01-23 14:45:00+05:30,4.0,0.8240485306341842,19.350000000000023,0.366896720690289,0.5635617179245551,-0.19666499723426611
RVNL,8,2026-01-27 14:45:00+05:30,0.0,0.8240485306341842,10.300000000000011,0.31693249768397347,0.5696518589183335,-0.25271936123436
RVNL,9,2026-01-28 14:45:00+05:30,27.0,1.1822746227780374,8.600000000000023,0.5617350269038455,0.4900361270240721,0.07169889987977335
RVNL,9,2026-01-29 14:45:00+05:30,26.0,1.1822746227780374,11.699999999999989,0.6629330807623318,0.5471125524921696,0.1158205282701622
RVNL,9,2026-01-30 14:45:00+05:30,25.0,1.1822746227780374,12.25,0.6628025079644673,0.5545025416710443,0.10829996629342298
RVNL,9,2026-02-01 14:45:00+05:30,23.0,1.1822746227780374,16.649999999999977,0.6585494338970184,0.4880093919356384,0.17054004196137995
RVNL,9,2026-02-02 14:45:00+05:30,22.0,1.1822746227780374,14.699999999999989,0.5351579612631725,0.54719186562363,-0.012033904360457481
RVNL,9,2026-02-03 14:45:00+05:30,21.0,1.1822746227780374,12.400000000000034,0.5171177100822928,0.5656420907450288,-0.04852438066273601
RVNL,9,2026-02-04 14:45:00+05:30,20.0,1.1822746227780374,11.050000000000011,0.5368779141711294,0.5045573592938842,0.03232055487724517
RVNL,9,2026-02-05 14:45:00+05:30,19.0,1.1822746227780374,11.600000000000023,0.5231917210947546,0.5002346408103878,0.022957080284366826
RVNL,9,2026-02-06 14:45:00+05:30,18.0,1.1822746227780374,12.199999999999989,0.43050047790307444,0.4455016175303061,-0.015001139627231652
RVNL,9,2026-02-09 14:45:00+05:30,15.0,1.1822746227780374,11.899999999999977,0.42939580458936977,0.43764993977894845,-0.008254135189578682
RVNL,9,2026-02-10 14:45:00+05:30,14.0,1.1822746227780374,14.25,0.45886233746523747,0.5060856730085728,-0.0472233355433353
RVNL,9,2026-02-11 14:45:00+05:30,13.0,1.1822746227780374,15.550000000000011,0.41792776869596004,0.5280011783176795,-0.11007340962171941
RVNL,9,2026-02-12 14:45:00+05:30,12.0,1.1822746227780374,13.75,0.44262213995981015,0.4812373897733794,-0.03861524981356923
RVNL,9,2026-02-13 14:45:00+05:30,11.0,1.1822746227780374,7.5,0.47920218179564145,0.48764954285319734,-0.008447361057555891
RVNL,9,2026-02-16 14:45:00+05:30,8.0,1.1822746227780374,9.100000000000023,0.45434798129965875,0.4667178054761751,-0.01236982417651633
RVNL,9,2026-02-17 14:45:00+05:30,7.0,1.1822746227780374,8.650000000000034,0.43994239152745274,0.4823666181690503,-0.04242422664159756
RVNL,9,2026-02-18 14:45:00+05:30,6.0,1.1822746227780374,10.099999999999966,0.3812664118149319,0.4226135651144969,-0.041347153299564954
RVNL,9,2026-02-19 14:45:00+05:30,5.0,1.1822746227780374,17.75,0.35716094089334577,0.44849937187372235,-0.09133843098037658
RVNL,9,2026-02-20 14:45:00+05:30,4.0,1.1822746227780374,25.25,0.34738931127909445,0.43889536573256704,-0.0915060544534726
RVNL,9,2026-02-23 14:45:00+05:30,1.0,1.1822746227780374,32.049999999999955,0.474096630294249,0.4858966509041597,-0.0118000206099107
RVNL,9,2026-02-24 14:45:00+05:30,0.0,1.1822746227780374,32.19999999999999,0.46733706825705357,0.43163320790768867,0.0357038603493649
RVNL,10,2026-02-25 14:45:00+05:30,33.0,1.4653939647131473,6.5,0.4321165533994842,0.4446429236197437,-0.012526370220259542
RVNL,10,2026-02-26 14:45:00+05:30,32.0,1.4653939647131473,7.699999999999989,0.4020773587236567,0.43718618510936896,-0.03510882638571228
RVNL,10,2026-02-27 14:45:00+05:30,31.0,1.4653939647131473,8.75,0.39215833816724405,0.42581975387187915,-0.0336614157046351
RVNL,10,2026-03-02 14:45:00+05:30,28.0,1.4653939647131473,7.900000000000034,0.47262879048297857,0.5057843721674745,-0.03315558168449595
RVNL,10,2026-03-04 14:45:00+05:30,26.0,1.4653939647131473,7.449999999999989,0.5126756886330863,0.48032994711703825,0.03234574151604808
RVNL,10,2026-03-05 14:45:00+05:30,25.0,1.4653939647131473,8.5,0.44050954675651144,0.42030237108936597,0.02020717566714547
RVNL,10,2026-03-06 14:45:00+05:30,24.0,1.4653939647131473,5.75,0.48412343728409857,0.45444461766198385,0.029678819622114716
RVNL,10,2026-03-09 14:45:00+05:30,21.0,1.4653939647131473,5.699999999999989,0.5181178751584204,0.5364772330678081,-0.018359357909387697
RVNL,10,2026-03-10 14:45:00+05:30,20.0,1.4653939647131473,6.800000000000011,0.46832468084864814,0.45044942841994984,0.017875252428698307
RVNL,10,2026-03-11 14:45:00+05:30,19.0,1.4653939647131473,6.850000000000023,0.473310052779118,0.46867266065474245,0.004637392124375528
RVNL,10,2026-03-12 14:45:00+05:30,18.0,1.4653939647131473,7.050000000000011,0.47472917359555933,0.47411330448566097,0.0006158691098983593
RVNL,10,2026-03-13 14:45:00+05:30,17.0,1.4653939647131473,7.599999999999966,0.5304803256313905,0.5456594844242784,-0.015179158792887892
RVNL,10,2026-03-16 14:45:00+05:30,14.0,1.4653939647131473,9.949999999999989,0.5006228733829581,0.4993961658400633,0.0012267075428947782
RVNL,10,2026-03-17 14:45:00+05:30,13.0,1.4653939647131473,10.050000000000011,0.4476472055607754,0.49642473954027344,-0.04877753397949802
RVNL,10,2026-03-18 14:45:00+05:30,12.0,1.4653939647131473,10.850000000000023,0.3828435368478855,0.4453156946028474,-0.0624721577549619
RVNL,10,2026-03-19 14:45:00+05:30,11.0,1.4653939647131473,11.800000000000011,0.42880257335239813,0.4747993884985331,-0.04599681514613496
RVNL,10,2026-03-20 14:45:00+05:30,10.0,1.4653939647131473,11.500000000000028,0.39301805697735337,0.4706257595590355,-0.07760770258168215
RVNL,10,2026-03-23 14:45:00+05:30,7.0,1.4653939647131473,12.0,0.5314516108464039,0.5593685157077732,-0.02791690486136933
RVNL,10,2026-03-24 14:45:00+05:30,6.0,1.4653939647131473,18.69999999999999,0.4587118480518425,0.5273003783063321,-0.06858853025448963
RVNL,10,2026-03-25 14:45:00+05:30,5.0,1.4653939647131473,25.94999999999999,0.4783802116801038,0.5124714564293456,-0.034091244749241745
RVNL,10,2026-03-27 14:45:00+05:30,3.0,1.4653939647131473,27.94999999999999,0.320028380571571,0.5496473469932325,-0.22961896642166146
RVNL,10,2026-03-30 14:45:00+05:30,0.0,1.4653939647131473,9.550000000000011,0.4638970934014446,0.5263165795896829,-0.06241948618823834
RVNL,12,2026-04-29 14:45:00+05:30,27.0,0.5117342979283234,9.220000000000027,0.5088906950326495,0.41943980112010676,0.08945089391254274
RVNL,12,2026-04-30 14:45:00+05:30,26.0,0.5117342979283234,10.300000000000011,0.45695050903669054,0.3985575864668678,0.05839292256982276
RVNL,12,2026-05-04 14:45:00+05:30,22.0,0.5117342979283234,9.599999999999966,0.47308296163359215,0.4401145675802886,0.03296839405330354
RVNL,12,2026-05-05 14:45:00+05:30,21.0,0.5117342979283234,10.300000000000011,0.4518201628049973,0.40843774886679335,0.04338241393820397
RVNL,12,2026-05-06 14:45:00+05:30,20.0,0.5117342979283234,9.800000000000011,0.4339805821646434,0.3997203157116027,0.0342602664530407
RVNL,12,2026-05-07 14:45:00+05:30,19.0,0.5117342979283234,8.399999999999977,0.42525396681441924,0.39911097595874045,0.026142990855678783
RVNL,12,2026-05-08 14:45:00+05:30,18.0,0.5117342979283234,7.800000000000011,0.4188658466659311,0.3845027054590552,0.03436314120687589
RVNL,12,2026-05-11 14:45:00+05:30,15.0,0.5117342979283234,7.0499999999999545,0.4563461390765789,0.4174872023775267,0.038858936699052216
RVNL,12,2026-05-12 14:45:00+05:30,14.0,0.5117342979283234,8.25,0.45965970498459163,0.4395076309387703,0.02015207404582131
RVNL,12,2026-05-13 14:45:00+05:30,13.0,0.5117342979283234,12.050000000000011,0.4692957827391226,0.4568906450914282,0.012405137647694409
RVNL,12,2026-05-14 14:45:00+05:30,12.0,0.5117342979283234,11.449999999999989,0.4406035320436853,0.4601201966364387,-0.01951666459275342
RVNL,12,2026-05-15 14:45:00+05:30,11.0,0.5117342979283234,11.75,0.43839798578065403,0.4417752378698461,-0.0033772520891920954
RVNL,12,2026-05-18 14:45:00+05:30,8.0,0.5117342979283234,10.450000000000045,0.4582194840351289,0.43451725555280957,0.023702228482319343
RVNL,12,2026-05-19 14:45:00+05:30,7.0,0.5117342979283234,10.350000000000023,0.43466780975108754,0.43035771404224255,0.0043100957088449965
RVNL,12,2026-05-20 14:45:00+05:30,6.0,0.5117342979283234,11.050000000000011,0.4495033520667142,0.45148865513614855,-0.001985303069434341
RVNL,12,2026-05-21 14:45:00+05:30,5.0,0.5117342979283234,10.550000000000011,0.4497022766759504,0.46418868108219574,-0.014486404406245323
RVNL,12,2026-05-22 14:45:00+05:30,4.0,0.5117342979283234,8.25,0.44795394877118466,0.4189535025423412,0.029000446228843457
RVNL,12,2026-05-25 14:45:00+05:30,1.0,0.5117342979283234,9.5,0.766902932524206,0.4696363582918814,0.29726657423232467
ASTRAL,2,2024-11-28 14:45:00+05:30,0.0,0.087508816863623,-24.15000000000009,0.3554519514334026,0.2775230154856882,0.07792893594771438
ASTRAL,3,2024-12-24 14:45:00+05:30,37.0,0.1573726027492625,-14.099999999999909,0.24325602027494575,0.23166928300026482,0.01158673727468093
ASTRAL,3,2024-12-26 14:45:00+05:30,35.0,0.1573726027492625,-9.849999999999909,0.2379611403577882,0.23711503481256027,0.000846105545227932
ASTRAL,3,2024-12-27 14:45:00+05:30,34.0,0.1573726027492625,-9.950000000000045,0.23383339858767102,0.25933346122121326,-0.025500062633542236
ASTRAL,3,2024-12-30 14:45:00+05:30,31.0,0.1573726027492625,-10.150000000000091,0.24429082668640334,0.26397764293621345,-0.019686816249810113
ASTRAL,3,2025-01-02 14:45:00+05:30,28.0,0.1573726027492625,-12.450000000000045,0.22279596419241215,0.25114924478932604,-0.028353280596913888
ASTRAL,3,2025-01-03 14:45:00+05:30,27.0,0.1573726027492625,-10.349999999999909,0.24846802519617747,0.2657567468916355,-0.017288721695458004
ASTRAL,3,2025-01-06 14:45:00+05:30,24.0,0.1573726027492625,-5.0,0.2817310970360729,0.2608214324584046,0.020909664577668297
ASTRAL,3,2025-01-07 14:45:00+05:30,23.0,0.1573726027492625,-9.049999999999955,0.2840423977465876,0.24538002917643156,0.038662368570156064
ASTRAL,3,2025-01-08 14:45:00+05:30,22.0,0.1573726027492625,-11.200000000000045,0.2491086155640554,0.280612257113257,-0.0315036415492016
ASTRAL,3,2025-01-09 14:45:00+05:30,21.0,0.1573726027492625,-10.349999999999909,0.2454977580091356,0.2541049500950749,-0.008607192085939297
ASTRAL,3,2025-01-10 14:45:00+05:30,20.0,0.1573726027492625,-8.349999999999909,0.2599772408019304,0.2768878983524762,-0.01691065755054577
ASTRAL,3,2025-01-13 14:45:00+05:30,17.0,0.1573726027492625,-10.0,0.31173926984446143,0.3063715009485737,0.005367768895887748
ASTRAL,3,2025-01-14 14:45:00+05:30,16.0,0.1573726027492625,-8.75,0.27967692276594075,0.30225864941497305,-0.022581726649032297
ASTRAL,3,2025-01-15 14:45:00+05:30,15.0,0.1573726027492625,-9.950000000000045,0.29412316072418393,0.3044583486661939,-0.010335187942009993
ASTRAL,3,2025-01-16 14:45:00+05:30,14.0,0.1573726027492625,-9.75,0.28144239657273173,0.30683342709350947,-0.025391030520777735
ASTRAL,3,2025-01-17 14:45:00+05:30,13.0,0.1573726027492625,-9.400000000000091,0.2731067056695822,0.33145198362328027,-0.058345277953698094
ASTRAL,3,2025-01-20 14:45:00+05:30,10.0,0.1573726027492625,-8.100000000000136,0.3044749635141852,0.33611250050884806,-0.031637536994662874
ASTRAL,3,2025-01-21 14:45:00+05:30,9.0,0.1573726027492625,-9.699999999999818,0.31119642943805975,0.3524817892094494,-0.04128535977138964
ASTRAL,3,2025-01-22 14:45:00+05:30,8.0,0.1573726027492625,-8.75,0.29123380688741396,0.33857160442489326,-0.0473377975374793
ASTRAL,3,2025-01-23 14:45:00+05:30,7.0,0.1573726027492625,-7.850000000000136,0.264036579232851,0.3360421791943824,-0.07200559996153139
ASTRAL,3,2025-01-24 14:45:00+05:30,6.0,0.1573726027492625,-8.150000000000091,0.2728782753338791,0.349234965033823,-0.07635668969994391
ASTRAL,3,2025-01-27 14:45:00+05:30,3.0,0.1573726027492625,-9.25,0.3304324075745664,0.360513089410388,-0.030080681835821632
ASTRAL,3,2025-01-28 14:45:00+05:30,2.0,0.1573726027492625,-10.099999999999909,0.321819551358531,0.3488398269510045,-0.027020275592473497
ASTRAL,3,2025-01-29 14:45:00+05:30,1.0,0.1573726027492625,-8.549999999999955,0.42689026413247966,0.3658557201510152,0.06103454398146446
ASTRAL,3,2025-01-30 14:45:00+05:30,0.0,0.1573726027492625,-9.75,0.3664647452090343,0.34874360591069076,0.01772113929834357
ASTRAL,7,2025-04-29 14:45:00+05:30,30.0,0.0781500062215416,-6.2000000000000455,0.3421005110684111,0.34885369463334687,-0.006753183564935761
ASTRAL,7,2025-04-30 14:45:00+05:30,29.0,0.0781500062215416,-10.0,0.3515997781097905,0.33625343732925733,0.015346340780533152
ASTRAL,7,2025-05-02 14:45:00+05:30,27.0,0.0781500062215416,-9.200000000000045,0.35618156450928273,0.34377952185924376,0.012402042650038969
ASTRAL,7,2025-05-05 14:45:00+05:30,24.0,0.0781500062215416,-7.099999999999909,0.35320750854854943,0.3230412384457194,0.030166270102830017
ASTRAL,7,2025-05-06 14:45:00+05:30,23.0,0.0781500062215416,-7.599999999999909,0.33953453381065213,0.3151498640559827,0.024384669754669408
ASTRAL,7,2025-05-07 14:45:00+05:30,22.0,0.0781500062215416,-7.600000000000136,0.34795944796515343,0.321954544179358,0.026004903785795452
ASTRAL,7,2025-05-08 14:45:00+05:30,21.0,0.0781500062215416,-6.589999999999918,0.3829151468580524,0.3256854695617126,0.057229677296339765
ASTRAL,7,2025-05-09 14:45:00+05:30,20.0,0.0781500062215416,-6.600000000000136,0.37780320681503854,0.3365006192193308,0.04130258759570776
ASTRAL,7,2025-05-12 14:45:00+05:30,17.0,0.0781500062215416,-6.399999999999864,0.349791860369748,0.29664786810226224,0.053143992267485785
ASTRAL,7,2025-05-13 14:45:00+05:30,16.0,0.0781500062215416,-9.700000000000045,0.36093446816638575,0.32431739257985087,0.036617075586534875
ASTRAL,7,2025-05-14 14:45:00+05:30,15.0,0.0781500062215416,-10.5,0.38535171959041015,0.33971411059137374,0.045637608999036405
ASTRAL,7,2025-05-15 14:45:00+05:30,14.0,0.0781500062215416,-6.599999999999909,0.388286881794284,0.321016305001423,0.06727057679286103
ASTRAL,7,2025-05-16 14:45:00+05:30,13.0,0.0781500062215416,-8.5,0.38620851190147754,0.3232729815893554,0.06293553031212212
ASTRAL,7,2025-05-19 14:45:00+05:30,10.0,0.0781500062215416,-8.399999999999864,0.47551009374114794,0.36331481785364567,0.11219527588750228
ASTRAL,7,2025-05-20 14:45:00+05:30,9.0,0.0781500062215416,-8.0,0.47169097243220737,0.3808251803140394,0.09086579211816798
ASTRAL,7,2025-05-21 14:45:00+05:30,8.0,0.0781500062215416,-7.399999999999864,0.4563024742487515,0.3850353483304869,0.07126712591826456
ASTRAL,7,2025-05-22 14:45:00+05:30,7.0,0.0781500062215416,-7.599999999999909,0.34336305532757433,0.36435131117290576,-0.020988255845331427
ASTRAL,7,2025-05-23 14:45:00+05:30,6.0,0.0781500062215416,-8.299999999999955,0.2828631976598309,0.3351513898367656,-0.0522881921769347
ASTRAL,7,2025-05-26 14:45:00+05:30,3.0,0.0781500062215416,-6.400000000000091,0.29967128477879357,0.34059138482481177,-0.040920100046018204
ASTRAL,7,2025-05-27 14:45:00+05:30,2.0,0.0781500062215416,3.099999999999909,0.2868958110511447,0.32554426473788245,-0.03864845368673775
ASTRAL,7,2025-05-28 14:45:00+05:30,1.0,0.0781500062215416,1.2999999999999545,0.3386007474898528,0.29810234521455026,0.04049840227530255
ASTRAL,7,2025-05-29 14:45:00+05:30,0.0,0.0781500062215416,-7.600000000000136,0.25489489741245785,0.2853955409730887,-0.03050064356063087
ASTRAL,8,2025-06-02 14:45:00+05:30,24.0,0.12239609046023504,-7.0,0.2925826448955987,0.29048940955790253,0.0020932353376961754
ASTRAL,8,2025-06-03 14:45:00+05:30,23.0,0.12239609046023504,-8.0,0.2869273511363347,0.2838894355205506,0.0030379156157840925
ASTRAL,8,2025-06-04 14:45:00+05:30,22.0,0.12239609046023504,-7.899999999999864,0.28452445409222826,0.2924863625649564,-0.007961908472728152
ASTRAL,8,2025-06-05 14:45:00+05:30,21.0,0.12239609046023504,-8.0,0.27533431528110364,0.2615449223849925,0.013789392896111141
ASTRAL,8,2025-06-06 14:45:00+05:30,20.0,0.12239609046023504,-9.900000000000091,0.2807502542569962,0.25757117137810087,0.023179082878895307
ASTRAL,8,2025-06-09 14:45:00+05:30,17.0,0.12239609046023504,-9.800000000000182,0.3104725376679651,0.2997432685791571,0.010729269088808002
ASTRAL,8,2025-06-10 14:45:00+05:30,16.0,0.12239609046023504,-9.399999999999864,0.302241471865844,0.30617084032169484,-0.003929368455850846
ASTRAL,8,2025-06-11 14:45:00+05:30,15.0,0.12239609046023504,-9.200000000000045,0.27744924249820535,0.3003507437433171,-0.022901501245111755
ASTRAL,8,2025-06-12 14:45:00+05:30,14.0,0.12239609046023504,-9.799999999999955,0.2653920490918731,0.27440349245619117,-0.009011443364318084
ASTRAL,8,2025-06-13 14:45:00+05:30,13.0,0.12239609046023504,-8.099999999999909,0.27367499523094974,0.27161525468559833,0.0020597405453514073
ASTRAL,8,2025-06-16 14:45:00+05:30,10.0,0.12239609046023504,-9.299999999999955,0.2830511575644884,0.2787212090677147,0.004329948496773706
ASTRAL,8,2025-06-17 14:45:00+05:30,9.0,0.12239609046023504,-6.900000000000091,0.28493180648741073,0.2645488521539865,0.02038295433342424
ASTRAL,8,2025-06-18 14:45:00+05:30,8.0,0.12239609046023504,-5.7999999999999545,0.27040082547580757,0.2586481957833893,0.011752629692418248
ASTRAL,8,2025-06-19 14:45:00+05:30,7.0,0.12239609046023504,-6.599999999999909,0.2723943864736781,0.2554414291254097,0.016952957348268405
ASTRAL,8,2025-06-20 14:45:00+05:30,6.0,0.12239609046023504,-8.399999999999864,0.25906073236213745,0.2440247186286804,0.01503601373345706
ASTRAL,8,2025-06-23 14:45:00+05:30,3.0,0.12239609046023504,-0.8999999999998636,0.3486435680231297,0.27353770204901806,0.07510586597411162
ASTRAL,8,2025-06-24 14:45:00+05:30,2.0,0.12239609046023504,8.100000000000136,0.28591153326656515,0.28416052067047415,0.0017510125960910061
ASTRAL,8,2025-06-25 14:45:00+05:30,1.0,0.12239609046023504,3.2000000000000455,0.24355238509147475,0.27142382298118567,-0.027871437889710915
ASTRAL,8,2025-06-26 14:45:00+05:30,0.0,0.12239609046023504,5.900000000000091,0.2637972399459967,0.2672892957936853,-0.0034920558476886354
ASTRAL,9,2025-06-27 14:45:00+05:30,34.0,0.12582982582605207,-6.5,0.2558961806079395,0.2610476537484017,-0.005151473140462215
ASTRAL,9,2025-06-30 14:45:00+05:30,31.0,0.12582982582605207,-5.900000000000091,0.2672550957203933,0.2633433632078551,0.00391173251253818
ASTRAL,9,2025-07-01 14:45:00+05:30,30.0,0.12582982582605207,-5.7999999999999545,0.2609910148677729,0.27599987549253546,-0.015008860624762588
ASTRAL,9,2025-07-04 14:45:00+05:30,27.0,0.12582982582605207,-2.0,0.25942418416044793,0.2715158710180255,-0.012091686857577555
ASTRAL,9,2025-07-07 14:45:00+05:30,24.0,0.12582982582605207,-3.0,0.2684197405209146,0.25491663072151827,0.01350310979939634
ASTRAL,9,2025-07-08 14:45:00+05:30,23.0,0.12582982582605207,-3.5,0.26960323843851675,0.27249733183717706,-0.0028940933986603135
ASTRAL,9,2025-07-11 14:45:00+05:30,20.0,0.12582982582605207,-3.7999999999999545,0.2593061395466709,0.25860894729238354,0.0006971922542873821
ASTRAL,9,2025-07-14 14:45:00+05:30,17.0,0.12582982582605207,1.5,0.26836508162195394,0.27150017702296825,-0.0031350954010143095
ASTRAL,9,2025-07-15 14:45:00+05:30,16.0,0.12582982582605207,3.7999999999999545,0.272405654007423,0.26121113220056674,0.011194521806856261
ASTRAL,9,2025-07-16 14:45:00+05:30,15.0,0.12582982582605207,2.800000000000182,0.264780533291479,0.24978355528600027,0.014996978005478723
ASTRAL,9,2025-07-17 14:45:00+05:30,14.0,0.12582982582605207,4.5,0.27981505857078826,0.2854222702024042,-0.005607211631615927
ASTRAL,9,2025-07-18 14:45:00+05:30,13.0,0.12582982582605207,4.400000000000091,0.2726609979210973,0.2942038056802982,-0.021542807759200866
ASTRAL,9,2025-07-21 14:45:00+05:30,10.0,0.12582982582605207,2.599999999999909,0.27040502828511426,0.2916002950092906,-0.02119526672417632
ASTRAL,9,2025-07-22 14:45:00+05:30,9.0,0.12582982582605207,4.7999999999999545,0.2678517755841748,0.2652523974614957,0.0025993781226790746
ASTRAL,9,2025-07-23 14:45:00+05:30,8.0,0.12582982582605207,4.100000000000136,0.28641883453303996,0.28128921557325803,0.005129618959781923
ASTRAL,9,2025-07-24 14:45:00+05:30,7.0,0.12582982582605207,5.2999999999999545,0.254460699497137,0.28011271826016815,-0.025652018763031137
ASTRAL,9,2025-07-25 14:45:00+05:30,6.0,0.12582982582605207,6.5,0.24679560044415655,0.2809126870171318,-0.03411708657297524
ASTRAL,9,2025-07-28 14:45:00+05:30,3.0,0.12582982582605207,3.6000000000001364,0.2711032558569812,0.29290471830194353,-0.02180146244496234
ASTRAL,9,2025-07-29 14:45:00+05:30,2.0,0.12582982582605207,4.5,0.31695027911611917,0.2830711023519545,0.03387917676416469
ASTRAL,9,2025-07-30 14:45:00+05:30,1.0,0.12582982582605207,8.5,0.29026837583438225,0.28379925438161824,0.006469121452764015
ASTRAL,9,2025-07-31 14:45:00+05:30,0.0,0.12582982582605207,-7.699999999999818,0.1931800227661117,0.2838268861338762,-0.09064686336776448
ASTRAL,10,2025-08-01 14:45:00+05:30,27.0,0.06807810038920806,-3.599999999999909,0.29705916125330145,0.25459817634775855,0.0424609849055429
ASTRAL,10,2025-08-04 14:45:00+05:30,24.0,0.06807810038920806,-5.0,0.28672790603684295,0.27753164655375007,0.009196259483092883
ASTRAL,10,2025-08-05 14:45:00+05:30,23.0,0.06807810038920806,-3.099999999999909,0.28848407107655993,0.2792086360716697,0.009275435004890253
ASTRAL,10,2025-08-06 14:45:00+05:30,22.0,0.06807810038920806,-1.0,0.28664980490537073,0.2798987006143083,0.006751104291062404
ASTRAL,10,2025-08-07 14:45:00+05:30,21.0,0.06807810038920806,-0.3999999999998636,0.27992963782533375,0.2763756693227072,0.00355396850262657
ASTRAL,10,2025-08-08 14:45:00+05:30,20.0,0.06807810038920806,-1.199999999999818,0.29672723331806805,0.27592993967694046,0.02079729364112759
ASTRAL,10,2025-08-11 14:45:00+05:30,17.0,0.06807810038920806,0.7000000000000455,0.3164141850769808,0.29098462694142857,0.025429558135552255
ASTRAL,10,2025-08-12 14:45:00+05:30,16.0,0.06807810038920806,0.0,0.29572870691359954,0.27387583896976314,0.021852867943836396
ASTRAL,10,2025-08-13 14:45:00+05:30,15.0,0.06807810038920806,0.5,0.26756024050537186,0.26270896453915227,0.0048512759662195926
ASTRAL,10,2025-08-14 14:45:00+05:30,14.0,0.06807810038920806,0.599999999999909,0.2596199928637498,0.25026072756305423,0.009359265300695585
ASTRAL,10,2025-08-18 14:45:00+05:30,10.0,0.06807810038920806,-1.5,0.26010983726829773,0.25387453126470116,0.0062353060035965635
ASTRAL,10,2025-08-19 14:45:00+05:30,9.0,0.06807810038920806,-1.400000000000091,0.25468983414689517,0.26259294124845634,-0.007903107101561169
ASTRAL,10,2025-08-20 14:45:00+05:30,8.0,0.06807810038920806,-3.0,0.2510023550687107,0.25257426526135485,-0.0015719101926441326
ASTRAL,10,2025-08-21 14:45:00+05:30,7.0,0.06807810038920806,-6.7000000000000455,0.24007313302379188,0.2702710412956781,-0.030197908271886204
ASTRAL,10,2025-08-22 14:45:00+05:30,6.0,0.06807810038920806,-5.199999999999818,0.22698781427430242,0.26796645059008184,-0.040978636315779415
ASTRAL,10,2025-08-25 14:45:00+05:30,3.0,0.06807810038920806,-4.7000000000000455,0.22668903577160238,0.2629753216380668,-0.03628628586646443
ASTRAL,10,2025-08-26 14:45:00+05:30,2.0,0.06807810038920806,-6.5,0.2058633342748485,0.24518659507344528,-0.0393232607985968
ASTRAL,10,2025-08-28 14:45:00+05:30,0.0,0.06807810038920806,-6.599999999999909,0.1422720954706102,0.23862241787124822,-0.09635032240063801
ASTRAL,12,2025-10-03 14:45:00+05:30,25.0,0.06258323626083193,-6.2999999999999545,0.2581365022647202,0.26937895116674465,-0.011242448902024471
ASTRAL,12,2025-10-06 14:45:00+05:30,22.0,0.06258323626083193,-7.2000000000000455,0.2675213112328766,0.27091815767666355,-0.0033968464437869605
ASTRAL,12,2025-10-07 14:45:00+05:30,21.0,0.06258323626083193,-5.2999999999999545,0.2645497020394041,0.2620869570319323,0.0024627450074717894
ASTRAL,12,2025-10-08 14:45:00+05:30,20.0,0.06258323626083193,-6.7999999999999545,0.27532201487973795,0.26563792775070133,0.009684087129036623
ASTRAL,12,2025-10-09 14:45:00+05:30,19.0,0.06258323626083193,-6.2000000000000455,0.26451855377675393,0.2573715287048346,0.007147025071919333
ASTRAL,12,2025-10-10 14:45:00+05:30,18.0,0.06258323626083193,-5.5,0.25803262703732766,0.2655118537958781,-0.00747922675855045
ASTRAL,12,2025-10-13 14:45:00+05:30,15.0,0.06258323626083193,-5.7999999999999545,0.2695459477538603,0.2628055350211927,0.006740412732667622
ASTRAL,12,2025-10-14 14:45:00+05:30,14.0,0.06258323626083193,-5.7000000000000455,0.25724134309738056,0.2610162257168838,-0.0037748826195032614
ASTRAL,12,2025-10-15 14:45:00+05:30,13.0,0.06258323626083193,-5.599999999999909,0.24393292799835953,0.25713294632125067,-0.013200018322891138
ASTRAL,12,2025-10-16 14:45:00+05:30,12.0,0.06258323626083193,-5.600000000000136,0.24401453628317687,0.25233251656623124,-0.00831798028305436
ASTRAL,12,2025-10-17 14:45:00+05:30,11.0,0.06258323626083193,-4.099999999999909,0.2283860842020202,0.24243180631475905,-0.014045722112738857
ASTRAL,12,2025-10-20 14:45:00+05:30,8.0,0.06258323626083193,-5.0,0.21128654356122728,0.2459414111376433,-0.03465486757641603
ASTRAL,12,2025-10-21 14:30:00+05:30,7.0,0.06258323626083193,-6.5,0.21270420353372435,0.25098740817529414,-0.038283204641569785
ASTRAL,12,2025-10-23 14:45:00+05:30,5.0,0.06258323626083193,-0.5,0.2134458280345376,0.24814878611698998,-0.034702958082452384
ASTRAL,12,2025-10-24 14:45:00+05:30,4.0,0.06258323626083193,-1.7999999999999545,0.20656734727663284,0.2533732968569934,-0.04680594958036055
ASTRAL,12,2025-10-27 14:45:00+05:30,1.0,0.06258323626083193,-4.2000000000000455,0.30293111380159676,0.25289851411245495,0.05003259968914181
ASTRAL,12,2025-10-28 14:45:00+05:30,0.0,0.06258323626083193,-7.900000000000091,0.171831630151107,0.2736950171443627,-0.10186338699325567
ASTRAL,13,2025-10-29 14:45:00+05:30,27.0,0.24598740906514385,-5.7000000000000455,0.27571924441426443,0.25195245125322374,0.02376679316104069
ASTRAL,13,2025-10-30 14:45:00+05:30,26.0,0.24598740906514385,-6.400000000000091,0.28222611895670024,0.2533051822263139,0.02892093673038637
ASTRAL,13,2025-10-31 14:45:00+05:30,25.0,0.24598740906514385,-5.0,0.2681942398824144,0.26071686614342043,0.0074773737389939865
ASTRAL,13,2025-11-03 14:45:00+05:30,22.0,0.24598740906514385,-6.7000000000000455,0.2854076167484293,0.24707385295077558,0.038333763797653714
ASTRAL,13,2025-11-04 14:45:00+05:30,21.0,0.24598740906514385,-3.0,0.2873010945034886,0.24883080310074693,0.03847029140274169
ASTRAL,13,2025-11-06 14:45:00+05:30,19.0,0.24598740906514385,0.8000000000001819,0.2464210505821664,0.23942970397732555,0.0069913466048408535
ASTRAL,13,2025-11-07 14:45:00+05:30,18.0,0.24598740906514385,-2.2000000000000455,0.22448905784434345,0.23720775874784708,-0.012718700903503632
ASTRAL,13,2025-11-10 14:45:00+05:30,15.0,0.24598740906514385,-4.2999999999999545,0.2423464228220551,0.23070012196363004,0.011646300858425052
ASTRAL,13,2025-11-11 14:45:00+05:30,14.0,0.24598740906514385,-7.099999999999909,0.2431630376443167,0.24213973486398505,0.001023302780331664
ASTRAL,13,2025-11-12 14:45:00+05:30,13.0,0.24598740906514385,-2.199999999999818,0.2532991120858179,0.23154691389730986,0.021752198188508043
ASTRAL,13,2025-11-13 14:45:00+05:30,12.0,0.24598740906514385,-9.900000000000091,0.2665032360780387,0.2334629814966341,0.03304025458140461
ASTRAL,13,2025-11-14 14:45:00+05:30,11.0,0.24598740906514385,-5.399999999999864,0.2538452904966574,0.23454810078604268,0.0192971897106147
ASTRAL,13,2025-11-17 14:45:00+05:30,8.0,0.24598740906514385,-8.5,0.2882727447119584,0.2456194309318379,0.042653313780120494
ASTRAL,13,2025-11-18 14:45:00+05:30,7.0,0.24598740906514385,-7.5,0.2744069355536962,0.24573917318478425,0.02866776236891197
ASTRAL,13,2025-11-19 14:45:00+05:30,6.0,0.24598740906514385,-7.800000000000182,0.248752481775761,0.23806858428370223,0.01068389749205878
ASTRAL,13,2025-11-20 14:45:00+05:30,5.0,0.24598740906514385,-4.899999999999864,0.23317062902322927,0.2347111185523676,-0.0015404895291383225
ASTRAL,13,2025-11-21 14:45:00+05:30,4.0,0.24598740906514385,1.5,0.21453657326685086,0.23045576359333142,-0.015919190326480565
ASTRAL,13,2025-11-24 14:45:00+05:30,1.0,0.24598740906514385,-5.2999999999999545,0.3075940140980273,0.23312150477676555,0.07447250932126173
ASTRAL,13,2025-11-25 14:45:00+05:30,0.0,0.24598740906514385,20.90000000000009,0.2831141717388417,0.2339275555709972,0.04918661616784448
ASTRAL,14,2025-11-26 14:45:00+05:30,34.0,0.1937047694908708,0.599999999999909,0.22473894945653783,0.2244032297969295,0.0003357196596083245
ASTRAL,14,2025-11-27 14:45:00+05:30,33.0,0.1937047694908708,-0.20000000000004547,0.22603578244271558,0.238728556171957,-0.012692773729241436
ASTRAL,14,2025-11-28 14:45:00+05:30,32.0,0.1937047694908708,-2.2000000000000455,0.23154314501973267,0.22800911374045538,0.0035340312792772888
ASTRAL,14,2025-12-01 14:45:00+05:30,29.0,0.1937047694908708,1.0,0.23389513408740054,0.23815583997552292,-0.004260705888122385
ASTRAL,14,2025-12-02 14:45:00+05:30,28.0,0.1937047694908708,1.900000000000091,0.22651203712359191,0.21896650735270404,0.007545529770887877
ASTRAL,14,2025-12-03 14:45:00+05:30,27.0,0.1937047694908708,-2.2000000000000455,0.2208319797983219,0.2152861899343489,0.005545789863973
ASTRAL,14,2025-12-04 14:45:00+05:30,26.0,0.1937047694908708,-0.900000000000091,0.2153433497702522,0.22257022381990435,-0.007226874049652138
ASTRAL,14,2025-12-05 14:45:00+05:30,25.0,0.1937047694908708,-4.400000000000091,0.20939347677952092,0.20742030898598973,0.001973167793531183
ASTRAL,14,2025-12-08 14:45:00+05:30,22.0,0.1937047694908708,-3.699999999999818,0.22140787937044834,0.2402316959731615,-0.01882381660271315
ASTRAL,14,2025-12-09 14:45:00+05:30,21.0,0.1937047694908708,-4.5,0.21910853801281546,0.2264719325277758,-0.0073633945149603475
ASTRAL,14,2025-12-10 14:45:00+05:30,20.0,0.1937047694908708,-2.900000000000091,0.23051771282963673,0.21803541679769115,0.012482296031945589
ASTRAL,14,2025-12-11 14:45:00+05:30,19.0,0.1937047694908708,3.2000000000000455,0.2258212689354941,0.2195619850275924,0.006259283907901703
ASTRAL,14,2025-12-12 14:45:00+05:30,18.0,0.1937047694908708,-3.2000000000000455,0.2065697803221798,0.20928897063552837,-0.0027191903133485795
ASTRAL,14,2025-12-15 14:45:00+05:30,15.0,0.1937047694908708,-3.1000000000001364,0.22125516325897274,0.21883969521489044,0.0024154680440822973
ASTRAL,14,2025-12-16 14:45:00+05:30,14.0,0.1937047694908708,-3.599999999999909,0.23168260105279354,0.24078674316752713,-0.009104142114733593
ASTRAL,14,2025-12-17 14:45:00+05:30,13.0,0.1937047694908708,-2.7000000000000455,0.2376488076036657,0.22958959246879793,0.008059215134867764
ASTRAL,14,2025-12-18 14:45:00+05:30,12.0,0.1937047694908708,-1.7999999999999545,0.22238432323528803,0.2172094716220564,0.00517485161323164
ASTRAL,14,2025-12-19 14:45:00+05:30,11.0,0.1937047694908708,-3.2999999999999545,0.20735660012892704,0.2307566380782777,-0.023400037949350666
ASTRAL,14,2025-12-22 14:45:00+05:30,8.0,0.1937047694908708,-6.0,0.22956428064452575,0.21799644089259246,0.01156783975193329
ASTRAL,14,2025-12-23 14:45:00+05:30,7.0,0.1937047694908708,-0.6000000000001364,0.2141139764634546,0.22375211247946908,-0.009638136016014487
ASTRAL,14,2025-12-24 14:45:00+05:30,6.0,0.1937047694908708,0.09999999999990905,0.20146121079323936,0.22971819185239825,-0.028256981059158887
ASTRAL,14,2025-12-26 14:45:00+05:30,4.0,0.1937047694908708,17.200000000000045,0.20126713615027247,0.2311617633328784,-0.029894627182605937
ASTRAL,14,2025-12-29 14:45:00+05:30,1.0,0.1937047694908708,12.0,0.3773876703212984,0.2379483911950678,0.13943927912623058
ASTRAL,14,2025-12-30 14:45:00+05:30,0.0,0.1937047694908708,-4.400000000000091,0.36555839737959217,0.22950094929316533,0.13605744808642684
ASTRAL,15,2025-12-31 14:45:00+05:30,27.0,0.1641972302800338,3.5,0.22872278391782672,0.22299710657014366,0.005725677347683061
ASTRAL,15,2026-01-01 14:45:00+05:30,26.0,0.1641972302800338,3.5,0.23215939888495135,0.2431357531972826,-0.010976354312331238
ASTRAL,15,2026-01-02 14:45:00+05:30,25.0,0.1641972302800338,6.5,0.23275918240915947,0.24385321891414785,-0.011094036504988386
ASTRAL,15,2026-01-05 14:45:00+05:30,22.0,0.1641972302800338,5.599999999999909,0.24104930608769537,0.25730397969600927,-0.016254673608313897
ASTRAL,15,2026-01-06 14:45:00+05:30,21.0,0.1641972302800338,9.700000000000045,0.23516346082987893,0.24463844836758844,-0.009474987537709506
ASTRAL,15,2026-01-07 14:45:00+05:30,20.0,0.1641972302800338,4.0,0.23485042344569107,0.24439387889549807,-0.009543455449807003
ASTRAL,15,2026-01-08 14:45:00+05:30,19.0,0.1641972302800338,3.7000000000000455,0.2341248012117687,0.2523620797302121,-0.018237278518443367
ASTRAL,15,2026-01-09 14:45:00+05:30,18.0,0.1641972302800338,0.7000000000000455,0.23719958739729013,0.23860802674619835,-0.0014084393489082192
ASTRAL,15,2026-01-12 14:45:00+05:30,15.0,0.1641972302800338,4.7000000000000455,0.24763389801834712,0.24165853601327814,0.005975362005068985
ASTRAL,15,2026-01-13 14:45:00+05:30,14.0,0.1641972302800338,5.900000000000091,0.25002756291994654,0.2558129098036182,-0.00578534688367166
ASTRAL,15,2026-01-14 14:45:00+05:30,13.0,0.1641972302800338,5.7000000000000455,0.25652360991757883,0.25453243166975753,0.0019911782478213014
ASTRAL,15,2026-01-16 14:45:00+05:30,11.0,0.1641972302800338,1.599999999999909,0.2586796854520349,0.26168273515522766,-0.0030030497031927617
ASTRAL,15,2026-01-19 14:45:00+05:30,8.0,0.1641972302800338,5.099999999999909,0.2669830150982182,0.27141220436881425,-0.004429189270596046
ASTRAL,15,2026-01-20 14:45:00+05:30,7.0,0.1641972302800338,2.900000000000091,0.25628489069165994,0.2777984399715546,-0.021513549279894684
ASTRAL,15,2026-01-21 14:45:00+05:30,6.0,0.1641972302800338,4.599999999999909,0.2883690483398872,0.3127995826518064,-0.024430534311919216
ASTRAL,15,2026-01-22 14:45:00+05:30,5.0,0.1641972302800338,10.899999999999864,0.24087021895818278,0.30580660760753486,-0.06493638864935208
ASTRAL,15,2026-01-23 14:45:00+05:30,4.0,0.1641972302800338,14.0,0.16202212547518943,0.3233968185682773,-0.16137469309308786
ASTRAL,15,2026-01-27 14:45:00+05:30,0.0,0.1641972302800338,7.7999999999999545,0.21201590371508816,0.33009962184429453,-0.11808371812920637
ASTRAL,16,2026-01-28 14:45:00+05:30,27.0,0.274719952592905,5.400000000000091,0.30920441955118916,0.288432116020503,0.020772303530686154
ASTRAL,16,2026-01-29 14:45:00+05:30,26.0,0.274719952592905,4.900000000000091,0.31818681035371954,0.26992708139438204,0.0482597289593375
ASTRAL,16,2026-01-30 14:45:00+05:30,25.0,0.274719952592905,9.800000000000182,0.3330153001213768,0.2893985529330308,0.04361674718834602
ASTRAL,16,2026-02-01 14:45:00+05:30,23.0,0.274719952592905,-2.7999999999999545,0.33216411767994697,0.2470916195229637,0.08507249815698326
ASTRAL,16,2026-02-02 14:45:00+05:30,22.0,0.274719952592905,9.799999999999955,0.32252842398743103,0.2505482681860588,0.07198015580137224
ASTRAL,16,2026-02-03 14:45:00+05:30,21.0,0.274719952592905,14.0,0.32827166135551084,0.2735230260233835,0.054748635332127316
ASTRAL,16,2026-02-04 14:45:00+05:30,20.0,0.274719952592905,5.2000000000000455,0.3302349989823019,0.2828889512333704,0.04734604774893153
ASTRAL,16,2026-02-05 14:45:00+05:30,19.0,0.274719952592905,10.099999999999909,0.3478540258818362,0.29914409938162295,0.048709926500213274
ASTRAL,16,2026-02-06 14:45:00+05:30,18.0,0.274719952592905,13.900000000000091,0.3046118117979,0.2672867745367152,0.0373250372611848
ASTRAL,16,2026-02-09 14:45:00+05:30,15.0,0.274719952592905,10.100000000000136,0.3089394394053519,0.29686850821496674,0.012070931190385159
ASTRAL,16,2026-02-10 14:45:00+05:30,14.0,0.274719952592905,12.400000000000091,0.3209478300321601,0.24184707735733968,0.07910075267482042
ASTRAL,16,2026-02-11 14:45:00+05:30,13.0,0.274719952592905,13.099999999999909,0.3373760750090581,0.2523393852805546,0.08503668972850348
ASTRAL,16,2026-02-12 14:45:00+05:30,12.0,0.274719952592905,15.900000000000091,0.31438771461274817,0.2620476481117442,0.05234006650100398
ASTRAL,16,2026-02-13 14:45:00+05:30,11.0,0.274719952592905,15.300000000000182,0.2942746553114677,0.2518172512596912,0.042457404051776504
ASTRAL,16,2026-02-16 14:45:00+05:30,8.0,0.274719952592905,14.200000000000045,0.30731848454108907,0.2596568983411834,0.04766158619990568
ASTRAL,16,2026-02-17 14:45:00+05:30,7.0,0.274719952592905,17.200000000000045,0.27351324100153473,0.24945322766382233,0.024060013337712405
ASTRAL,16,2026-02-18 14:45:00+05:30,6.0,0.274719952592905,18.59999999999991,0.22585090737913274,0.23699493733957336,-0.011144029960440616
ASTRAL,16,2026-02-19 14:45:00+05:30,5.0,0.274719952592905,32.5,0.20224624904680027,0.24253422433831906,-0.040287975291518785
ASTRAL,16,2026-02-20 14:45:00+05:30,4.0,0.274719952592905,30.799999999999955,0.16988794792304135,0.2503530875394151,-0.08046513961637375
ASTRAL,16,2026-02-23 14:45:00+05:30,1.0,0.274719952592905,14.5,0.2519179450043127,0.2606031177577938,-0.00868517275348113
ASTRAL,16,2026-02-24 14:45:00+05:30,0.0,0.274719952592905,16.100000000000136,0.25851633018440234,0.24546690496528434,0.013049425219118005
ASTRAL,17,2026-02-27 14:45:00+05:30,31.0,0.5364083755238683,22.0,0.2285254641303487,0.34926798666046427,-0.12074252253011558
ASTRAL,17,2026-03-04 14:45:00+05:30,26.0,0.5364083755238683,24.0,0.27064097049582125,0.24946150439635245,0.021179466099468802
ASTRAL,17,2026-03-05 14:45:00+05:30,25.0,0.5364083755238683,16.59999999999991,0.24875794387875022,0.2815041437899795,-0.03274619991122929
ASTRAL,17,2026-03-06 14:45:00+05:30,24.0,0.5364083755238683,15.799999999999955,0.2760427937463772,0.25626261664128497,0.019780177105092223
ASTRAL,17,2026-03-09 14:45:00+05:30,21.0,0.5364083755238683,22.300000000000182,0.32078942650749687,0.29967261352799907,0.0211168129794978
ASTRAL,17,2026-03-10 14:45:00+05:30,20.0,0.5364083755238683,21.700000000000045,0.28884279949350944,0.28630855051733783,0.0025342489761716047
ASTRAL,17,2026-03-11 14:45:00+05:30,19.0,0.5364083755238683,29.799999999999955,0.3428042489839014,0.32633658324304765,0.016467665740853732
ASTRAL,17,2026-03-12 14:45:00+05:30,18.0,0.5364083755238683,33.200000000000045,0.3425094794462582,0.2904477809976774,0.05206169844858083
ASTRAL,17,2026-03-13 14:45:00+05:30,17.0,0.5364083755238683,32.5,0.3480947062093909,0.371700653370102,-0.02360594716071107
ASTRAL,17,2026-03-16 14:45:00+05:30,14.0,0.5364083755238683,35.700000000000045,0.3492322006905035,0.3280316740202941,0.021200526670209385
ASTRAL,17,2026-03-17 14:45:00+05:30,13.0,0.5364083755238683,35.90000000000009,0.32311747585853023,0.31454898091526295,0.00856849494326728
ASTRAL,17,2026-03-18 14:45:00+05:30,12.0,0.5364083755238683,37.299999999999955,0.29981480073604405,0.30900732665606717,-0.00919252592002312
ASTRAL,17,2026-03-19 14:45:00+05:30,11.0,0.5364083755238683,44.09999999999991,0.31358854023469496,0.30296331462306353,0.010625225611631428
ASTRAL,17,2026-03-20 14:45:00+05:30,10.0,0.5364083755238683,45.200000000000045,0.28769235996500575,0.3109296779127393,-0.023237317947733538
ASTRAL,17,2026-03-23 14:45:00+05:30,7.0,0.5364083755238683,48.30000000000018,0.35489178365610907,0.2961246879542782,0.05876709570183086
ASTRAL,17,2026-03-24 14:45:00+05:30,6.0,0.5364083755238683,54.40000000000009,0.31756755520675184,0.29926504917266034,0.018302506034091504
ASTRAL,17,2026-03-25 14:45:00+05:30,5.0,0.5364083755238683,32.200000000000045,0.28290344645402643,0.327030860971633,-0.044127414517606545
ASTRAL,17,2026-03-27 14:45:00+05:30,3.0,0.5364083755238683,39.09999999999991,0.2410314789340891,0.3258185183315156,-0.08478703939742649
ASTRAL,17,2026-03-30 14:45:00+05:30,0.0,0.5364083755238683,23.200000000000045,0.2583881913725744,0.3524378447017222,-0.09404965332914778
ASTRAL,18,2026-04-06 14:45:00+05:30,22.0,0.5515564029936946,33.200000000000045,0.41449543566300806,0.31599269068194347,0.0985027449810646
ASTRAL,18,2026-04-08 14:45:00+05:30,20.0,0.5515564029936946,25.90000000000009,0.3702425734159476,0.3568763067135684,0.01336626670237917
ASTRAL,18,2026-04-09 14:45:00+05:30,19.0,0.5515564029936946,28.0,0.33788790917425016,0.34837380038036597,-0.010485891206115816
ASTRAL,18,2026-04-10 14:45:00+05:30,18.0,0.5515564029936946,32.40000000000009,0.3265191677583893,0.29229878632918005,0.034220381429209246
ASTRAL,18,2026-04-13 14:45:00+05:30,15.0,0.5515564029936946,36.600000000000136,0.34897126560404435,0.31605767518503564,0.03291359041900871
ASTRAL,18,2026-04-15 14:45:00+05:30,13.0,0.5515564029936946,44.40000000000009,0.3553400644656958,0.3130563526768562,0.042283711788839606
ASTRAL,18,2026-04-16 14:45:00+05:30,12.0,0.5515564029936946,46.09999999999991,0.3704087671219713,0.3632726061644674,0.007136160957503912
ASTRAL,18,2026-04-17 14:45:00+05:30,11.0,0.5515564029936946,48.09999999999991,0.34113017394465783,0.34017737356568134,0.0009528003789764927
ASTRAL,18,2026-04-20 14:45:00+05:30,8.0,0.5515564029936946,49.5,0.3879966317132286,0.4367789252290981,-0.04878229351586949
ASTRAL,18,2026-04-21 14:45:00+05:30,7.0,0.5515564029936946,47.299999999999955,0.3426036863173944,0.2638621568355264,0.07874152948186802
ASTRAL,18,2026-04-22 14:45:00+05:30,6.0,0.5515564029936946,46.700000000000045,0.3047697183176432,0.3942319567758636,-0.08946223845822038
ASTRAL,18,2026-04-23 14:45:00+05:30,5.0,0.5515564029936946,50.0,0.2909062611892043,0.34760664019312254,-0.05670037900391822
ASTRAL,18,2026-04-24 14:45:00+05:30,4.0,0.5515564029936946,36.09999999999991,0.240392834536156,0.35687784656007093,-0.11648501202391492
ASTRAL,18,2026-04-27 14:45:00+05:30,1.0,0.5515564029936946,12.0,0.4605781282873622,0.36277552340579833,0.09780260488156389
ASTRAL,18,2026-04-28 14:45:00+05:30,0.0,0.5515564029936946,0.5,0.33137444034283525,0.35496997436317984,-0.02359553402034459
ASTRAL,19,2026-04-29 14:45:00+05:30,27.0,0.274444554647911,26.299999999999955,0.34679458929231444,0.3461018067948819,0.0006927824974325425
ASTRAL,19,2026-04-30 14:45:00+05:30,26.0,0.274444554647911,27.800000000000182,0.3456286046140764,0.32508862244563164,0.02053998216844477
ASTRAL,19,2026-05-04 14:45:00+05:30,22.0,0.274444554647911,24.699999999999818,0.3485799871875503,0.34368570734465553,0.004894279842894755
ASTRAL,19,2026-05-05 14:45:00+05:30,21.0,0.274444554647911,26.399999999999864,0.3459996349954595,0.3277681312659493,0.018231503729510212
ASTRAL,19,2026-05-06 14:45:00+05:30,20.0,0.274444554647911,23.0,0.33780526800250593,0.33216535448676204,0.0056399135157438884
ASTRAL,19,2026-05-07 14:45:00+05:30,19.0,0.274444554647911,14.900000000000091,0.3379705222223948,0.362106466782543,-0.02413594456014817
ASTRAL,19,2026-05-08 14:45:00+05:30,18.0,0.274444554647911,19.899999999999864,0.34409716449127337,0.30457833652996064,0.03951882796131273
ASTRAL,19,2026-05-11 14:45:00+05:30,15.0,0.274444554647911,15.099999999999909,0.36241813316612764,0.38527134954460324,-0.022853216378475594
ASTRAL,19,2026-05-12 14:45:00+05:30,14.0,0.274444554647911,16.700000000000045,0.37333951845416735,0.2920754842022898,0.08126403425187756
ASTRAL,19,2026-05-13 14:45:00+05:30,13.0,0.274444554647911,27.40000000000009,0.38151427826982043,0.37884366117524154,0.0026706170945788865
ASTRAL,19,2026-05-14 14:45:00+05:30,12.0,0.274444554647911,30.40000000000009,0.3718434786930416,0.3474965422415695,0.024346936451472068
ASTRAL,19,2026-05-15 14:45:00+05:30,11.0,0.274444554647911,21.700000000000045,0.36862976522739854,0.2806728817981346,0.08795688342926394
ASTRAL,19,2026-05-18 14:45:00+05:30,8.0,0.274444554647911,18.700000000000045,0.4736370485936782,0.35951276262239773,0.11412428597128049
ASTRAL,19,2026-05-19 14:45:00+05:30,7.0,0.274444554647911,15.799999999999955,0.3596961837874235,0.327188704116691,0.03250747967073253
ASTRAL,19,2026-05-20 14:45:00+05:30,6.0,0.274444554647911,13.799999999999955,0.3434283760317405,0.32939354068206006,0.014034835349680419
ASTRAL,19,2026-05-21 14:45:00+05:30,5.0,0.274444554647911,9.099999999999909,0.29573742967389505,0.302908242170856,-0.007170812496960943
ASTRAL,19,2026-05-22 14:45:00+05:30,4.0,0.274444554647911,9.0,0.2543986973665248,0.29760762737075724,-0.043208930004232426
ASTRAL,19,2026-05-25 14:45:00+05:30,1.0,0.274444554647911,6.400000000000091,0.29039461790983206,0.28848716296773214,0.0019074549420999287
ASTRAL,19,2026-05-26 14:45:00+05:30,0.0,0.274444554647911,20.09999999999991,0.3055363339789888,0.2963433073173785,0.009193026661610315
KPITTECH,1,2024-12-26 14:45:00+05:30,35.0,0.17520398851150049,6.150000000000091,0.29008807270507697,0.34326856562956204,-0.05318049292448507
KPITTECH,4,2025-04-02 14:45:00+05:30,22.0,0.16924465396147453,12.399999999999864,0.40226073689540237,0.3645968109163048,0.03766392597909757
KPITTECH,4,2025-04-03 14:45:00+05:30,21.0,0.16924465396147453,9.650000000000091,0.443481640162044,0.3804441552403552,0.06303748492168881
KPITTECH,4,2025-04-04 14:45:00+05:30,20.0,0.16924465396147453,6.600000000000136,0.4121909401325938,0.38338163288712573,0.02880930724546804
KPITTECH,4,2025-04-07 14:45:00+05:30,17.0,0.16924465396147453,9.200000000000045,0.6286920380715999,0.567635951990278,0.06105608608132185
KPITTECH,4,2025-04-08 14:45:00+05:30,16.0,0.16924465396147453,2.0499999999999545,0.5585808437962967,0.5611209310120908,-0.002540087215794129
KPITTECH,4,2025-04-09 14:45:00+05:30,15.0,0.16924465396147453,6.849999999999909,0.5717277134273668,0.5095029500285251,0.062224763398841754
KPITTECH,4,2025-04-11 14:45:00+05:30,13.0,0.16924465396147453,6.0499999999999545,0.5706283786016328,0.6012414746920599,-0.03061309609042706
KPITTECH,4,2025-04-15 14:45:00+05:30,9.0,0.16924465396147453,4.900000000000091,0.46686039826533143,0.48848364578459896,-0.02162324751926753
KPITTECH,4,2025-04-16 14:45:00+05:30,8.0,0.16924465396147453,8.0,0.44016386961739107,0.4344818609891713,0.00568200862821977
KPITTECH,4,2025-04-17 14:45:00+05:30,7.0,0.16924465396147453,4.0,0.3889713893340352,0.42322734457204614,-0.03425595523801095
KPITTECH,4,2025-04-21 14:45:00+05:30,3.0,0.16924465396147453,2.2999999999999545,0.44224532606474254,0.538471720766288,-0.09622639470154548
KPITTECH,4,2025-04-22 14:45:00+05:30,2.0,0.16924465396147453,0.6000000000001364,0.39226223626252676,0.48862879973490686,-0.0963665634723801
KPITTECH,4,2025-04-23 14:45:00+05:30,1.0,0.16924465396147453,0.9100000000000819,0.4070833955007436,0.5516109391381702,-0.1445275436374266
KPITTECH,4,2025-04-24 14:45:00+05:30,0.0,0.16924465396147453,-6.400000000000091,0.27480741364301825,0.526460961555762,-0.2516535479127438
KPITTECH,5,2025-04-25 14:45:00+05:30,34.0,0.13449897418581272,1.8100000000001728,0.514447708688468,0.4457439098528872,0.06870379883558081
KPITTECH,5,2025-04-28 14:45:00+05:30,31.0,0.13449897418581272,5.0,0.44780364435339204,0.4180327624423765,0.029770881911015512
KPITTECH,5,2025-04-29 14:45:00+05:30,30.0,0.13449897418581272,3.089999999999918,0.39500083716196727,0.4177928985579087,-0.02279206139594142
KPITTECH,5,2025-05-02 14:45:00+05:30,27.0,0.13449897418581272,4.0,0.40775741772004526,0.4782868897818152,-0.07052947206176996
KPITTECH,5,2025-05-07 14:45:00+05:30,22.0,0.13449897418581272,1.5,0.40822307556870896,0.4698959157522495,-0.06167284018354052
KPITTECH,5,2025-05-08 14:45:00+05:30,21.0,0.13449897418581272,0.21000000000003638,0.4487909244917366,0.46293971806183415,-0.014148793570097573
KPITTECH,5,2025-05-09 14:45:00+05:30,20.0,0.13449897418581272,0.0,0.45784992207863673,0.42049832589205965,0.037351596186577074
KPITTECH,5,2025-05-12 14:45:00+05:30,17.0,0.13449897418581272,-0.5,0.4059462980813817,0.4574003559372092,-0.05145405785582746
KPITTECH,5,2025-05-14 14:45:00+05:30,15.0,0.13449897418581272,-1.900000000000091,0.3955876813711091,0.4489768905781321,-0.053389209207023
KPITTECH,5,2025-05-16 14:45:00+05:30,13.0,0.13449897418581272,-2.599999999999909,0.3706496347535174,0.40870956403309777,-0.03805992927958035
KPITTECH,5,2025-05-19 14:45:00+05:30,10.0,0.13449897418581272,-2.2999999999999545,0.3943389693466844,0.4322603177855535,-0.03792134843886913
KPITTECH,5,2025-05-20 14:45:00+05:30,9.0,0.13449897418581272,-7.2000000000000455,0.3758053213005914,0.3957807929572484,-0.019975471656656973
KPITTECH,5,2025-05-21 14:45:00+05:30,8.0,0.13449897418581272,-1.099999999999909,0.378752913716626,0.4323072853564419,-0.05355437163981591
KPITTECH,5,2025-05-22 14:45:00+05:30,7.0,0.13449897418581272,-4.0,0.33337013545019945,0.3697651690057015,-0.036395033555502054
KPITTECH,5,2025-05-23 14:45:00+05:30,6.0,0.13449897418581272,-2.199999999999818,0.36186634176606536,0.3836768844218797,-0.021810542655814336
KPITTECH,5,2025-05-26 14:45:00+05:30,3.0,0.13449897418581272,0.900000000000091,0.44341008940711923,0.38490509421026264,0.05850499519685659
KPITTECH,5,2025-05-27 14:45:00+05:30,2.0,0.13449897418581272,-5.5,0.48094151310251954,0.3833284515188914,0.09761306158362815
KPITTECH,5,2025-05-28 14:45:00+05:30,1.0,0.13449897418581272,-2.2000000000000455,0.3976806186006433,0.37023576179983797,0.02744485680080533
KPITTECH,5,2025-05-29 14:45:00+05:30,0.0,0.13449897418581272,-5.899999999999864,0.45215497049640496,0.34894724797206433,0.10320772252434063
KPITTECH,6,2025-06-10 14:45:00+05:30,16.0,0.12115445830318711,-4.7999999999999545,0.3341210651251837,0.3806196443889109,-0.04649857926372719
KPITTECH,6,2025-06-11 14:45:00+05:30,15.0,0.12115445830318711,-6.7000000000000455,0.3417446944637258,0.3623022224171777,-0.020557527953451893
KPITTECH,6,2025-06-12 14:45:00+05:30,14.0,0.12115445830318711,-6.400000000000091,0.33657979919652287,0.35179889432488687,-0.015219095128364002
KPITTECH,6,2025-06-13 14:45:00+05:30,13.0,0.12115445830318711,-3.7000000000000455,0.334397679218432,0.3592663621637384,-0.02486868294530642
KPITTECH,6,2025-06-16 14:45:00+05:30,10.0,0.12115445830318711,-3.7999999999999545,0.37762618802183423,0.3695810418505803,0.008045146171253903
KPITTECH,6,2025-06-17 14:45:00+05:30,9.0,0.12115445830318711,-3.6000000000001364,0.37678570574470116,0.37369661866035464,0.00308908708434652
KPITTECH,6,2025-06-18 14:45:00+05:30,8.0,0.12115445830318711,-0.7999999999999545,0.36093375634865466,0.3712850785524218,-0.010351322203767166
KPITTECH,6,2025-06-19 14:45:00+05:30,7.0,0.12115445830318711,2.2000000000000455,0.3585598257414336,0.3571116814562315,0.0014481442852020687
KPITTECH,6,2025-06-20 14:45:00+05:30,6.0,0.12115445830318711,6.599999999999909,0.31630385874297795,0.35303051149476633,-0.03672665275178838
KPITTECH,6,2025-06-23 14:45:00+05:30,3.0,0.12115445830318711,2.0,0.3646650275620484,0.38357110696845503,-0.01890607940640665
KPITTECH,6,2025-06-24 14:45:00+05:30,2.0,0.12115445830318711,1.0,0.4676466495392406,0.39196890916497745,0.07567774037426317
KPITTECH,6,2025-06-25 14:45:00+05:30,1.0,0.12115445830318711,0.7999999999999545,0.38632135638047127,0.3734771697745082,0.012844186605963093
KPITTECH,6,2025-06-26 14:45:00+05:30,0.0,0.12115445830318711,-7.2000000000000455,0.4271789520730818,0.3638122074696899,0.06336674460339192
KPITTECH,7,2025-07-01 14:45:00+05:30,30.0,0.20971059930166372,-1.7000000000000455,0.37325572621165354,0.35765126590117835,0.015604460310475188
KPITTECH,7,2025-07-02 14:45:00+05:30,29.0,0.20971059930166372,0.900000000000091,0.38262104524145757,0.37034565023531635,0.012275395006141221
KPITTECH,7,2025-07-03 14:45:00+05:30,28.0,0.20971059930166372,-1.2999999999999545,0.3790407699559558,0.38045565970000683,-0.0014148897440510178
KPITTECH,7,2025-07-08 14:45:00+05:30,23.0,0.20971059930166372,0.40000000000009095,0.3956458370846583,0.35282231852869306,0.04282351855596522
KPITTECH,7,2025-07-10 14:45:00+05:30,21.0,0.20971059930166372,-2.599999999999909,0.40787770287008085,0.3931210889770508,0.014756613893030068
KPITTECH,7,2025-07-11 14:45:00+05:30,20.0,0.20971059930166372,-3.2000000000000455,0.3974116129562322,0.3955724813992273,0.0018391315570048805
KPITTECH,7,2025-07-14 14:45:00+05:30,17.0,0.20971059930166372,-1.2000000000000455,0.40173018701837293,0.3750799879563559,0.026650199062017044
KPITTECH,7,2025-07-15 14:45:00+05:30,16.0,0.20971059930166372,0.20000000000004547,0.3909163679171608,0.3840318768953724,0.006884491021788397
KPITTECH,7,2025-07-16 14:45:00+05:30,15.0,0.20971059930166372,-1.7999999999999545,0.3822806610911115,0.3779422755729831,0.004338385518128374
KPITTECH,7,2025-07-17 14:45:00+05:30,14.0,0.20971059930166372,-1.5,0.38274833848103396,0.3743237818858053,0.008424556595228672
KPITTECH,7,2025-07-18 14:45:00+05:30,13.0,0.20971059930166372,-2.0,0.3482460963523227,0.3445921954579439,0.003653900894378781
KPITTECH,7,2025-07-21 14:45:00+05:30,10.0,0.20971059930166372,-0.40000000000009095,0.37316574380266176,0.3660736098180151,0.0070921339846466425
KPITTECH,7,2025-07-22 14:45:00+05:30,9.0,0.20971059930166372,-2.3999999999998636,0.3721944165479985,0.3928974250875514,-0.02070300853955287
KPITTECH,7,2025-07-23 14:45:00+05:30,8.0,0.20971059930166372,-3.0,0.3984209698660404,0.36733955824642195,0.03108141161961847
KPITTECH,7,2025-07-24 14:45:00+05:30,7.0,0.20971059930166372,-4.599999999999909,0.4128597743138882,0.40226206202003784,0.01059771229385037
KPITTECH,7,2025-07-25 14:45:00+05:30,6.0,0.20971059930166372,-3.300000000000182,0.3953696184267429,0.382674046814034,0.0126955716127089
KPITTECH,7,2025-07-28 14:45:00+05:30,3.0,0.20971059930166372,-0.7999999999999545,0.4647506295009478,0.3939341667917985,0.07081646270914932
KPITTECH,7,2025-07-29 14:45:00+05:30,2.0,0.20971059930166372,0.7000000000000455,0.6305021269119424,0.3962962031883532,0.23420592372358923
KPITTECH,7,2025-07-30 14:45:00+05:30,1.0,0.20971059930166372,10.099999999999909,0.7344929998353031,0.35628586777851434,0.3782071320567888
KPITTECH,7,2025-07-31 14:45:00+05:30,0.0,0.20971059930166372,0.7000000000000455,0.3441873048737516,0.3081931819332833,0.035994122940468276
KPITTECH,8,2025-08-08 14:45:00+05:30,20.0,0.15441767420251462,-0.40000000000009095,0.2774627723299158,0.27839657339876733,-0.0009338010688515475
KPITTECH,8,2025-08-11 14:45:00+05:30,17.0,0.15441767420251462,4.7000000000000455,0.28825010971043885,0.2879871398004818,0.00026296990995705594
KPITTECH,8,2025-08-13 14:45:00+05:30,15.0,0.15441767420251462,1.1000000000001364,0.2807089115339646,0.27694118879894297,0.003767722735021628
KPITTECH,8,2025-08-14 14:45:00+05:30,14.0,0.15441767420251462,0.20000000000004547,0.2775791013306345,0.2804743959186056,-0.002895294587971109
KPITTECH,8,2025-08-18 14:45:00+05:30,10.0,0.15441767420251462,-0.599999999999909,0.29948067834673686,0.301683306539499,-0.002202628192762124
KPITTECH,8,2025-08-19 14:45:00+05:30,9.0,0.15441767420251462,0.0,0.29300420398933136,0.269779995000458,0.02322420898887334
KPITTECH,8,2025-08-20 14:45:00+05:30,8.0,0.15441767420251462,0.09999999999990905,0.29398070184824,0.3139912853762718,-0.02001058352803181
KPITTECH,8,2025-08-21 14:45:00+05:30,7.0,0.15441767420251462,-2.400000000000091,0.26435033327722457,0.3102920182143265,-0.045941684937101934
KPITTECH,8,2025-08-22 14:45:00+05:30,6.0,0.15441767420251462,0.7999999999999545,0.22949263611480822,0.31979526009196846,-0.09030262397716024
KPITTECH,8,2025-08-25 14:45:00+05:30,3.0,0.15441767420251462,4.7000000000000455,0.3362782541570326,0.3257345232226868,0.010543730934345796
KPITTECH,8,2025-08-26 14:45:00+05:30,2.0,0.15441767420251462,9.099999999999909,0.26077448788812374,0.3150025428300046,-0.05422805494188088
KPITTECH,8,2025-08-28 14:45:00+05:30,0.0,0.15441767420251462,0.20000000000004547,0.2519642813533993,0.31054841208552564,-0.058584130732126316
KPITTECH,9,2025-09-03 14:45:00+05:30,27.0,0.11214413282691825,2.5,0.2953497962092232,0.29496217764453503,0.0003876185646881636
KPITTECH,9,2025-09-05 14:45:00+05:30,25.0,0.11214413282691825,1.0,0.2889970438348808,0.3054699745524595,-0.016472930717578715
KPITTECH,9,2025-09-08 14:45:00+05:30,22.0,0.11214413282691825,1.8999999999998636,0.28413435694900113,0.28252022919763825,0.0016141277513628816
KPITTECH,9,2025-09-09 14:45:00+05:30,21.0,0.11214413282691825,0.0,0.2858197459261945,0.30365124321995535,-0.017831497293760823
KPITTECH,9,2025-09-10 14:45:00+05:30,20.0,0.11214413282691825,0.7000000000000455,0.275597209993519,0.3167559062206128,-0.04115869622709378
KPITTECH,9,2025-09-11 14:45:00+05:30,19.0,0.11214413282691825,0.7000000000000455,0.2717762027061148,0.2957038105373482,-0.023927607831233377
KPITTECH,9,2025-09-12 14:45:00+05:30,18.0,0.11214413282691825,0.09999999999990905,0.2712559651126477,0.3037658178189645,-0.03250985270631679
KPITTECH,9,2025-09-15 14:45:00+05:30,15.0,0.11214413282691825,-0.40000000000009095,0.27290657394214324,0.3028744181521482,-0.02996784421000498
KPITTECH,9,2025-09-16 14:45:00+05:30,14.0,0.11214413282691825,-0.09999999999990905,0.2758987881565998,0.3059806610492972,-0.030081872892697425
KPITTECH,9,2025-09-17 14:45:00+05:30,13.0,0.11214413282691825,0.6000000000001364,0.29526625497564346,0.3059304947753113,-0.010664239799667852
KPITTECH,9,2025-09-18 14:45:00+05:30,12.0,0.11214413282691825,-0.40000000000009095,0.3083195623553702,0.3146106780394232,-0.006291115684052995
KPITTECH,9,2025-09-19 14:45:00+05:30,11.0,0.11214413282691825,-0.599999999999909,0.2907922873037887,0.3081365075205335,-0.01734422021674481
KPITTECH,9,2025-09-22 14:45:00+05:30,8.0,0.11214413282691825,-0.3000000000001819,0.3137366969749276,0.30272016023936593,0.011016536735561688
KPITTECH,9,2025-09-23 14:45:00+05:30,7.0,0.11214413282691825,-0.40000000000009095,0.2772481862242835,0.3001225823946898,-0.02287439617040632
KPITTECH,9,2025-09-24 14:45:00+05:30,6.0,0.11214413282691825,-1.0,0.25256786707115986,0.29653534186621033,-0.043967474795050476
KPITTECH,9,2025-09-25 14:45:00+05:30,5.0,0.11214413282691825,-0.7000000000000455,0.2948387315774542,0.3048125944732576,-0.009973862895803376
KPITTECH,9,2025-09-26 14:45:00+05:30,4.0,0.11214413282691825,0.0,0.18131070000737082,0.2947315120868828,-0.11342081207951199
KPITTECH,9,2025-09-29 14:45:00+05:30,1.0,0.11214413282691825,5.5,0.22265688471393455,0.2848492715591676,-0.062192386845233066
KPITTECH,9,2025-09-30 14:45:00+05:30,0.0,0.11214413282691825,-7.599999999999909,0.6888402653815422,0.368518636793268,0.3203216285882742
KPITTECH,10,2025-10-01 14:45:00+05:30,27.0,0.17422541051857443,1.7999999999999545,0.3100257829147641,0.34340900059802043,-0.033383217683256305
KPITTECH,10,2025-10-03 14:45:00+05:30,25.0,0.17422541051857443,4.400000000000091,0.3023989617578441,0.3352168373644744,-0.0328178756066303
KPITTECH,10,2025-10-06 14:45:00+05:30,22.0,0.17422541051857443,4.400000000000091,0.30043023239840205,0.3488528728192883,-0.04842264042088623
KPITTECH,10,2025-10-07 14:45:00+05:30,21.0,0.17422541051857443,2.8999999999998636,0.29258204078181926,0.36864287200848417,-0.0760608312266649
KPITTECH,10,2025-10-08 14:45:00+05:30,20.0,0.17422541051857443,5.0,0.3093425323122927,0.3685879391515731,-0.05924540683928042
KPITTECH,10,2025-10-09 14:45:00+05:30,19.0,0.17422541051857443,3.699999999999818,0.3021364383528301,0.3361809417155839,-0.034044503362753775
KPITTECH,10,2025-10-10 14:45:00+05:30,18.0,0.17422541051857443,4.400000000000091,0.3046986900224863,0.3363585157922819,-0.03165982576979559
KPITTECH,10,2025-10-13 14:45:00+05:30,15.0,0.17422541051857443,5.2000000000000455,0.3141837741562802,0.3661804483070356,-0.05199667415075543
KPITTECH,10,2025-10-14 14:45:00+05:30,14.0,0.17422541051857443,6.2000000000000455,0.3144932585905907,0.3605474761478033,-0.04605421755721262
KPITTECH,10,2025-10-15 14:45:00+05:30,13.0,0.17422541051857443,7.900000000000091,0.31206954049373636,0.3603453566534401,-0.04827581615970372
KPITTECH,10,2025-10-16 14:45:00+05:30,12.0,0.17422541051857443,7.5,0.3167890132391732,0.38465955860366413,-0.06787054536449094
KPITTECH,10,2025-10-17 14:45:00+05:30,11.0,0.17422541051857443,8.700000000000045,0.3289002625840298,0.3583497801977926,-0.0294495176137628
KPITTECH,10,2025-10-20 14:45:00+05:30,8.0,0.17422541051857443,7.2000000000000455,0.3108351041615829,0.3806664442176807,-0.06983134005609781
KPITTECH,10,2025-10-21 14:30:00+05:30,7.0,0.17422541051857443,10.800000000000182,0.2854730525376424,0.3686656491281345,-0.08319259659049211
KPITTECH,10,2025-10-23 14:45:00+05:30,5.0,0.17422541051857443,7.7999999999999545,0.2342404568641512,0.35983718494460193,-0.12559672808045072
KPITTECH,10,2025-10-24 14:45:00+05:30,4.0,0.17422541051857443,6.7000000000000455,0.2150051378234039,0.3619659331300197,-0.14696079530661577
KPITTECH,10,2025-10-27 14:45:00+05:30,1.0,0.17422541051857443,3.6000000000001364,0.24104512366863845,0.37841932939486,-0.13737420572622155
KPITTECH,10,2025-10-28 14:45:00+05:30,0.0,0.17422541051857443,-5.5,0.4252032567369951,0.36078837580823964,0.06441488092875547
KPITTECH,11,2025-10-29 14:45:00+05:30,27.0,0.10612071598464777,2.009999999999991,0.34365195736538134,0.3648943224649212,-0.02124236509953986
KPITTECH,11,2025-10-30 14:45:00+05:30,26.0,0.10612071598464777,-1.099999999999909,0.3464082272162864,0.3343542637732187,0.012053963443067695
KPITTECH,11,2025-10-31 14:45:00+05:30,25.0,0.10612071598464777,-1.8899999999998727,0.3292130746790047,0.3328505957103263,-0.0036375210313216444
KPITTECH,11,2025-11-03 14:45:00+05:30,22.0,0.10612071598464777,-2.400000000000091,0.35943375074940775,0.3861713464037898,-0.02673759565438205
KPITTECH,11,2025-11-04 14:45:00+05:30,21.0,0.10612071598464777,0.2999999999999545,0.36824386985506324,0.3355075444247862,0.03273632543027705
KPITTECH,11,2025-11-06 14:45:00+05:30,19.0,0.10612071598464777,5.7000000000000455,0.3655751400831756,0.3345535656787832,0.031021574404392405
KPITTECH,11,2025-11-07 14:45:00+05:30,18.0,0.10612071598464777,3.6100000000001273,0.37305618662813345,0.2891689020425739,0.08388728458555955
KPITTECH,11,2025-11-10 14:45:00+05:30,15.0,0.10612071598464777,-0.08999999999991815,0.3376088589903343,0.3190885671737699,0.01852029181656445
KPITTECH,11,2025-11-11 14:45:00+05:30,14.0,0.10612071598464777,1.7999999999999545,0.27366364593972803,0.322895620127727,-0.04923197418799896
KPITTECH,11,2025-11-12 14:45:00+05:30,13.0,0.10612071598464777,1.900000000000091,0.25860641130933915,0.3086321776703921,-0.05002576636105294
KPITTECH,11,2025-11-13 14:45:00+05:30,12.0,0.10612071598464777,0.599999999999909,0.24767736681423924,0.3026606804482151,-0.05498331363397585
KPITTECH,11,2025-11-14 14:45:00+05:30,11.0,0.10612071598464777,0.6999999999998181,0.2499086480810851,0.2991403032503236,-0.0492316551692385
KPITTECH,11,2025-11-17 14:45:00+05:30,8.0,0.10612071598464777,-2.2000000000000455,0.26783506633612364,0.29824477701840585,-0.03040971068228221
KPITTECH,11,2025-11-18 14:45:00+05:30,7.0,0.10612071598464777,-4.389999999999873,0.26018352816369206,0.3005681765728918,-0.04038464840919975
KPITTECH,11,2025-11-19 14:45:00+05:30,6.0,0.10612071598464777,-4.2999999999999545,0.2558070658406599,0.29514871491829137,-0.03934164907763149
KPITTECH,11,2025-11-20 14:45:00+05:30,5.0,0.10612071598464777,-3.589999999999918,0.24630533777535413,0.2962548042881243,-0.04994946651277016
KPITTECH,11,2025-11-21 14:45:00+05:30,4.0,0.10612071598464777,-4.5,0.2291991661965082,0.29299302333439114,-0.06379385713788294
KPITTECH,11,2025-11-24 14:45:00+05:30,1.0,0.10612071598464777,3.0,0.3455080085061221,0.2946842459410934,0.05082376256502874
KPITTECH,11,2025-11-25 14:45:00+05:30,0.0,0.10612071598464777,-7.2000000000000455,0.328753629792502,0.28227702545334277,0.04647660433915923
KPITTECH,12,2025-11-26 14:45:00+05:30,34.0,0.061507772899135844,-1.7000000000000455,0.2618247731574217,0.3059159854235271,-0.044091212266105406
KPITTECH,12,2025-11-27 14:45:00+05:30,33.0,0.061507772899135844,-3.310000000000173,0.25498863130513516,0.29244264474338055,-0.03745401343824539
KPITTECH,12,2025-11-28 14:45:00+05:30,32.0,0.061507772899135844,-4.0,0.24084879405822737,0.2831760418801813,-0.042327247821953934
KPITTECH,12,2025-12-01 14:45:00+05:30,29.0,0.061507772899135844,-1.2000000000000455,0.2617660077196145,0.2921404621558905,-0.03037445443627601
KPITTECH,12,2025-12-02 14:45:00+05:30,28.0,0.061507772899135844,-2.8999999999998636,0.25330859877941725,0.3115586774027831,-0.05825007862336584
KPITTECH,12,2025-12-03 14:45:00+05:30,27.0,0.061507772899135844,-3.0,0.2503907055914868,0.3003498447482994,-0.049959139156812604
KPITTECH,12,2025-12-04 14:45:00+05:30,26.0,0.061507772899135844,-4.599999999999909,0.25389459107762397,0.274476015165068,-0.02058142408744401
KPITTECH,12,2025-12-05 14:45:00+05:30,25.0,0.061507772899135844,-3.509999999999991,0.23923809294421128,0.2946923319961437,-0.05545423905193242
KPITTECH,12,2025-12-08 14:45:00+05:30,22.0,0.061507772899135844,-7.399999999999864,0.25584917520767037,0.30140876017166096,-0.045559584963990596
KPITTECH,12,2025-12-09 14:45:00+05:30,21.0,0.061507772899135844,-2.199999999999818,0.25626331525041895,0.3162514522618301,-0.05998813701141115
KPITTECH,12,2025-12-10 14:45:00+05:30,20.0,0.061507772899135844,-3.699999999999818,0.2683188604877589,0.307108845762451,-0.03878998527469213
KPITTECH,12,2025-12-11 14:45:00+05:30,19.0,0.061507772899135844,1.5899999999999181,0.26258205986263555,0.2964046349892294,-0.03382257512659387
KPITTECH,12,2025-12-12 14:45:00+05:30,18.0,0.061507772899135844,-3.410000000000082,0.2505361447107965,0.305613310368045,-0.05507716565724852
KPITTECH,12,2025-12-15 14:45:00+05:30,15.0,0.061507772899135844,-3.099999999999909,0.2774386533924046,0.3082123858847118,-0.030773732492307193
KPITTECH,12,2025-12-16 14:45:00+05:30,14.0,0.061507772899135844,-3.7999999999999545,0.2848950753224365,0.2842336827035241,0.0006613926189124042
KPITTECH,12,2025-12-17 14:45:00+05:30,13.0,0.061507772899135844,-4.900000000000091,0.27009352984229773,0.3219049036221975,-0.05181137377989975
KPITTECH,12,2025-12-18 14:45:00+05:30,12.0,0.061507772899135844,0.6000000000001364,0.2631050382069736,0.3033195991573491,-0.040214560950375455
KPITTECH,12,2025-12-19 14:45:00+05:30,11.0,0.061507772899135844,-2.5,0.26692327479127603,0.30766987487993497,-0.040746600088658935
KPITTECH,12,2025-12-22 14:45:00+05:30,8.0,0.061507772899135844,-3.2000000000000455,0.2711515511031781,0.30993937330884064,-0.038787822205662514
KPITTECH,12,2025-12-23 14:45:00+05:30,7.0,0.061507772899135844,-5.7999999999999545,0.23116243889669671,0.28986915192685325,-0.05870671303015654
KPITTECH,12,2025-12-24 14:45:00+05:30,6.0,0.061507772899135844,-3.199999999999818,0.1999936317683914,0.28155113242966223,-0.08155750066127082
KPITTECH,12,2025-12-26 14:45:00+05:30,4.0,0.061507772899135844,-2.699999999999818,0.2056462534487796,0.2844049888733462,-0.0787587354245666
KPITTECH,12,2025-12-29 14:45:00+05:30,1.0,0.061507772899135844,-3.7100000000000364,0.24982047135220178,0.29262831626653824,-0.04280784491433645
KPITTECH,12,2025-12-30 14:45:00+05:30,0.0,0.061507772899135844,-6.7999999999999545,0.3312968116736366,0.2980183997408764,0.03327841193276021
KPITTECH,13,2026-01-06 14:45:00+05:30,21.0,0.16041960144976697,1.0,0.31262622140061375,0.4724857868684231,-0.15985956546780933
KPITTECH,13,2026-01-07 14:45:00+05:30,20.0,0.16041960144976697,2.599999999999909,0.3255633977641158,0.3470550296543653,-0.021491631890249496
KPITTECH,13,2026-01-08 14:45:00+05:30,19.0,0.16041960144976697,3.6000000000001364,0.3191906003947193,0.33311269364575635,-0.013922093251037049
KPITTECH,13,2026-01-09 14:45:00+05:30,18.0,0.16041960144976697,2.0,0.3120659349043004,0.33333010958525994,-0.021264174680959536
KPITTECH,13,2026-01-12 14:45:00+05:30,15.0,0.16041960144976697,2.5,0.33638056617886347,0.3442287354202947,-0.007848169241431224
KPITTECH,13,2026-01-13 14:45:00+05:30,14.0,0.16041960144976697,4.0,0.32448732860539664,0.33240033313981676,-0.00791300453442012
KPITTECH,13,2026-01-14 14:45:00+05:30,13.0,0.16041960144976697,3.699999999999818,0.32903048742687757,0.3299549084974299,-0.0009244210705523503
KPITTECH,13,2026-01-16 14:45:00+05:30,11.0,0.16041960144976697,4.300000000000182,0.33133441286472604,0.3646536760549015,-0.033319263190175474
KPITTECH,13,2026-01-19 14:45:00+05:30,8.0,0.16041960144976697,6.5,0.3492460612156172,0.3856239611808066,-0.03637789996518942
KPITTECH,13,2026-01-20 14:45:00+05:30,7.0,0.16041960144976697,5.7000000000000455,0.32649818808222875,0.3557184658715348,-0.029220277789306026
KPITTECH,13,2026-01-21 14:45:00+05:30,6.0,0.16041960144976697,3.1000000000001364,0.2791918232356869,0.3438383886397923,-0.0646465654041054
KPITTECH,13,2026-01-22 14:45:00+05:30,5.0,0.16041960144976697,-1.400000000000091,0.18491318114382016,0.36100571230456113,-0.17609253116074097
KPITTECH,13,2026-01-23 14:45:00+05:30,4.0,0.16041960144976697,5.0,0.15299171233170342,0.3913952041321326,-0.23840349180042916
KPITTECH,13,2026-01-27 14:45:00+05:30,0.0,0.16041960144976697,-4.900000000000091,0.09813041372641493,0.40243930864574684,-0.3043088949193319
KPITTECH,14,2026-01-28 14:45:00+05:30,27.0,0.15029639249337484,1.7999999999999545,0.39874902107923627,0.3735642617739796,0.025184759305256654
KPITTECH,14,2026-01-29 14:45:00+05:30,26.0,0.15029639249337484,3.7999999999999545,0.34381087661985793,0.294628602242479,0.04918227437737893
KPITTECH,14,2026-01-30 14:45:00+05:30,25.0,0.15029639249337484,8.899999999999864,0.3237777372917634,0.29668930577635005,0.027088431515413347
KPITTECH,14,2026-02-01 14:45:00+05:30,23.0,0.15029639249337484,4.100000000000023,0.3606929523114376,0.313215369860658,0.0474775824507796
KPITTECH,14,2026-02-02 14:45:00+05:30,22.0,0.15029639249337484,5.900000000000091,0.3217618995873852,0.304609426849976,0.01715247273740922
KPITTECH,14,2026-02-03 14:45:00+05:30,21.0,0.15029639249337484,0.7999999999999545,0.3315261527247308,0.42023319269111864,-0.08870703996638785
KPITTECH,14,2026-02-04 14:45:00+05:30,20.0,0.15029639249337484,0.10000000000002274,0.34911497674565606,0.3315413407414608,0.01757363600419526
KPITTECH,14,2026-02-05 14:45:00+05:30,19.0,0.15029639249337484,4.2000000000000455,0.34746401036892405,0.342699273970889,0.004764736398035041
KPITTECH,14,2026-02-06 14:45:00+05:30,18.0,0.15029639249337484,3.7000000000000455,0.36635144998365143,0.3446927452398471,0.021658704743804325
KPITTECH,14,2026-02-09 14:45:00+05:30,15.0,0.15029639249337484,-1.6000000000000227,0.3648650030869121,0.37273450404122926,-0.007869500954317155
KPITTECH,14,2026-02-10 14:45:00+05:30,14.0,0.15029639249337484,1.0,0.37818400167278154,0.3490917007139184,0.02909230095886317
KPITTECH,14,2026-02-11 14:45:00+05:30,13.0,0.15029639249337484,1.6000000000000227,0.38437153250205264,0.3645163798339375,0.01985515266811516
KPITTECH,14,2026-02-12 14:45:00+05:30,12.0,0.15029639249337484,2.0,0.45457866679852,0.4030417860813622,0.051536880717157785
KPITTECH,14,2026-02-13 14:45:00+05:30,11.0,0.15029639249337484,-0.2999999999999545,0.5215591920271302,0.4570303010415855,0.0645288909855447
KPITTECH,14,2026-02-16 14:45:00+05:30,8.0,0.15029639249337484,1.3999999999999773,0.49996657494607444,0.47101331542283936,0.028953259523235075
KPITTECH,14,2026-02-17 14:45:00+05:30,7.0,0.15029639249337484,-1.099999999999909,0.46204596347787463,0.42352761909878534,0.0385183443790893
KPITTECH,14,2026-02-18 14:45:00+05:30,6.0,0.15029639249337484,-1.3999999999999773,0.42780404473116684,0.4021375866318829,0.025666458099283918
KPITTECH,14,2026-02-19 14:45:00+05:30,5.0,0.15029639249337484,-1.8000000000000682,0.36536380367471566,0.3937273093172461,-0.02836350564253043
KPITTECH,14,2026-02-20 14:45:00+05:30,4.0,0.15029639249337484,0.6000000000000227,0.4785557223930139,0.40675774753330785,0.07179797485970607
KPITTECH,14,2026-02-23 14:45:00+05:30,1.0,0.15029639249337484,-4.2999999999999545,0.7224361056666715,0.41977436808974167,0.3026617375769298
KPITTECH,14,2026-02-24 14:45:00+05:30,0.0,0.15029639249337484,-5.5,0.7663899165402993,0.45700186600833503,0.3093880505319643
KPITTECH,15,2026-02-25 14:45:00+05:30,33.0,0.05410531578309497,-2.0,0.4202040688626978,0.4069908829043434,0.013213185958354412
KPITTECH,15,2026-02-26 14:45:00+05:30,32.0,0.05410531578309497,-1.3000000000000682,0.40387050270120156,0.3740324597858091,0.029838042915392438
KPITTECH,15,2026-02-27 14:45:00+05:30,31.0,0.05410531578309497,-2.1000000000000227,0.4057227074704056,0.39615372070453553,0.009568986765870091
KPITTECH,15,2026-03-02 14:45:00+05:30,28.0,0.05410531578309497,-3.0,0.4302242399891096,0.42674238744557336,0.0034818525435362235
KPITTECH,15,2026-03-04 14:45:00+05:30,26.0,0.05410531578309497,-2.4500000000000455,0.45138560468125755,0.4450013325953321,0.006384272085925458
KPITTECH,15,2026-03-05 14:45:00+05:30,25.0,0.05410531578309497,-3.1000000000000227,0.4065839640200014,0.4614511466038715,-0.05486718258387008
KPITTECH,15,2026-03-06 14:45:00+05:30,24.0,0.05410531578309497,-3.449999999999932,0.4557312786815677,0.4300461452768541,0.025685133404713623
KPITTECH,15,2026-03-09 14:45:00+05:30,21.0,0.05410531578309497,-1.5,0.49230625937341266,0.5581752421134781,-0.06586898274006547
KPITTECH,15,2026-03-10 14:45:00+05:30,20.0,0.05410531578309497,-2.1000000000000227,0.4498189063282878,0.46740607960458713,-0.017587173276299328
KPITTECH,15,2026-03-11 14:45:00+05:30,19.0,0.05410531578309497,-4.75,0.4648243441342411,0.45206279994571397,0.012761544188527152
KPITTECH,15,2026-03-12 14:45:00+05:30,18.0,0.05410531578309497,-4.0,0.47232915804761777,0.5075692137263509,-0.03524005567873312
KPITTECH,15,2026-03-13 14:45:00+05:30,17.0,0.05410531578309497,-0.8500000000000227,0.4781870318906697,0.4499522663955867,0.02823476549508297
KPITTECH,15,2026-03-16 14:45:00+05:30,14.0,0.05410531578309497,-3.1499999999999773,0.4881277374729692,0.5150533131134735,-0.02692557564050424
KPITTECH,15,2026-03-17 14:45:00+05:30,13.0,0.05410531578309497,-1.7999999999999545,0.4396084389380005,0.5010614834036324,-0.061453044465631934
KPITTECH,15,2026-03-18 14:45:00+05:30,12.0,0.05410531578309497,-2.2999999999999545,0.4550752921347734,0.5046025157515729,-0.04952722361679951
KPITTECH,15,2026-03-19 14:45:00+05:30,11.0,0.05410531578309497,-0.5499999999999545,0.5017626721230695,0.5105686442711508,-0.00880597214808132
KPITTECH,15,2026-03-20 14:45:00+05:30,10.0,0.05410531578309497,-1.2000000000000455,0.4617641508786864,0.5310796148844195,-0.06931546400573307
KPITTECH,15,2026-03-23 14:45:00+05:30,7.0,0.05410531578309497,-1.5,0.48568057082839966,0.5690013044351554,-0.08332073360675574
KPITTECH,15,2026-03-24 14:45:00+05:30,6.0,0.05410531578309497,-4.25,0.4500590659536883,0.5188157566823196,-0.06875669072863133
KPITTECH,15,2026-03-25 14:45:00+05:30,5.0,0.05410531578309497,-3.5499999999999545,0.4486074291785782,0.5172523328031,-0.0686449036245218
KPITTECH,15,2026-03-27 14:45:00+05:30,3.0,0.05410531578309497,-3.5499999999999545,0.405821889988904,0.5609613293262066,-0.15513943933730256
KPITTECH,15,2026-03-30 14:45:00+05:30,0.0,0.05410531578309497,-3.3500000000000227,0.4113666559351838,0.5664978025389908,-0.15513114660380706
KPITTECH,17,2026-04-29 14:45:00+05:30,27.0,0.31372626682203286,-8.149999999999977,0.45994738720559314,0.5033277897168265,-0.04338040251123332
KPITTECH,17,2026-04-30 14:45:00+05:30,26.0,0.31372626682203286,-2.7000000000000455,0.46853543863980585,0.462576181557759,0.005959257082046865
KPITTECH,17,2026-05-04 14:45:00+05:30,22.0,0.31372626682203286,-5.2999999999999545,0.4783891120868534,0.44289102787385487,0.03549808421299855
KPITTECH,17,2026-05-05 14:45:00+05:30,21.0,0.31372626682203286,-4.899999999999977,0.4539780366517263,0.41136891501713707,0.04260912163458924
KPITTECH,17,2026-05-06 14:45:00+05:30,20.0,0.31372626682203286,-6.199999999999932,0.41145430632930285,0.40680195650086365,0.004652349828439206
KPITTECH,17,2026-05-07 14:45:00+05:30,19.0,0.31372626682203286,1.1499999999999773,0.40803384113844826,0.4104247950876637,-0.0023909539492154575
KPITTECH,17,2026-05-08 14:45:00+05:30,18.0,0.31372626682203286,3.8500000000000227,0.3944605304587251,0.39561432960069104,-0.00115379914196595
KPITTECH,17,2026-05-11 14:45:00+05:30,15.0,0.31372626682203286,3.1000000000000227,0.4091803397964744,0.42453027825134987,-0.015349938454875478
KPITTECH,17,2026-05-12 14:45:00+05:30,14.0,0.31372626682203286,6.850000000000023,0.4196996500098893,0.4082194678334212,0.011480182176468068
KPITTECH,17,2026-05-13 14:45:00+05:30,13.0,0.31372626682203286,8.449999999999932,0.4053496964244078,0.3971541759609266,0.00819552046348121
KPITTECH,17,2026-05-14 14:45:00+05:30,12.0,0.31372626682203286,12.949999999999932,0.4046739257567351,0.42419359077104535,-0.01951966501431024
KPITTECH,17,2026-05-15 14:45:00+05:30,11.0,0.31372626682203286,14.400000000000091,0.3934772055541036,0.3956407497124555,-0.0021635441583519044
KPITTECH,17,2026-05-18 14:45:00+05:30,8.0,0.31372626682203286,14.699999999999932,0.41562257818085147,0.4170641374675689,-0.0014415592867174087
KPITTECH,17,2026-05-19 14:45:00+05:30,7.0,0.31372626682203286,16.0,0.3813533939629822,0.3916189384001528,-0.010265544437170648
KPITTECH,17,2026-05-20 14:45:00+05:30,6.0,0.31372626682203286,16.449999999999932,0.37469546551358324,0.40315930866017907,-0.028463843146595835
KPITTECH,17,2026-05-21 14:45:00+05:30,5.0,0.31372626682203286,13.449999999999932,0.33801576046634585,0.39649232652636307,-0.05847656606001722
KPITTECH,17,2026-05-22 14:45:00+05:30,4.0,0.31372626682203286,16.299999999999955,0.30146690267328347,0.38566056099215795,-0.08419365831887449
KPITTECH,17,2026-05-25 14:45:00+05:30,1.0,0.31372626682203286,15.100000000000023,0.35427142993008587,0.3949873386324202,-0.040715908702334325
KPITTECH,17,2026-05-26 14:45:00+05:30,0.0,0.31372626682203286,7.75,0.36391053825855174,0.37622722880511383,-0.012316690546562092
BDL,7,2025-11-26 14:45:00+05:30,34.0,0.1099017085341602,-6.7000000000000455,0.29102484271812046,0.30518164082723187,-0.014156798109111413
BDL,7,2025-11-27 14:45:00+05:30,33.0,0.1099017085341602,-8.199999999999818,0.27627200702664295,0.3088127930050081,-0.03254078597836513
BDL,7,2025-11-28 14:45:00+05:30,32.0,0.1099017085341602,-11.599999999999909,0.2742839617490238,0.28764949802054296,-0.013365536271519152
BDL,7,2025-12-01 14:45:00+05:30,29.0,0.1099017085341602,-8.399999999999864,0.28521745191644454,0.32176592405750526,-0.03654847214106072
BDL,7,2025-12-02 14:45:00+05:30,28.0,0.1099017085341602,-10.200000000000045,0.3035904176865119,0.3206407442797934,-0.017050326593281484
BDL,7,2025-12-03 14:45:00+05:30,27.0,0.1099017085341602,-9.700000000000045,0.31816106709244046,0.3095887055744121,0.00857236151802837
BDL,7,2025-12-04 14:45:00+05:30,26.0,0.1099017085341602,-10.0,0.31949235728398184,0.30555937537347905,0.013932981910502795
BDL,7,2025-12-05 14:45:00+05:30,25.0,0.1099017085341602,-9.200000000000045,0.32413487492051396,0.30768652239861494,0.016448352521899023
BDL,7,2025-12-08 14:45:00+05:30,22.0,0.1099017085341602,-7.0,0.3402666304715274,0.3058937120315439,0.03437291843998347
BDL,7,2025-12-09 14:45:00+05:30,21.0,0.1099017085341602,-9.0,0.31962834780951255,0.31106634735323735,0.008562000456275198
BDL,7,2025-12-10 14:45:00+05:30,20.0,0.1099017085341602,-6.5,0.32983398075287274,0.32211810090587223,0.007715879847000506
BDL,7,2025-12-11 14:45:00+05:30,19.0,0.1099017085341602,-6.899999999999864,0.29342940628883946,0.30636017502072177,-0.012930768731882314
BDL,7,2025-12-12 14:45:00+05:30,18.0,0.1099017085341602,-8.5,0.29933970949577576,0.3063536948493764,-0.007013985353600649
BDL,7,2025-12-15 14:45:00+05:30,15.0,0.1099017085341602,-7.599999999999909,0.29785081012432646,0.3215719437323342,-0.02372113360800776
BDL,7,2025-12-16 14:45:00+05:30,14.0,0.1099017085341602,-8.800000000000182,0.3197098319195449,0.31873754860732034,0.0009722833122245422
BDL,7,2025-12-17 14:45:00+05:30,13.0,0.1099017085341602,-8.0,0.29364965182378233,0.3205717215350882,-0.026922069711305896
BDL,7,2025-12-18 14:45:00+05:30,12.0,0.1099017085341602,-9.200000000000045,0.2695639148761758,0.312952577066747,-0.04338866219057119
BDL,7,2025-12-19 14:45:00+05:30,11.0,0.1099017085341602,-8.299999999999955,0.2432415753349037,0.2900627451747385,-0.04682116983983481
BDL,7,2025-12-22 14:45:00+05:30,8.0,0.1099017085341602,-8.400000000000091,0.27545705785630076,0.29895991030613234,-0.02350285244983158
BDL,7,2025-12-23 14:45:00+05:30,7.0,0.1099017085341602,-8.0,0.2487034113552128,0.2763818210296261,-0.027678409674413318
BDL,7,2025-12-24 14:45:00+05:30,6.0,0.1099017085341602,-1.5,0.23532372531204898,0.3086409991729676,-0.07331727386091863
BDL,7,2025-12-26 14:45:00+05:30,4.0,0.1099017085341602,2.300000000000182,0.19802825791530923,0.33647166270755463,-0.1384434047922454
BDL,7,2025-12-29 14:45:00+05:30,1.0,0.1099017085341602,-8.800000000000182,0.42244942282403897,0.3708842968952649,0.05156512592877405
BDL,7,2025-12-30 14:45:00+05:30,0.0,0.1099017085341602,-9.700000000000045,0.460990191688736,0.3349473717145895,0.1260428199741465
BDL,8,2025-12-31 14:45:00+05:30,27.0,0.052660506173321235,-4.599999999999909,0.3203974807466873,0.3248751962497496,-0.004477715503062307
BDL,8,2026-01-01 14:45:00+05:30,26.0,0.052660506173321235,-6.599999999999909,0.3140840503124106,0.33968381793442115,-0.02559976762201055
BDL,8,2026-01-02 14:45:00+05:30,25.0,0.052660506173321235,-2.599999999999909,0.3222534013752198,0.33104776333755315,-0.008794361962333352
BDL,8,2026-01-05 14:45:00+05:30,22.0,0.052660506173321235,-4.0,0.3242951413619404,0.3500535466676412,-0.025758405305700838
BDL,8,2026-01-06 14:45:00+05:30,21.0,0.052660506173321235,-3.7999999999999545,0.3397897806457927,0.3524298702672887,-0.012640089621496042
BDL,8,2026-01-07 14:45:00+05:30,20.0,0.052660506173321235,-2.1000000000001364,0.3361368235324561,0.3530473060884607,-0.01691048255600458
BDL,8,2026-01-08 14:45:00+05:30,19.0,0.052660506173321235,-3.2999999999999545,0.3383141126766387,0.3646075347203558,-0.026293422043717096
BDL,8,2026-01-09 14:45:00+05:30,18.0,0.052660506173321235,-2.0,0.36810834692332894,0.37877134183712036,-0.010662994913791413
BDL,8,2026-01-12 14:45:00+05:30,15.0,0.052660506173321235,-4.2000000000000455,0.37540631750462394,0.3847437537256778,-0.009337436221053874
BDL,8,2026-01-13 14:45:00+05:30,14.0,0.052660506173321235,-0.7000000000000455,0.36308946934114705,0.40045568361335826,-0.03736621427221121
BDL,8,2026-01-14 14:45:00+05:30,13.0,0.052660506173321235,-4.0,0.3710886706634431,0.39037533092020643,-0.019286660256763344
BDL,8,2026-01-16 14:45:00+05:30,11.0,0.052660506173321235,-2.5,0.39448552688982635,0.3980580851664032,-0.0035725582765768205
BDL,8,2026-01-19 14:45:00+05:30,8.0,0.052660506173321235,-8.700000000000045,0.373292667721716,0.40996033398555115,-0.036667666263835164
BDL,8,2026-01-20 14:45:00+05:30,7.0,0.052660506173321235,-5.2000000000000455,0.3098774222670238,0.4007197630795606,-0.09084234081253678
BDL,8,2026-01-21 14:45:00+05:30,6.0,0.052660506173321235,-2.800000000000182,0.28268914389150046,0.40723094102788227,-0.1245417971363818
BDL,8,2026-01-22 14:45:00+05:30,5.0,0.052660506173321235,-3.0,0.22784050745532522,0.4085628251672516,-0.1807223177119264
BDL,8,2026-01-23 14:45:00+05:30,4.0,0.052660506173321235,-3.5,0.2035046676452912,0.4616639817338457,-0.2581593140885545
BDL,8,2026-01-27 14:45:00+05:30,0.0,0.052660506173321235,-7.599999999999909,0.29179604650224356,0.45426818279629666,-0.1624721362940531
BDL,9,2026-01-28 14:45:00+05:30,27.0,0.32175716400305565,-7.899999999999864,0.4998578529049392,0.4059589999412975,0.0938988529636417
BDL,9,2026-01-29 14:45:00+05:30,26.0,0.32175716400305565,-6.899999999999864,0.515795871878846,0.4187883184871457,0.09700755339170031
BDL,9,2026-01-30 14:45:00+05:30,25.0,0.32175716400305565,-6.5,0.535633272511491,0.440432583514739,0.09520068899675194
BDL,9,2026-02-01 14:45:00+05:30,23.0,0.32175716400305565,-2.7999999999999545,0.48099751023036913,0.37934090906580514,0.10165660116456399
BDL,9,2026-02-02 14:45:00+05:30,22.0,0.32175716400305565,3.5,0.4289334999642108,0.3978007526227252,0.031132747341485634
BDL,9,2026-02-03 14:45:00+05:30,21.0,0.32175716400305565,3.1000000000001364,0.4389363725300539,0.3730373060541503,0.0658990664759036
BDL,9,2026-02-04 14:45:00+05:30,20.0,0.32175716400305565,2.400000000000091,0.4517767333485787,0.3937780680254908,0.057998665323087895
BDL,9,2026-02-05 14:45:00+05:30,19.0,0.32175716400305565,6.400000000000091,0.4556674721508783,0.4339844620535839,0.021683010097294453
BDL,9,2026-02-06 14:45:00+05:30,18.0,0.32175716400305565,9.0,0.415024640071768,0.37631031884408905,0.03871432122767893
BDL,9,2026-02-09 14:45:00+05:30,15.0,0.32175716400305565,8.400000000000091,0.42008645812097956,0.38122483994105016,0.03886161817992939
BDL,9,2026-02-10 14:45:00+05:30,14.0,0.32175716400305565,8.700000000000045,0.3954389768093466,0.36866202864919284,0.026776948160153746
BDL,9,2026-02-11 14:45:00+05:30,13.0,0.32175716400305565,9.299999999999955,0.3959238006558238,0.3882853310083626,0.007638469647461177
BDL,9,2026-02-12 14:45:00+05:30,12.0,0.32175716400305565,10.799999999999955,0.40884289037843025,0.3752186950857888,0.033624195292641434
BDL,9,2026-02-13 14:45:00+05:30,11.0,0.32175716400305565,9.099999999999909,0.4108953522346943,0.42568040336989216,-0.014785051135197846
BDL,9,2026-02-16 14:45:00+05:30,8.0,0.32175716400305565,8.099999999999909,0.38165034132892606,0.3906830692804722,-0.009032727951546138
BDL,9,2026-02-17 14:45:00+05:30,7.0,0.32175716400305565,10.5,0.3777151202195448,0.38569201355439353,-0.007976893334848745
BDL,9,2026-02-18 14:45:00+05:30,6.0,0.32175716400305565,13.799999999999955,0.29579464534767236,0.3363404930033178,-0.04054584765564545
BDL,9,2026-02-19 14:45:00+05:30,5.0,0.32175716400305565,15.5,0.2734580015628022,0.32034598478721443,-0.04688798322441223
BDL,9,2026-02-20 14:45:00+05:30,4.0,0.32175716400305565,20.90000000000009,0.2849752612034353,0.3369354175138214,-0.051960156310386085
BDL,9,2026-02-23 14:45:00+05:30,1.0,0.32175716400305565,30.40000000000009,0.3588505284651161,0.3669442943655655,-0.008093765900449412
BDL,9,2026-02-24 14:45:00+05:30,0.0,0.32175716400305565,0.8999999999998636,0.48961771401516085,0.3568825942939875,0.13273511972117336
BDL,10,2026-02-25 14:45:00+05:30,33.0,0.5134744730608559,7.0,0.357756994575222,0.34090201765157946,0.016854976923642517
BDL,10,2026-02-26 14:45:00+05:30,32.0,0.5134744730608559,5.900000000000091,0.3323690100249279,0.3790848900148376,-0.04671587998990967
BDL,10,2026-02-27 14:45:00+05:30,31.0,0.5134744730608559,6.399999999999864,0.32692035757980653,0.3539757679021246,-0.027055410322318063
BDL,10,2026-03-02 14:45:00+05:30,28.0,0.5134744730608559,11.5,0.4024461574687288,0.3170389654776362,0.08540719199109259
BDL,10,2026-03-04 14:45:00+05:30,26.0,0.5134744730608559,12.399999999999864,0.42866889681210557,0.412724873718916,0.015944023093189597
BDL,10,2026-03-05 14:45:00+05:30,25.0,0.5134744730608559,11.900000000000091,0.37815878860062146,0.40672382623956527,-0.028565037638943802
BDL,10,2026-03-06 14:45:00+05:30,24.0,0.5134744730608559,10.900000000000091,0.4190804661499934,0.3744246604384812,0.044655805711512175
BDL,10,2026-03-09 14:45:00+05:30,21.0,0.5134744730608559,11.899999999999864,0.4787830049465634,0.425446776750148,0.05333622819641537
BDL,10,2026-03-10 14:45:00+05:30,20.0,0.5134744730608559,11.299999999999955,0.4176217928425564,0.4044455240565485,0.013176268786007916
BDL,10,2026-03-11 14:45:00+05:30,19.0,0.5134744730608559,9.5,0.4506865941252551,0.40468306738819326,0.04600352673706182
BDL,10,2026-03-12 14:45:00+05:30,18.0,0.5134744730608559,12.299999999999955,0.44091596186156257,0.41086993402043054,0.030046027841132028
BDL,10,2026-03-13 14:45:00+05:30,17.0,0.5134744730608559,12.899999999999864,0.4714548748440819,0.4522654722880687,0.019189402556013202
BDL,10,2026-03-16 14:45:00+05:30,14.0,0.5134744730608559,14.0,0.4518030196689723,0.4481333165630026,0.0036697031059697016
BDL,10,2026-03-17 14:45:00+05:30,13.0,0.5134744730608559,19.0,0.4039179802975087,0.3931284138162186,0.010789566481290092
BDL,10,2026-03-18 14:45:00+05:30,12.0,0.5134744730608559,16.5,0.4136576232792031,0.39688319992773524,0.016774423351467838
BDL,10,2026-03-19 14:45:00+05:30,11.0,0.5134744730608559,21.700000000000045,0.4849101540041738,0.4547870306860065,0.0301231233181673
BDL,10,2026-03-20 14:45:00+05:30,10.0,0.5134744730608559,23.59999999999991,0.44879259025208595,0.47578766638911263,-0.026995076137026675
BDL,10,2026-03-23 14:45:00+05:30,7.0,0.5134744730608559,22.700000000000045,0.5312051070477568,0.5247137870643328,0.006491319983424004
BDL,10,2026-03-24 14:45:00+05:30,6.0,0.5134744730608559,13.800000000000182,0.4007013080690844,0.49153113862391695,-0.09082983055483257
BDL,10,2026-03-25 14:45:00+05:30,5.0,0.5134744730608559,19.200000000000045,0.44949401729567184,0.4966080626584106,-0.04711404536273878
BDL,10,2026-03-27 14:45:00+05:30,3.0,0.5134744730608559,38.200000000000045,0.31944550662225724,0.5516242256759263,-0.23217871905366905
BDL,10,2026-03-30 14:45:00+05:30,0.0,0.5134744730608559,4.7000000000000455,0.3675832961430159,0.5439701536421897,-0.17638685749917382
BDL,11,2026-04-06 14:45:00+05:30,22.0,0.24808950598238927,13.0,0.49157851060755786,0.4397416843761427,0.05183682623141517
BDL,11,2026-04-07 14:45:00+05:30,21.0,0.24808950598238927,13.699999999999818,0.4647234958728259,0.43238786781357424,0.032335628059251664
BDL,11,2026-04-08 14:45:00+05:30,20.0,0.24808950598238927,11.700000000000045,0.4329363041800133,0.41048158705773924,0.022454717122274037
BDL,11,2026-04-09 14:45:00+05:30,19.0,0.24808950598238927,9.799999999999955,0.4147284121800183,0.3900226448870616,0.024705767292956704
BDL,11,2026-04-10 14:45:00+05:30,18.0,0.24808950598238927,12.599999999999909,0.3896089991396193,0.36163839788829966,0.02797060125131967
BDL,11,2026-04-13 14:45:00+05:30,15.0,0.24808950598238927,8.0,0.4114191032588266,0.39748383129752707,0.013935271961299511
BDL,11,2026-04-15 14:45:00+05:30,13.0,0.24808950598238927,11.900000000000091,0.41253056473164085,0.38151943744780337,0.03101112728383748
BDL,11,2026-04-16 14:45:00+05:30,12.0,0.24808950598238927,13.900000000000091,0.38288862860762457,0.36321132800947054,0.019677300598154035
BDL,11,2026-04-17 14:45:00+05:30,11.0,0.24808950598238927,14.700000000000045,0.36738598040831205,0.3541502199647572,0.013235760443554845
BDL,11,2026-04-20 14:45:00+05:30,8.0,0.24808950598238927,13.0,0.39917426966140096,0.3878492051581404,0.01132506450326054
BDL,11,2026-04-21 14:45:00+05:30,7.0,0.24808950598238927,16.200000000000045,0.38130394126785006,0.39848511792079944,-0.01718117665294938
BDL,11,2026-04-22 14:45:00+05:30,6.0,0.24808950598238927,14.599999999999909,0.36017935512381216,0.3756548697505322,-0.015475514626720033
BDL,11,2026-04-23 14:45:00+05:30,5.0,0.24808950598238927,11.900000000000091,0.3272546524610541,0.4005921119524649,-0.0733374594914108
BDL,11,2026-04-24 14:45:00+05:30,4.0,0.24808950598238927,12.200000000000045,0.29372701558524417,0.42681755764252316,-0.133090542057279
BDL,11,2026-04-27 14:45:00+05:30,1.0,0.24808950598238927,4.5,0.29166298085919806,0.4389117707527108,-0.14724878989351275
BDL,11,2026-04-28 14:45:00+05:30,0.0,0.24808950598238927,4.7999999999999545,0.2581532259034196,0.43203274501033617,-0.17387951910691657
BDL,12,2026-04-29 14:45:00+05:30,27.0,0.1614862325633645,4.7000000000000455,0.4506813876464967,0.3753677513285083,0.07531363631798837
BDL,12,2026-04-30 14:45:00+05:30,26.0,0.1614862325633645,11.0,0.4265592826061825,0.3588538984069153,0.0677053841992672
BDL,12,2026-05-04 14:45:00+05:30,22.0,0.1614862325633645,10.599999999999909,0.44008354046753595,0.3771295980915027,0.06295394237603325
BDL,12,2026-05-05 14:45:00+05:30,21.0,0.1614862325633645,11.200000000000045,0.4537084433330093,0.38394557379813793,0.06976286953487137
BDL,12,2026-05-06 14:45:00+05:30,20.0,0.1614862325633645,6.5,0.4307694202421182,0.3706806506361867,0.06008876960593146
BDL,12,2026-05-07 14:45:00+05:30,19.0,0.1614862325633645,0.7000000000000455,0.4504480445450809,0.37790416260236603,0.07254388194271488
BDL,12,2026-05-08 14:45:00+05:30,18.0,0.1614862325633645,0.599999999999909,0.4561505683035142,0.3894661688859991,0.06668439941751508
BDL,12,2026-05-11 14:45:00+05:30,15.0,0.1614862325633645,1.199999999999818,0.47728647001651137,0.3869638386863499,0.09032263133016144
BDL,12,2026-05-12 14:45:00+05:30,14.0,0.1614862325633645,1.2999999999999545,0.4813688756172242,0.3797720230818759,0.10159685253534828
BDL,12,2026-05-13 14:45:00+05:30,13.0,0.1614862325633645,3.2999999999999545,0.48099855869374375,0.4440230010924861,0.03697555760125765
BDL,12,2026-05-14 14:45:00+05:30,12.0,0.1614862325633645,1.6000000000001364,0.46316784199763744,0.3848335662481752,0.07833427574946222
BDL,12,2026-05-15 14:45:00+05:30,11.0,0.1614862325633645,4.5,0.4431082672740013,0.3826338082830302,0.06047445899097115
BDL,12,2026-05-18 14:45:00+05:30,8.0,0.1614862325633645,6.099999999999909,0.408345907423568,0.3820171417929694,0.026328765630598605
BDL,12,2026-05-19 14:45:00+05:30,7.0,0.1614862325633645,9.600000000000136,0.40131561043383307,0.3650798453511413,0.03623576508269177
BDL,12,2026-05-20 14:45:00+05:30,6.0,0.1614862325633645,3.7999999999999545,0.3507645631510563,0.3741400327931301,-0.023375469642073765
BDL,12,2026-05-21 14:45:00+05:30,5.0,0.1614862325633645,7.100000000000136,0.3230032408014063,0.3970847105014723,-0.07408146970006602
BDL,12,2026-05-22 14:45:00+05:30,4.0,0.1614862325633645,11.0,0.2678356012811806,0.38553829749758084,-0.11770269621640023
BDL,12,2026-05-25 14:45:00+05:30,1.0,0.1614862325633645,16.200000000000045,0.3818290213838186,0.4051574993338172,-0.023328477949998594
BDL,12,2026-05-26 14:45:00+05:30,0.0,0.1614862325633645,10.299999999999955,0.36574361209981027,0.39277125594526385,-0.027027643845453586
IREDA,3,2025-03-28 14:45:00+05:30,27.0,0.8298363557516649,7.509999999999991,0.5479820641095788,0.4896040149098053,0.05837804919977352
IREDA,3,2025-04-01 14:45:00+05:30,23.0,0.8298363557516649,7.960000000000008,0.5414774876604507,0.5074690207610807,0.03400846689936998
IREDA,3,2025-04-02 14:45:00+05:30,22.0,0.8298363557516649,8.069999999999993,0.49131336001292747,0.4635658538383338,0.02774750617459365
IREDA,3,2025-04-03 14:45:00+05:30,21.0,0.8298363557516649,7.969999999999999,0.48333500491965886,0.4406027131468997,0.04273229177275917
IREDA,3,2025-04-04 14:45:00+05:30,20.0,0.8298363557516649,7.909999999999997,0.5043316498862065,0.4516143640158591,0.05271728587034741
IREDA,3,2025-04-07 14:45:00+05:30,17.0,0.8298363557516649,7.219999999999999,0.609123296439503,0.5259448369896255,0.08317845944987756
IREDA,3,2025-04-08 14:45:00+05:30,16.0,0.8298363557516649,7.569999999999993,0.5903363967979183,0.5053324276009192,0.08500396919699904
IREDA,3,2025-04-09 14:45:00+05:30,15.0,0.8298363557516649,7.6699999999999875,0.5631785991337948,0.47972655064899483,0.08345204848479992
IREDA,3,2025-04-11 14:45:00+05:30,13.0,0.8298363557516649,7.969999999999999,0.5681636727287389,0.5226196763453389,0.04554399638340001
IREDA,3,2025-04-15 14:45:00+05:30,9.0,0.8298363557516649,8.460000000000008,0.6115385857152854,0.5367444067040061,0.07479417901127927
IREDA,3,2025-04-16 14:45:00+05:30,8.0,0.8298363557516649,9.429999999999978,0.48921574079969854,0.4718415475308096,0.01737419326888895
IREDA,3,2025-04-17 14:45:00+05:30,7.0,0.8298363557516649,9.889999999999986,0.383806850145743,0.29378662158605506,0.09002022855968794
IREDA,3,2025-04-21 14:45:00+05:30,3.0,0.8298363557516649,8.370000000000005,0.4837974907958176,0.44181572412213044,0.04198176667368714
IREDA,3,2025-04-22 14:45:00+05:30,2.0,0.8298363557516649,10.830000000000013,0.5426596962376037,0.3230143736765707,0.21964532256103297
IREDA,3,2025-04-23 14:45:00+05:30,1.0,0.8298363557516649,11.340000000000003,0.5710491546403305,0.4992155364424461,0.07183361819788436
IREDA,3,2025-04-24 14:45:00+05:30,0.0,0.8298363557516649,5.5800000000000125,0.6753035877905493,0.45247513254056193,0.2228284552499874
IREDA,4,2025-04-25 14:45:00+05:30,34.0,0.7188413127009259,8.099999999999994,0.47299948521619056,0.46784619899992863,0.005153286216261932
IREDA,4,2025-04-28 14:45:00+05:30,31.0,0.7188413127009259,7.159999999999997,0.4617008929150707,0.47010111154852774,-0.008400218633457024
IREDA,4,2025-04-29 14:45:00+05:30,30.0,0.7188413127009259,5.590000000000003,0.4359707666188791,0.44308518814596143,-0.007114421527082304
IREDA,4,2025-04-30 14:45:00+05:30,29.0,0.7188413127009259,4.699999999999989,0.4418543038311396,0.4414287808387749,0.0004255229923647019
IREDA,4,2025-05-02 14:45:00+05:30,27.0,0.7188413127009259,4.230000000000018,0.44559990597990795,0.44716339535075955,-0.0015634893708516007
IREDA,4,2025-05-05 14:45:00+05:30,24.0,0.7188413127009259,3.299999999999983,0.4445893489312486,0.4629540129827111,-0.01836466405146253
IREDA,4,2025-05-06 14:45:00+05:30,23.0,0.7188413127009259,3.819999999999993,0.44849242747704254,0.4300034786150919,0.018488948861950627
IREDA,4,2025-05-07 14:45:00+05:30,22.0,0.7188413127009259,3.4399999999999977,0.45019691289190156,0.5254448764535337,-0.0752479635616321
IREDA,4,2025-05-08 14:45:00+05:30,21.0,0.7188413127009259,2.969999999999999,0.5059552999523851,0.45931291272102986,0.04664238723135522
IREDA,4,2025-05-09 14:45:00+05:30,20.0,0.7188413127009259,1.3199999999999932,0.5055805911272555,0.4784972969229171,0.027083294204338415
IREDA,4,2025-05-12 14:45:00+05:30,17.0,0.7188413127009259,2.670000000000016,0.44575217268311945,0.4751129517429711,-0.029360779059851627
IREDA,4,2025-05-13 14:45:00+05:30,16.0,0.7188413127009259,3.170000000000016,0.43781344146482815,0.42936753915701775,0.008445902307810393
IREDA,4,2025-05-14 14:45:00+05:30,15.0,0.7188413127009259,4.159999999999997,0.43691361308374993,0.45662071715696717,-0.01970710407321724
IREDA,4,2025-05-15 14:45:00+05:30,14.0,0.7188413127009259,3.140000000000015,0.4351594524007476,0.4318904741651588,0.003268978235588804
IREDA,4,2025-05-16 14:45:00+05:30,13.0,0.7188413127009259,4.240000000000009,0.44600269429203504,0.4243133456798826,0.021689348612152437
IREDA,4,2025-05-19 14:45:00+05:30,10.0,0.7188413127009259,5.0,0.4805195745064525,0.461562374917429,0.018957199589023477
IREDA,4,2025-05-20 14:45:00+05:30,9.0,0.7188413127009259,4.97999999999999,0.47381585658946856,0.47817967366392844,-0.004363817074459875
IREDA,4,2025-05-21 14:45:00+05:30,8.0,0.7188413127009259,4.710000000000008,0.44257013893665487,0.46942074890781743,-0.026850609971162565
IREDA,4,2025-05-22 14:45:00+05:30,7.0,0.7188413127009259,5.299999999999983,0.4279404085160623,0.4452222873128196,-0.0172818787967573
IREDA,4,2025-05-23 14:45:00+05:30,6.0,0.7188413127009259,5.519999999999982,0.38305737203196677,0.4498832266077849,-0.06682585457581813
IREDA,4,2025-05-26 14:45:00+05:30,3.0,0.7188413127009259,5.569999999999993,0.44486145201872274,0.4360078887442752,0.008853563274447529
IREDA,4,2025-05-27 14:45:00+05:30,2.0,0.7188413127009259,5.260000000000019,0.503389405618581,0.44404015187097134,0.05934925374760969
IREDA,4,2025-05-28 14:45:00+05:30,1.0,0.7188413127009259,3.3100000000000023,0.2640392075005696,0.43500161853226776,-0.17096241103169818
IREDA,4,2025-05-29 14:45:00+05:30,0.0,0.7188413127009259,3.9000000000000057,0.27295554489135254,0.4173883471876779,-0.14443280229632538
IREDA,5,2025-06-03 14:45:00+05:30,23.0,0.29572704594425736,3.469999999999999,0.4056983634671645,0.4349131497688649,-0.029214786301700435
IREDA,5,2025-06-04 14:45:00+05:30,22.0,0.29572704594425736,3.1500000000000057,0.3968959640566504,0.36030335173478867,0.03659261232186173
IREDA,5,2025-06-05 14:45:00+05:30,21.0,0.29572704594425736,3.490000000000009,0.388799349370637,0.3661318984085893,0.022667450962047697
IREDA,5,2025-06-06 14:45:00+05:30,20.0,0.29572704594425736,1.3199999999999932,0.3685547638456442,0.3751451704889042,-0.0065904066432600494
IREDA,5,2025-06-09 14:45:00+05:30,17.0,0.29572704594425736,0.8199999999999932,0.3988028389373698,0.407023187847647,-0.008220348910277231
IREDA,5,2025-06-10 14:45:00+05:30,16.0,0.29572704594425736,1.5900000000000034,0.3725234136805097,0.4172236475474662,-0.04470023386695654
IREDA,5,2025-06-11 14:45:00+05:30,15.0,0.29572704594425736,2.0900000000000034,0.27341361854669627,0.526480287902658,-0.2530666693559617
IREDA,5,2025-06-12 14:45:00+05:30,14.0,0.29572704594425736,-0.3599999999999852,0.3151949491722222,0.36069264672515705,-0.04549769755293487
IREDA,5,2025-06-19 14:45:00+05:30,7.0,0.29572704594425736,0.9399999999999977,0.36802699385592513,0.38133511256127084,-0.013308118705345706
IREDA,5,2025-06-20 14:45:00+05:30,6.0,0.29572704594425736,1.0999999999999943,0.2993817758815212,0.3775470294919957,-0.0781652536104745
IREDA,5,2025-06-23 14:45:00+05:30,3.0,0.29572704594425736,1.3700000000000045,0.34595874153981865,0.38786274978744295,-0.0419040082476243
IREDA,5,2025-06-24 14:45:00+05:30,2.0,0.29572704594425736,0.0,0.3416494379650017,0.3860582064631432,-0.044408768498141515
IREDA,5,2025-06-25 14:45:00+05:30,1.0,0.29572704594425736,-1.0999999999999943,0.3860237395453532,0.38233598883153735,0.0036877507138158294
IREDA,5,2025-06-26 14:45:00+05:30,0.0,0.29572704594425736,-1.5199999999999818,0.4142619855237668,0.36670850335229277,0.04755348217147404
IREDA,6,2025-06-27 14:45:00+05:30,34.0,0.2463411945549723,-0.04999999999998295,0.36335890988637876,0.3902948294409479,-0.026935919554569143
IREDA,6,2025-06-30 14:45:00+05:30,31.0,0.2463411945549723,-0.04999999999998295,0.3671140288344697,0.3891028726098936,-0.021988843775423927
IREDA,6,2025-07-01 14:45:00+05:30,30.0,0.2463411945549723,-0.37000000000000455,0.3638935193562898,0.40133498801243217,-0.037441468656142396
IREDA,6,2025-07-02 14:45:00+05:30,29.0,0.2463411945549723,-0.4399999999999977,0.3793538982411686,0.34804725596023034,0.03130664228093827
IREDA,6,2025-07-03 14:45:00+05:30,28.0,0.2463411945549723,-0.28000000000000114,0.35836374952317024,0.3509689804141084,0.007394769109061838
IREDA,6,2025-07-04 14:45:00+05:30,27.0,0.2463411945549723,-0.3199999999999932,0.3512489972316063,0.3584115464048268,-0.0071625491732205115
IREDA,6,2025-07-07 14:45:00+05:30,24.0,0.2463411945549723,-0.3499999999999943,0.34550535187338083,0.3495871897015144,-0.004081837828133594
IREDA,6,2025-07-08 14:45:00+05:30,23.0,0.2463411945549723,-0.13999999999998636,0.38512415598906496,0.3802200317909527,0.0049041241981122585
IREDA,6,2025-07-09 14:45:00+05:30,22.0,0.2463411945549723,-0.19999999999998863,0.38949677514888714,0.39112377446905716,-0.0016269993201700195
IREDA,6,2025-07-10 14:45:00+05:30,21.0,0.2463411945549723,0.0700000000000216,0.4147254761509598,0.38309726086496787,0.03162821528599191
IREDA,6,2025-07-11 14:45:00+05:30,20.0,0.2463411945549723,0.12999999999999545,0.3580274840829981,0.352533080533782,0.005494403549216098
IREDA,6,2025-07-14 14:45:00+05:30,17.0,0.2463411945549723,0.18000000000000682,0.35701717039085146,0.36758926174432355,-0.01057209135347209
IREDA,6,2025-07-15 14:45:00+05:30,16.0,0.2463411945549723,0.1699999999999875,0.34355236375611065,0.3496795042357673,-0.006127140479656679
IREDA,6,2025-07-16 14:45:00+05:30,15.0,0.2463411945549723,0.22000000000002728,0.3320600742931506,0.34052145729031646,-0.008461382997165867
IREDA,6,2025-07-17 14:45:00+05:30,14.0,0.2463411945549723,0.06999999999999318,0.333001493063244,0.33726473251947964,-0.004263239456235635
IREDA,6,2025-07-18 14:45:00+05:30,13.0,0.2463411945549723,0.15000000000000568,0.31573597544241316,0.34463733304019256,-0.028901357597779398
IREDA,6,2025-07-21 14:45:00+05:30,10.0,0.2463411945549723,0.17000000000001592,0.3212461439832369,0.3400226454311629,-0.018776501447925975
IREDA,6,2025-07-22 14:45:00+05:30,9.0,0.2463411945549723,-0.030000000000001137,0.3225296354886184,0.3388442130346758,-0.01631457754605742
IREDA,6,2025-07-23 14:45:00+05:30,8.0,0.2463411945549723,-0.17000000000001592,0.27565240732345764,0.3201714795436399,-0.044519072220182254
IREDA,6,2025-07-24 14:45:00+05:30,7.0,0.2463411945549723,0.18999999999999773,0.29960022480454707,0.3231033530284859,-0.02350312822393885
IREDA,6,2025-07-25 14:45:00+05:30,6.0,0.2463411945549723,0.47999999999998977,0.3381702054884128,0.32590128159370235,0.01226892389471046
IREDA,6,2025-07-28 14:45:00+05:30,3.0,0.2463411945549723,0.45999999999997954,0.3860232954756794,0.34997499839831964,0.03604829707735974
IREDA,6,2025-07-29 14:45:00+05:30,2.0,0.2463411945549723,1.0800000000000125,0.2537738218453319,0.3535712664056505,-0.09979744456031858
IREDA,6,2025-07-30 14:45:00+05:30,1.0,0.2463411945549723,2.049999999999983,0.29893298558689496,0.3592798188933297,-0.060346833306434755
IREDA,6,2025-07-31 14:45:00+05:30,0.0,0.2463411945549723,-0.5500000000000114,0.3109070775555057,0.3508435700071175,-0.03993649245161185
IREDA,7,2025-08-01 14:45:00+05:30,27.0,0.22897903372841888,0.4899999999999807,0.35592237064121235,0.3214608771389939,0.03446149350221844
IREDA,7,2025-08-04 14:45:00+05:30,24.0,0.22897903372841888,0.29000000000002046,0.32987253166580865,0.347983704820897,-0.018111173155088367
IREDA,7,2025-08-05 14:45:00+05:30,23.0,0.22897903372841888,0.3400000000000034,0.33326840465754615,0.3374607614668928,-0.0041923568093466534
IREDA,7,2025-08-06 14:45:00+05:30,22.0,0.22897903372841888,0.15000000000000568,0.3393107269550365,0.3284349462826776,0.010875780672358892
IREDA,7,2025-08-07 14:45:00+05:30,21.0,0.22897903372841888,0.21000000000000796,0.32554889881618265,0.36511029507083886,-0.03956139625465621
IREDA,7,2025-08-08 14:45:00+05:30,20.0,0.22897903372841888,-0.0800000000000125,0.32533443196073597,0.34585753088919946,-0.02052309892846349
IREDA,7,2025-08-11 14:45:00+05:30,17.0,0.22897903372841888,0.2400000000000091,0.3149064934370755,0.3436613166650694,-0.028754823227993886
IREDA,7,2025-08-12 14:45:00+05:30,16.0,0.22897903372841888,0.060000000000002274,0.3001340823697807,0.3397616763615184,-0.03962759399173771
IREDA,7,2025-08-13 14:45:00+05:30,15.0,0.22897903372841888,0.12999999999999545,0.2969722507431779,0.32522404989186116,-0.028251799148683254
IREDA,7,2025-08-14 14:45:00+05:30,14.0,0.22897903372841888,0.4200000000000159,0.2913373419117966,0.3097149560457587,-0.018377614133962106
IREDA,7,2025-08-18 14:45:00+05:30,10.0,0.22897903372841888,0.09000000000000341,0.3559773758362106,0.3200298498742384,0.035947525961972204
IREDA,7,2025-08-19 14:45:00+05:30,9.0,0.22897903372841888,0.009999999999990905,0.31565255633462797,0.3054306846322123,0.010221871702415675
IREDA,7,2025-08-20 14:45:00+05:30,8.0,0.22897903372841888,0.13999999999998636,0.29389164034091586,0.31405118313977753,-0.020159542798861674
IREDA,7,2025-08-21 14:45:00+05:30,7.0,0.22897903372841888,0.6899999999999977,0.2759606981870706,0.3170917463579924,-0.041131048170921836
IREDA,7,2025-08-22 14:45:00+05:30,6.0,0.22897903372841888,1.5800000000000125,0.28080501152006226,0.31594559546209744,-0.035140583942035175
IREDA,7,2025-08-25 14:45:00+05:30,3.0,0.22897903372841888,1.509999999999991,0.3432224355070785,0.32879055522382716,0.01443188028325132
IREDA,7,2025-08-26 14:45:00+05:30,2.0,0.22897903372841888,2.1699999999999875,0.2321063999931986,0.3150771011273934,-0.0829707011341948
IREDA,7,2025-08-28 14:45:00+05:30,0.0,0.22897903372841888,-0.5799999999999841,0.1321412655576544,0.3268218358196331,-0.19468057026197869
IREDA,8,2025-08-29 14:45:00+05:30,32.0,0.23250525663345714,0.5099999999999909,0.3220090977141271,0.3296128449635818,-0.007603747249454673
IREDA,8,2025-09-01 14:45:00+05:30,29.0,0.23250525663345714,0.7600000000000193,0.31578275768403247,0.32115503861154315,-0.005372280927510686
IREDA,8,2025-09-02 14:45:00+05:30,28.0,0.23250525663345714,0.28000000000000114,0.30266350696243727,0.2794520411089284,0.02321146585350886
IREDA,8,2025-09-03 14:45:00+05:30,27.0,0.23250525663345714,0.5300000000000011,0.29251586000244645,0.30413661763311534,-0.011620757630668888
IREDA,8,2025-09-04 14:45:00+05:30,26.0,0.23250525663345714,-0.060000000000002274,0.28313883464785167,0.28120355920852835,0.001935275439323314
IREDA,8,2025-09-05 14:45:00+05:30,25.0,0.23250525663345714,0.44999999999998863,0.2673323846028146,0.3005774350790807,-0.03324505047626608
IREDA,8,2025-09-08 14:45:00+05:30,22.0,0.23250525663345714,-0.14000000000001478,0.271511744568843,0.2990884506966673,-0.027576706127824258
IREDA,8,2025-09-09 14:45:00+05:30,21.0,0.23250525663345714,0.44999999999998863,0.27417465456992235,0.2930552208439889,-0.018880566274066535
IREDA,8,2025-09-10 14:45:00+05:30,20.0,0.23250525663345714,0.21999999999999886,0.2771847947162103,0.2885911363705296,-0.011406341654319252
IREDA,8,2025-09-11 14:45:00+05:30,19.0,0.23250525663345714,0.5600000000000023,0.29261083617524575,0.29541711014001837,-0.002806273964772621
IREDA,8,2025-09-12 14:45:00+05:30,18.0,0.23250525663345714,0.7400000000000091,0.2859597193875903,0.27577096978108456,0.010188749606505731
IREDA,8,2025-09-15 14:45:00+05:30,15.0,0.23250525663345714,0.46000000000000796,0.32912112135372007,0.30858834954960224,0.020532771804117833
IREDA,8,2025-09-16 14:45:00+05:30,14.0,0.23250525663345714,0.6999999999999886,0.30214548233800403,0.30767721377147383,-0.0055317314334698
IREDA,8,2025-09-17 14:45:00+05:30,13.0,0.23250525663345714,0.7700000000000102,0.30726182151040815,0.30991317661347173,-0.0026513551030635796
IREDA,8,2025-09-18 14:45:00+05:30,12.0,0.23250525663345714,0.8499999999999943,0.32289065919457893,0.3104437277947903,0.012446931399788641
IREDA,8,2025-09-19 14:45:00+05:30,11.0,0.23250525663345714,0.9900000000000091,0.32711143037927404,0.33054868842027174,-0.003437258040997704
IREDA,8,2025-09-22 14:45:00+05:30,8.0,0.23250525663345714,1.2299999999999898,0.3282093211684577,0.36098720158816466,-0.03277788041970697
IREDA,8,2025-09-23 14:45:00+05:30,7.0,0.23250525663345714,1.3700000000000045,0.32018807903393937,0.3624164618479325,-0.04222838281399316
IREDA,8,2025-09-24 14:45:00+05:30,6.0,0.23250525663345714,1.039999999999992,0.28760864189730784,0.35971321963617753,-0.07210457773886969
IREDA,8,2025-09-25 14:45:00+05:30,5.0,0.23250525663345714,1.8199999999999932,0.27953746498062915,0.35553571937376616,-0.07599825439313701
IREDA,8,2025-09-26 14:45:00+05:30,4.0,0.23250525663345714,2.0400000000000205,0.13807482334962962,0.36019199102210575,-0.22211716767247613
IREDA,8,2025-09-29 14:45:00+05:30,1.0,0.23250525663345714,1.75,0.32694489333144827,0.34840750052297487,-0.021462607191526595
IREDA,8,2025-09-30 14:45:00+05:30,0.0,0.23250525663345714,-0.46000000000000796,0.4050199706094152,0.3395264264861656,0.06549354412324959
IREDA,9,2025-10-01 14:45:00+05:30,27.0,0.19548713815538143,0.4300000000000068,0.34706969968722734,0.3515325736577713,-0.004462873970543957
IREDA,9,2025-10-03 14:45:00+05:30,25.0,0.19548713815538143,0.6200000000000045,0.35262538528317827,0.3449666817714592,0.007658703511719045
IREDA,9,2025-10-06 14:45:00+05:30,22.0,0.19548713815538143,0.710000000000008,0.3591571425911199,0.3544014334565888,0.004755709134531105
IREDA,9,2025-10-07 14:45:00+05:30,21.0,0.19548713815538143,0.8199999999999932,0.3536551007950986,0.3396798188777102,0.013975281917388394
IREDA,9,2025-10-08 14:45:00+05:30,20.0,0.19548713815538143,0.6100000000000136,0.38781412846294794,0.35533961072615794,0.03247451773679
IREDA,9,2025-10-09 14:45:00+05:30,19.0,0.19548713815538143,0.4300000000000068,0.3972097565918131,0.3564239797798074,0.040785776812005736
IREDA,9,2025-10-10 14:45:00+05:30,18.0,0.19548713815538143,0.6499999999999773,0.37442899161188015,0.3610555108248271,0.013373480787053027
IREDA,9,2025-10-13 14:45:00+05:30,15.0,0.19548713815538143,0.5,0.4115698833935253,0.3626517395099525,0.048918143883572796
IREDA,9,2025-10-14 14:45:00+05:30,14.0,0.19548713815538143,0.8499999999999943,0.38582707550438233,0.3687345803643773,0.01709249514000505
IREDA,9,2025-10-15 14:45:00+05:30,13.0,0.19548713815538143,1.200000000000017,0.3327875655436767,0.33230310979083666,0.0004844557528400628
IREDA,9,2025-10-16 14:45:00+05:30,12.0,0.19548713815538143,1.200000000000017,0.33844919875536145,0.3315467169494312,0.006902481805930227
IREDA,9,2025-10-17 14:45:00+05:30,11.0,0.19548713815538143,1.3799999999999955,0.30383257908106687,0.33770928800045086,-0.03387670891938399
IREDA,9,2025-10-20 14:45:00+05:30,8.0,0.19548713815538143,1.4399999999999977,0.31477941480634264,0.34514257276394755,-0.030363157957604914
IREDA,9,2025-10-21 14:30:00+05:30,7.0,0.19548713815538143,1.5300000000000011,0.29567318197438686,0.3347191999414565,-0.039046017967069635
IREDA,9,2025-10-23 14:45:00+05:30,5.0,0.19548713815538143,1.4799999999999898,0.2829444744074802,0.32896287348570863,-0.04601839907822841
IREDA,9,2025-10-24 14:45:00+05:30,4.0,0.19548713815538143,1.3599999999999852,0.2429292286062737,0.3200242346308788,-0.07709500602460512
IREDA,9,2025-10-27 14:45:00+05:30,1.0,0.19548713815538143,0.23999999999998067,0.46081094932056,0.3419620683404932,0.1188488809800668
IREDA,9,2025-10-28 14:45:00+05:30,0.0,0.19548713815538143,-0.8300000000000125,0.5445146207193438,0.32392890607159197,0.22058571464775178
IREDA,10,2025-10-29 14:45:00+05:30,27.0,0.07636330780784026,0.06999999999999318,0.30687471944208433,0.33080720795227203,-0.0239324885101877
IREDA,10,2025-10-30 14:45:00+05:30,26.0,0.07636330780784026,-0.30000000000001137,0.32129730921990995,0.32323679932455956,-0.0019394901046496105
IREDA,10,2025-10-31 14:45:00+05:30,25.0,0.07636330780784026,-0.30000000000001137,0.3109502409582332,0.3146581715666186,-0.0037079306083854235
IREDA,10,2025-11-03 14:45:00+05:30,22.0,0.07636330780784026,-0.37000000000000455,0.3089893996998424,0.32745729339340846,-0.01846789369356605
IREDA,10,2025-11-04 14:45:00+05:30,21.0,0.07636330780784026,-0.30000000000001137,0.31808868795708567,0.32115168824272367,-0.0030630002856379956
IREDA,10,2025-11-06 14:45:00+05:30,19.0,0.07636330780784026,-0.28999999999999204,0.3207157128395901,0.3075893924049523,0.013126320434637795
IREDA,10,2025-11-07 14:45:00+05:30,18.0,0.07636330780784026,-0.28000000000000114,0.3024566772428571,0.3111341900018506,-0.008677512758993533
IREDA,10,2025-11-10 14:45:00+05:30,15.0,0.07636330780784026,-0.4099999999999966,0.31619540420179565,0.30235334138674025,0.0138420628150554
IREDA,10,2025-11-11 14:45:00+05:30,14.0,0.07636330780784026,-0.25,0.3016639551380381,0.30503999265428505,-0.0033760375162469325
IREDA,10,2025-11-12 14:45:00+05:30,13.0,0.07636330780784026,-0.45999999999997954,0.3027039459841665,0.29812984730821235,0.004574098675954152
IREDA,10,2025-11-13 14:45:00+05:30,12.0,0.07636330780784026,-0.4300000000000068,0.32608121919364275,0.2977545358435896,0.028326683350053172
IREDA,10,2025-11-14 14:45:00+05:30,11.0,0.07636330780784026,-0.37000000000000455,0.3028599016762975,0.29611115939157007,0.006748742284727438
IREDA,10,2025-11-17 14:45:00+05:30,8.0,0.07636330780784026,-0.6899999999999977,0.32548059660912954,0.3025802770024689,0.022900319606660613
IREDA,10,2025-11-18 14:45:00+05:30,7.0,0.07636330780784026,-0.6100000000000136,0.32576254801472493,0.30320044040417066,0.02256210761055427
IREDA,10,2025-11-19 14:45:00+05:30,6.0,0.07636330780784026,-0.710000000000008,0.31517192138238614,0.3033592887298843,0.01181263265250182
IREDA,10,2025-11-20 14:45:00+05:30,5.0,0.07636330780784026,-0.5800000000000125,0.25214738863693686,0.3105806530105654,-0.05843326437362856
IREDA,10,2025-11-21 14:45:00+05:30,4.0,0.07636330780784026,-0.46000000000000796,0.24148672973699642,0.2770214251594738,-0.03553469542247739
IREDA,10,2025-11-24 14:45:00+05:30,1.0,0.07636330780784026,-0.18000000000000682,0.40479396235729426,0.2709474531237731,0.13384650923352115
IREDA,10,2025-11-25 14:45:00+05:30,0.0,0.07636330780784026,-0.8600000000000136,0.5374208620757525,0.27552896911038893,0.2618918929653635
IREDA,11,2025-11-26 14:45:00+05:30,34.0,0.26995298437959064,-0.7299999999999898,0.25913154330374105,0.29966887966628075,-0.0405373363625397
IREDA,11,2025-11-27 14:45:00+05:30,33.0,0.26995298437959064,-0.6599999999999966,0.25450932952166533,0.2698207914475017,-0.015311461925836378
IREDA,11,2025-11-28 14:45:00+05:30,32.0,0.26995298437959064,-0.3400000000000034,0.2568871479449862,0.3124053015702528,-0.05551815362526663
IREDA,11,2025-12-01 14:45:00+05:30,29.0,0.26995298437959064,-0.5900000000000034,0.2701907386037208,0.27437097268160654,-0.004180234077885758
IREDA,11,2025-12-02 14:45:00+05:30,28.0,0.26995298437959064,-0.5500000000000114,0.28165066400300454,0.2995755755151973,-0.017924911512192776
IREDA,11,2025-12-03 14:45:00+05:30,27.0,0.26995298437959064,-0.47999999999998977,0.2895293297059014,0.2940486322289709,-0.0045193025230694794
IREDA,11,2025-12-04 14:45:00+05:30,26.0,0.26995298437959064,-0.4900000000000091,0.28644654827815674,0.29700135562309077,-0.010554807344934025
IREDA,11,2025-12-05 14:45:00+05:30,25.0,0.26995298437959064,-0.009999999999990905,0.2927580753828831,0.32556723615836924,-0.032809160775486124
IREDA,11,2025-12-08 14:45:00+05:30,22.0,0.26995298437959064,0.0,0.3053714748178161,0.2804903187476111,0.024881156070205024
IREDA,11,2025-12-09 14:45:00+05:30,21.0,0.26995298437959064,0.3300000000000125,0.2685122448775748,0.2774272421603259,-0.00891499728275108
IREDA,11,2025-12-10 14:45:00+05:30,20.0,0.26995298437959064,0.46999999999999886,0.28319234263656,0.283550286042277,-0.00035794340571698724
IREDA,11,2025-12-11 14:45:00+05:30,19.0,0.26995298437959064,0.3200000000000216,0.2453047459782428,0.2666098058426242,-0.021305059864381415
IREDA,11,2025-12-12 14:45:00+05:30,18.0,0.26995298437959064,0.6500000000000057,0.25578035104216956,0.2780488843702177,-0.022268533328048123
IREDA,11,2025-12-15 14:45:00+05:30,15.0,0.26995298437959064,0.3900000000000148,0.25087390755414263,0.2722953395843711,-0.02142143203022845
IREDA,11,2025-12-16 14:45:00+05:30,14.0,0.26995298437959064,0.38999999999998636,0.27647444131672705,0.27819129541110166,-0.0017168540943746091
IREDA,11,2025-12-17 14:45:00+05:30,13.0,0.26995298437959064,0.539999999999992,0.2843633290239208,0.28252248321884266,0.0018408458050781507
IREDA,11,2025-12-18 14:45:00+05:30,12.0,0.26995298437959064,0.46000000000000796,0.2532074609586979,0.3020939722577344,-0.048886511299036484
IREDA,11,2025-12-19 14:45:00+05:30,11.0,0.26995298437959064,0.5600000000000023,0.2476802960346825,0.28154927537077634,-0.03386897933609384
IREDA,11,2025-12-22 14:45:00+05:30,8.0,0.26995298437959064,0.6999999999999886,0.25861696357245884,0.2846733777156158,-0.02605641414315696
IREDA,11,2025-12-23 14:45:00+05:30,7.0,0.26995298437959064,0.7400000000000091,0.24507057092423562,0.3076689330088671,-0.06259836208463149
IREDA,11,2025-12-24 14:45:00+05:30,6.0,0.26995298437959064,1.289999999999992,0.20067809215589152,0.2951308965146753,-0.09445280435878375
IREDA,11,2025-12-26 14:45:00+05:30,4.0,0.26995298437959064,2.319999999999993,0.2697517636267181,0.34746731709694956,-0.07771555347023146
IREDA,11,2025-12-29 14:45:00+05:30,1.0,0.26995298437959064,2.0800000000000125,0.4527108395995476,0.35841547066639046,0.09429536893315715
IREDA,11,2025-12-30 14:45:00+05:30,0.0,0.26995298437959064,-0.8100000000000023,0.3911566019819755,0.3510299707518386,0.04012663123013688
IREDA,12,2025-12-31 14:45:00+05:30,27.0,0.48477526380396513,0.39999999999997726,0.3478849833930948,0.31805058291267785,0.029834400480416967
IREDA,12,2026-01-01 14:45:00+05:30,26.0,0.48477526380396513,0.3100000000000023,0.3395773790522318,0.3272644021403682,0.01231297691186356
IREDA,12,2026-01-02 14:45:00+05:30,25.0,0.48477526380396513,-0.04999999999998295,0.3701127105995744,0.3600497450210519,0.010062965578522487
IREDA,12,2026-01-05 14:45:00+05:30,22.0,0.48477526380396513,0.30999999999997385,0.38441870299422065,0.3718387387443752,0.012579964249845477
IREDA,12,2026-01-06 14:45:00+05:30,21.0,0.48477526380396513,0.6999999999999886,0.41873269157611614,0.4554353655110675,-0.03670267393495136
IREDA,12,2026-01-07 14:45:00+05:30,20.0,0.48477526380396513,0.2599999999999909,0.4373377627598516,0.39886038930434325,0.038477373455508335
IREDA,12,2026-01-08 14:45:00+05:30,19.0,0.48477526380396513,0.5099999999999909,0.45248868003699944,0.4070277652555513,0.04546091478144815
IREDA,12,2026-01-09 14:45:00+05:30,18.0,0.48477526380396513,0.8599999999999852,0.45932672124541024,0.4320963108620797,0.027230410383330517
IREDA,12,2026-01-12 14:45:00+05:30,15.0,0.48477526380396513,1.509999999999991,0.3728757909108118,0.3789391987857293,-0.0060634078749174924
IREDA,12,2026-01-13 14:45:00+05:30,14.0,0.48477526380396513,1.8199999999999932,0.34189927460253,0.4040905020163398,-0.06219122741380978
IREDA,12,2026-01-14 14:45:00+05:30,13.0,0.48477526380396513,2.030000000000001,0.34404570236465676,0.389351634666006,-0.04530593230134922
IREDA,12,2026-01-16 14:45:00+05:30,11.0,0.48477526380396513,2.5700000000000216,0.35232896897308486,0.3692661072657345,-0.016937138292649645
IREDA,12,2026-01-19 14:45:00+05:30,8.0,0.48477526380396513,2.660000000000025,0.3371826158324197,0.34252845149089145,-0.005345835658471743
IREDA,12,2026-01-20 14:45:00+05:30,7.0,0.48477526380396513,2.4399999999999977,0.3051296090570024,0.38298213155381056,-0.07785252249680813
IREDA,12,2026-01-21 14:45:00+05:30,6.0,0.48477526380396513,2.6500000000000057,0.3791234864287141,0.4189141014360609,-0.03979061500734682
IREDA,12,2026-01-22 14:45:00+05:30,5.0,0.48477526380396513,4.540000000000006,0.2629542326717161,0.3993509728542789,-0.13639674018256281
IREDA,12,2026-01-23 14:45:00+05:30,4.0,0.48477526380396513,3.6899999999999977,0.1849047846856363,0.4118012027052118,-0.22689641801957552
IREDA,12,2026-01-27 14:45:00+05:30,0.0,0.48477526380396513,1.5100000000000051,0.21179356955343784,0.4435236714344031,-0.23173010188096524
IREDA,13,2026-01-28 14:45:00+05:30,27.0,0.3866466941730499,1.9799999999999898,0.41186707389714833,0.3788044067615315,0.03306266713561684
IREDA,13,2026-01-29 14:45:00+05:30,26.0,0.3866466941730499,2.5,0.3943572156380772,0.3780712971386755,0.016285918499401697
IREDA,13,2026-01-30 14:45:00+05:30,25.0,0.3866466941730499,2.219999999999999,0.40343419816283393,0.3724658738298806,0.030968324332953323
IREDA,13,2026-02-01 14:45:00+05:30,23.0,0.3866466941730499,2.930000000000007,0.44638799065821966,0.5188226437375626,-0.07243465307934294
IREDA,13,2026-02-02 14:45:00+05:30,22.0,0.3866466941730499,3.230000000000004,0.38054629357238756,0.36810368667146004,0.012442606900927522
IREDA,13,2026-02-03 14:45:00+05:30,21.0,0.3866466941730499,2.839999999999989,0.3861572877983076,0.3638925239732164,0.022264763825091183
IREDA,13,2026-02-04 14:45:00+05:30,20.0,0.3866466941730499,1.8599999999999852,0.3888135725447023,0.3496638415650831,0.03914973097961916
IREDA,13,2026-02-05 14:45:00+05:30,19.0,0.3866466941730499,1.339999999999975,0.39027581848064075,0.36135651342482455,0.02891930505581619
IREDA,13,2026-02-06 14:45:00+05:30,18.0,0.3866466941730499,0.75,0.3892353185088392,0.36261509581923024,0.026620222689608952
IREDA,13,2026-02-09 14:45:00+05:30,15.0,0.3866466941730499,0.7600000000000193,0.3780301384172854,0.3550117046074939,0.02301843380979146
IREDA,13,2026-02-10 14:45:00+05:30,14.0,0.3866466941730499,1.5,0.37561649844944955,0.3455725291668334,0.030043969282616156
IREDA,13,2026-02-11 14:45:00+05:30,13.0,0.3866466941730499,1.5499999999999972,0.3874447100323867,0.36446179767428455,0.022982912358102126
IREDA,13,2026-02-12 14:45:00+05:30,12.0,0.3866466941730499,2.0999999999999943,0.4019345899226753,0.36320607363004276,0.03872851629263252
IREDA,13,2026-02-13 14:45:00+05:30,11.0,0.3866466941730499,1.6800000000000068,0.3711568096082722,0.396296773484349,-0.02513996387607681
IREDA,13,2026-02-16 14:45:00+05:30,8.0,0.3866466941730499,2.200000000000003,0.4201048677144112,0.38433937634542426,0.035765491368986935
IREDA,13,2026-02-17 14:45:00+05:30,7.0,0.3866466941730499,2.0999999999999943,0.4149595069430414,0.3753831620704758,0.039576344872565616
IREDA,13,2026-02-18 14:45:00+05:30,6.0,0.3866466941730499,2.940000000000012,0.3294375842030245,0.3534832834438766,-0.024045699240852092
IREDA,13,2026-02-19 14:45:00+05:30,5.0,0.3866466941730499,2.8400000000000034,0.35200130222235443,0.34424976679988917,0.007751535422465261
IREDA,13,2026-02-20 14:45:00+05:30,4.0,0.3866466941730499,3.8100000000000023,0.4082420527238099,0.3445256802646411,0.06371637245916884
IREDA,13,2026-02-23 14:45:00+05:30,1.0,0.3866466941730499,3.6099999999999994,0.4940375002065964,0.33593636220000345,0.15810113800659298
IREDA,13,2026-02-24 14:45:00+05:30,0.0,0.3866466941730499,4.240000000000009,0.46092518098497537,0.3424403273617965,0.11848485362317884
IREDA,14,2026-02-25 14:45:00+05:30,33.0,0.5886205761099164,0.5300000000000011,0.3493727848398016,0.3630009549993469,-0.013628170159545316
IREDA,14,2026-02-26 14:45:00+05:30,32.0,0.5886205761099164,0.8299999999999983,0.34987964292918533,0.3667932118657557,-0.016913568936570367
IREDA,14,2026-02-27 14:45:00+05:30,31.0,0.5886205761099164,0.8200000000000074,0.3475850673684093,0.37286491549103973,-0.025279848122630455
IREDA,14,2026-03-02 14:45:00+05:30,28.0,0.5886205761099164,0.6099999999999994,0.37156470355867866,0.4656752028509384,-0.09411049929225973
IREDA,14,2026-03-04 14:45:00+05:30,26.0,0.5886205761099164,0.5799999999999983,0.3796164579047644,0.45242960137053934,-0.07281314346577494
IREDA,14,2026-03-05 14:45:00+05:30,25.0,0.5886205761099164,0.6800000000000068,0.36591767645862416,0.37726933135057394,-0.01135165489194978
IREDA,14,2026-03-06 14:45:00+05:30,24.0,0.5886205761099164,0.28999999999999204,0.3754067088203815,0.3564117009652466,0.018995007855134916
IREDA,14,2026-03-09 14:45:00+05:30,21.0,0.5886205761099164,0.4100000000000108,0.4345032171788288,0.4233802640737619,0.01112295310506689
IREDA,14,2026-03-10 14:45:00+05:30,20.0,0.5886205761099164,0.7999999999999972,0.3753028971881639,0.4010975773883725,-0.025794680200208586
IREDA,14,2026-03-11 14:45:00+05:30,19.0,0.5886205761099164,0.8900000000000006,0.40378424544261,0.3565151385033768,0.047269106939233196
IREDA,14,2026-03-12 14:45:00+05:30,18.0,0.5886205761099164,1.2000000000000028,0.3860975452522889,0.3779292519731053,0.008168293279183614
IREDA,14,2026-03-13 14:45:00+05:30,17.0,0.5886205761099164,1.3000000000000114,0.447581638192312,0.4615463420300185,-0.013964703837706482
IREDA,14,2026-03-16 14:45:00+05:30,14.0,0.5886205761099164,1.1899999999999977,0.40428199582762003,0.40684458421041636,-0.002562588382796327
IREDA,14,2026-03-17 14:45:00+05:30,13.0,0.5886205761099164,1.5,0.3407754784470498,0.3817246533268522,-0.040949174879802375
IREDA,14,2026-03-18 14:45:00+05:30,12.0,0.5886205761099164,1.4200000000000017,0.3507332589941884,0.3929429168916291,-0.04220965789744069
IREDA,14,2026-03-19 14:45:00+05:30,11.0,0.5886205761099164,1.7199999999999989,0.3631288686460765,0.4130640054396627,-0.04993513679358619
IREDA,14,2026-03-20 14:45:00+05:30,10.0,0.5886205761099164,1.8299999999999983,0.38604397482903263,0.4079413139573431,-0.02189733912831049
IREDA,14,2026-03-23 14:45:00+05:30,7.0,0.5886205761099164,2.319999999999993,0.5108428197185233,0.5047069943421604,0.0061358253763629245
IREDA,14,2026-03-24 14:45:00+05:30,6.0,0.5886205761099164,2.3700000000000045,0.4289324540715804,0.5017981167251572,-0.07286566265357675
IREDA,14,2026-03-25 14:45:00+05:30,5.0,0.5886205761099164,3.200000000000003,0.4389333375490173,0.40906977028454217,0.029863567264475144
IREDA,14,2026-03-27 14:45:00+05:30,3.0,0.5886205761099164,4.150000000000006,0.31592800241740904,0.4867434839730247,-0.17081548155561566
IREDA,14,2026-03-30 14:45:00+05:30,0.0,0.5886205761099164,1.509999999999991,0.3530653501429313,0.5168027893827406,-0.16373743923980932
IREDA,15,2026-04-01 14:45:00+05:30,27.0,0.30983222012573547,1.8499999999999943,0.45573182918576255,0.40754337033239124,0.04818845885337131
IREDA,15,2026-04-06 14:45:00+05:30,22.0,0.30983222012573547,1.7199999999999989,0.48124666661613413,0.5041707366164419,-0.022924070000307717
IREDA,15,2026-04-07 14:45:00+05:30,21.0,0.30983222012573547,2.2299999999999898,0.4410730155753944,0.4225705525462067,0.018502463029187732
IREDA,15,2026-04-08 14:45:00+05:30,20.0,0.30983222012573547,1.6799999999999926,0.4267227001245294,0.4110829377090217,0.015639762415507685
IREDA,15,2026-04-09 14:45:00+05:30,19.0,0.30983222012573547,1.5799999999999983,0.43747788548600947,0.4137560725548093,0.02372181293120018
IREDA,15,2026-04-10 14:45:00+05:30,18.0,0.30983222012573547,1.9000000000000057,0.41850024609669745,0.3975792878245238,0.020920958272173662
IREDA,15,2026-04-13 14:45:00+05:30,15.0,0.30983222012573547,1.8900000000000006,0.43037611572981577,0.39938389171536315,0.03099222401445262
IREDA,15,2026-04-15 14:45:00+05:30,13.0,0.30983222012573547,2.289999999999992,0.43344492100379045,0.376478818995006,0.056966102008784436
IREDA,15,2026-04-16 14:45:00+05:30,12.0,0.30983222012573547,2.289999999999992,0.41070445427260593,0.38886474772855684,0.021839706544049098
IREDA,15,2026-04-17 14:45:00+05:30,11.0,0.30983222012573547,2.420000000000016,0.4100229217524043,0.37448244736215264,0.03554047439025165
IREDA,15,2026-04-20 14:45:00+05:30,8.0,0.30983222012573547,2.0200000000000102,0.4880228218486302,0.4173011045736193,0.07072171727501092
IREDA,15,2026-04-21 14:45:00+05:30,7.0,0.30983222012573547,1.8200000000000074,0.39214963881391646,0.34371062568258526,0.0484390131313312
IREDA,15,2026-04-22 14:45:00+05:30,6.0,0.30983222012573547,1.9699999999999989,0.43451360312129583,0.44235883216539296,-0.007845229044097124
IREDA,15,2026-04-23 14:45:00+05:30,5.0,0.30983222012573547,2.1299999999999955,0.33522130253172555,0.3906457542616738,-0.055424451729948254
IREDA,15,2026-04-24 14:45:00+05:30,4.0,0.30983222012573547,1.960000000000008,0.3013233553555925,0.4302388855078948,-0.12891553015230228
IREDA,15,2026-04-27 14:45:00+05:30,1.0,0.30983222012573547,1.6599999999999966,0.3893369625740361,0.4183926268196999,-0.029055664245663804
IREDA,15,2026-04-28 14:45:00+05:30,0.0,0.30983222012573547,-0.28999999999999204,0.4015140863829294,0.4225618811893372,-0.021047794806407782
IREDA,16,2026-04-29 14:45:00+05:30,27.0,0.2899100197563352,0.09000000000000341,0.42365239422536094,0.29497222303271525,0.1286801711926457
IREDA,16,2026-04-30 14:45:00+05:30,26.0,0.2899100197563352,1.079999999999984,0.40367308828719606,0.4233725909851973,-0.019699502698001248
IREDA,16,2026-05-04 14:45:00+05:30,22.0,0.2899100197563352,1.039999999999992,0.42330743995117875,0.38267240640232447,0.04063503354885428
IREDA,16,2026-05-05 14:45:00+05:30,21.0,0.2899100197563352,0.6400000000000148,0.4126476955747832,0.3839017301055575,0.0287459654692257
IREDA,16,2026-05-06 14:45:00+05:30,20.0,0.2899100197563352,0.7099999999999795,0.3795733999601347,0.33902226416450854,0.04055113579562619
IREDA,16,2026-05-07 14:45:00+05:30,19.0,0.2899100197563352,0.4399999999999977,0.3876712726400855,0.35350472517649956,0.03416654746358594
IREDA,16,2026-05-08 14:45:00+05:30,18.0,0.2899100197563352,0.4000000000000057,0.39539445511455185,0.35089215306751625,0.04450230204703559
IREDA,16,2026-05-11 14:45:00+05:30,15.0,0.2899100197563352,0.3400000000000034,0.4180969776579895,0.34022937027591516,0.07786760738207432
IREDA,16,2026-05-12 14:45:00+05:30,14.0,0.2899100197563352,0.46000000000000796,0.43466845811916033,0.3888197585793234,0.045848699539836946
IREDA,16,2026-05-13 14:45:00+05:30,13.0,0.2899100197563352,0.7799999999999869,0.4410748936921334,0.3844285135278176,0.05664638016431578
IREDA,16,2026-05-14 14:45:00+05:30,12.0,0.2899100197563352,0.5500000000000114,0.4390923337547093,0.4391139293615368,-2.1595606827518044e-05
IREDA,16,2026-05-15 14:45:00+05:30,11.0,0.2899100197563352,1.0100000000000051,0.4129769040914417,0.3763795711241785,0.036597332967263196
IREDA,16,2026-05-18 14:45:00+05:30,8.0,0.2899100197563352,1.0900000000000034,0.46924453760267715,0.3787703390117891,0.09047419859088807
IREDA,16,2026-05-19 14:45:00+05:30,7.0,0.2899100197563352,1.0800000000000125,0.442675069390755,0.37362316596919803,0.06905190342155698
IREDA,16,2026-05-20 14:45:00+05:30,6.0,0.2899100197563352,1.0999999999999943,0.43305924853598615,0.37989577886300946,0.05316346967297669
IREDA,16,2026-05-21 14:45:00+05:30,5.0,0.2899100197563352,1.1499999999999915,0.3657307915641539,0.34575671876617836,0.01997407279797553
IREDA,16,2026-05-22 14:45:00+05:30,4.0,0.2899100197563352,1.4300000000000068,0.2717581027114526,0.3447060005465483,-0.0729478978350957
IREDA,16,2026-05-25 14:45:00+05:30,1.0,0.2899100197563352,3.4799999999999898,0.2757619865827746,0.3719437736628025,-0.09618178708002789
IREDA,16,2026-05-26 14:45:00+05:30,0.0,0.2899100197563352,2.0,0.19775968656897772,0.3516093988894007,-0.15384971232042297
