sessions_left,by,group,spread_bps_median,spread_bps_p25,spread_bps_p75,spread_norm_median,spread_norm_p25,spread_norm_p75,oi_share_f1_median,oi_share_f1_p25,oi_share_f1_p75,oi_ratio_median,oi_ratio_p25,oi_ratio_p75,spot_f1_bps_median,spot_f1_bps_p25,spot_f1_bps_p75,spot_f2_bps_median,spot_f2_bps_p25,spot_f2_bps_p75,b1_pct_median,b1_pct_p25,b1_pct_p75,b2_pct_median,b2_pct_p25,b2_pct_p75,b12_pct_median,b12_pct_p25,b12_pct_p75,n
0.0,all,all,-28.60775588048243,-65.93310820268141,117.1741830087187,-0.030488266101959434,-0.41919815437750907,0.4090263012476323,0.13053027451010832,0.07547295436184767,0.1917754330285866,0.1501264988366625,0.08163419421565346,0.2372816287555019,13.358366479246229,-17.55145866787548,27.040101604993968,-12.379761707381443,-50.2559962552629,98.70369790525073,,,,4.71946626577625,0.09363429159882,17.75667599369321,2.526098766650018,0.0,19.42150297904743,123
1.0,all,all,66.33613567968811,-38.404848904812255,204.85048626049038,0.46578627753084706,-0.09141918120081735,0.8244393676981179,0.25348844703683415,0.20352612126660674,0.298470082212664,0.3395639974098856,0.2555339562300119,0.4254559565386108,-5.847953216373936,-25.443330763300892,8.33333333333365,52.0494469746259,-31.616607038854767,180.25939766981855,0.0,0.0,32.11716120704507,12.257747395586504,2.6643201738078375,26.012437175071497,13.841105115839724,1.8943489728872651,28.722563420754433,126
2.0,all,all,62.89049971782385,-14.186800261649088,197.91588937061374,0.4503344055481384,0.23735029703204008,0.7522254578940302,0.43613005433382573,0.39228288089541385,0.4948317293547543,0.7734587323486879,0.6455025461219605,0.979540463591055,-9.498267962901773,-26.43547470153548,7.193727069994965,58.1556355580178,-27.09168953627568,191.15202659506514,0.0,0.0,12.816638164793362,12.653117096035022,3.5893715027130297,25.93478193007559,13.651106843050695,4.529520766613086,29.571271891024246,126
3.0,all,all,78.25234460295151,-22.659071344692535,183.6291852974281,0.43120654601952263,0.18097585565226262,0.7365266228576312,0.6311664532768504,0.5870425771868106,0.6835392936472997,1.7112580864403837,1.4215584524110123,2.159953138463662,-1.1683607898121595,-19.462581617278605,13.013698630137608,59.23836389280741,-17.03424780347735,201.4784751413245,4.828577407500126,0.0,17.18239957343813,12.117176766559286,4.422879137614186,27.890299091530522,14.727614197282339,3.6792783720409816,28.130912710375156,126
4.0,all,all,65.49641745434445,-27.64099204061164,173.40697014619425,0.3862685666639709,0.14300780354233308,0.6056359327263089,0.7965908280436488,0.7351278604700835,0.8404770616675961,3.9161991584852736,2.7757928810773764,5.269297701273473,0.0,-19.902147773446085,29.620090148099862,62.28373702422145,-32.56950098871646,206.82367149758352,6.25,0.0,23.498324930520823,11.85717972000402,3.216993059629695,24.30575933362237,13.820667594158424,2.665184031807872,25.836510313503773,126
5.0,all,all,54.469090431814905,-27.63868431212105,153.36741551459258,0.32093701727514057,0.13521909252017097,0.5412465526600578,0.8273695420660276,0.7712540897810987,0.8760376025817342,4.792720542874768,3.3718323418019067,7.067391988125046,-1.5501991161057118,-21.5384066926512,26.022790940745267,51.23858011552706,-41.97840146906928,169.49639532555227,5.4914991846893635,0.0,19.836713884344647,11.191454590960978,2.294994375378953,22.55645465896111,12.791555763927304,3.040623500133701,23.429789488204293,127
6.0,all,all,65.55046596114322,-23.145308892052146,145.19647966960702,0.3339154570997715,0.17282831832371204,0.5785269403917019,0.8524659314296632,0.7938031355777326,0.9011535432110185,5.778263477433985,3.8498553115966416,9.11687514089351,-6.361772814023211,-27.932960893854748,33.996474439688306,30.56147832267203,-50.14658231754359,183.13458262350986,4.058623736109516,0.0,18.905243567369297,9.114620504868181,1.4273071165305573,22.67884077556265,13.986932884887155,3.2908904993837487,23.69396725697176,127
7.0,all,all,57.072850056773774,-24.267096035501968,143.38445170631294,0.309018408495292,0.14560638626341205,0.5689229794696217,0.8741793952672394,0.8156624522190514,0.9193633141566938,6.947999012689188,4.4248620215673125,11.401820884065746,-8.136696501221033,-22.796352583586625,18.899125915426012,49.97570625390467,-42.968104445546565,155.62284346172743,3.5511939803963317,0.0,12.527006966563981,10.710211192831709,2.5244901998879827,19.01941557623593,13.489539483355228,3.3809552835620527,22.066310503612296,127
8.0,all,all,54.592164418753654,-20.07164201190664,136.5360369520214,0.29779955501388944,0.18040589845002158,0.5104118895560217,0.8869812393405344,0.8308193630364389,0.9273516986969715,7.8480885311871225,4.91084191399152,12.764946764946766,-7.561436672967864,-20.325203252032523,25.685931115003452,36.37230934351044,-42.76069017254348,177.0592763664357,3.900133793300812,0.0,13.743307494405425,9.445274173573557,2.4513714541528695,20.12353565859679,12.641712028238233,4.097300110095835,21.969221951385464,127
9.0,all,all,52.628159313884886,-27.5972536756667,130.34533488759135,0.30202900094408786,0.14503842844098785,0.4871964792359529,0.9000350966096999,0.8468826796938383,0.9310929344019294,9.003572170166377,5.530941254459535,13.515360599844858,-2.947678703022041,-23.3260153677284,35.66066066066024,52.76421483698256,-41.69381107491916,164.60905349794206,5.4225044715540935,0.0,15.563860481014572,10.815284380035573,2.7182317145411266,19.23758541804473,12.481191852373223,2.901688866261359,20.89917494529474,127
10.0,all,all,37.43362061460742,-22.157469160477547,111.87743724469239,0.24301531604338017,0.11203656083342674,0.4130596216833213,0.9194567833274727,0.8657382531804821,0.9434543096225338,11.415755699833912,6.448138708066544,16.685002262589695,-1.3018290698434256,-22.474373732391253,31.25,34.16414317881893,-44.150110375275936,142.2070534698521,5.910616654409476,0.9817269231610581,14.410078201847229,8.998424926750664,2.7091247264626452,17.614821333203054,10.772368555050457,3.783408607076548,19.83857387261883,127
11.0,all,all,32.292078555424354,-24.392874362423576,113.42251379505939,0.24365316161925604,0.09947027319081514,0.4017101405491416,0.9256796297281481,0.8763486974561803,0.9486120869650789,12.455261274158913,7.087669293993635,18.460474211706725,-4.441154700221385,-31.40548360916084,46.55712050078283,29.390154298310485,-51.282051282051015,153.2332209623046,5.349632437907722,0.0,16.895643914739022,8.58547853925625,2.562627352597456,17.52261435854736,10.292549449092014,3.347020291735014,20.63033439070095,127
12.0,all,all,34.66805338880222,-30.17943158907046,100.44512545244291,0.17222347076677977,0.055562003388361994,0.36529615184601305,0.9271481876265917,0.883900251083303,0.9515742901133789,12.731239578453565,7.613438670945957,19.6513079207518,-3.324468085106383,-26.351351351351965,39.93154592127782,28.43024436471858,-54.55962587685113,155.32544378698225,5.5358819788295115,0.5085584454115534,14.57300035050341,8.465075961126832,2.0294628623115964,17.5602771008472,10.599591718390611,2.8421726775061193,17.530461742582638,127
13.0,all,all,35.587188612099645,-19.32452138528064,110.36882739523631,0.22309642862739554,0.08570249787923818,0.3693994708692422,0.9365670179230408,0.8944508448133116,0.9561641733091493,14.767045594441408,8.476471075621431,21.815531988959894,-12.912313651837339,-34.285714285713965,28.675890744856257,30.938466827087566,-43.89312977099294,129.13143735587974,3.7710766755114546,0.0,11.490867985316655,8.344452814874426,3.19786478622459,15.68870174169269,10.077203382473805,3.9352825002785092,18.90948050722288,127
14.0,all,all,27.774103954503673,-19.90827971132962,111.93476649369836,0.21877996094508798,0.11388504114430385,0.38370021074833605,0.9410329402196015,0.9127708872836309,0.961566662593181,15.958620689655172,10.4640625,25.019077901430844,-7.58150113722517,-37.683693120835684,55.78261479689885,36.87500000000021,-52.832366542760646,147.7893926195257,4.866900274838809,0.0,15.89965071923895,9.059219145248285,2.647384862947325,16.769821048772506,9.745486094233534,3.763023828144912,20.0926511575015,129
15.0,all,all,26.77723071607615,-29.838022165387894,113.56045424181664,0.19896353857173396,0.05372878150108981,0.3932524042401182,0.948522093131521,0.9149198259804364,0.9674283548486597,18.425951241740716,10.75578481087342,29.70320986461567,-5.885815185402844,-34.410812291724525,55.824809207762456,13.266509433962767,-53.484434940019426,170.27710386499578,5.246532015580501,0.5546699777760514,15.873920699765817,7.115266212858279,2.6245337915040645,17.238487200069905,9.74528508382192,2.7691663468007297,21.07455428662995,129
16.0,all,all,24.263431542461003,-27.999366052089144,119.64993846574593,0.17904048988934573,0.07333779272112541,0.36237866390994994,0.9514369879970561,0.9249740049836785,0.966967396334915,19.591808274436957,12.335972747653075,29.282165730197207,-16.542597187758478,-34.07434642373015,64.4852151008993,24.900398406374503,-64.32705325955439,139.5858691922292,3.639313530399334,0.7640807652660061,16.771571116080246,7.87499638967423,1.8895457909144135,14.88018262709799,9.217722234718083,2.863698482025439,21.233744608547582,125
17.0,all,all,20.23001307681383,-29.687493958437873,132.97217527307632,0.16441985103165918,0.037486102665452534,0.3529441206429259,0.9532382622913236,0.9263266807891356,0.9686637449196396,20.385490475772094,12.575526148539142,30.91201697363669,-2.7448879163985396,-39.54336650405754,71.43325282863896,31.432675413903382,-63.52183797107019,172.7904239245691,5.845927304530509,0.4366140655072136,16.655415571541074,8.356869289664377,1.9088070250636262,17.6684399331106,8.78791477057172,2.5629565391559765,21.005875068450823,124
18.0,all,all,26.37619157075687,-33.07926427043484,119.74334998186602,0.19177279834305622,0.08832520937777437,0.4329411250267029,0.9559070810238526,0.9275446027467591,0.96777950310559,21.679378531073446,12.801594331266607,30.03614457831325,-10.760642948415555,-37.99019853479197,76.65515655859893,23.414634146340873,-58.936881491680325,181.54284723812827,4.796102593635204,1.0762723577419326,17.074754627213125,7.805702287659083,2.450485921759787,17.19679993308307,9.494678335355344,2.752132663938897,20.787233206677485,96
19.0,all,all,39.26282051282124,-32.90676416819013,119.50712589073734,0.16566029053383616,0.08469841601407989,0.3662658334453482,0.9549444520641888,0.9248540166676116,0.968533782564226,21.19482496194825,12.307431158053564,30.780114722753346,-15.30682829131652,-41.44709224698502,76.43946467475917,0.896814761364662,-66.73809910536303,191.91772495737183,4.182327011736447,0.6291720002339392,16.623895492843143,6.290494840038564,2.0354664456314677,18.63815629548344,11.378263207398904,2.3523328139185464,21.06205890513818,77
20.0,all,all,23.41731266149944,-19.701781605118548,111.72966500147604,0.11320036501653828,0.040457213531046865,0.38055417868904845,0.9554494348062624,0.9241173814390515,0.9667479695706889,21.44640434192673,12.178407136131348,29.07382090194812,-16.282225237448706,-44.51864218141274,125.98315584325285,20.430614490019714,-52.195526097762674,238.45007451564828,4.069983963047145,0.6592270553479675,22.77713123489574,7.4737381005081875,2.880406552418525,21.98013212106589,9.306193762433015,3.6842628316465307,20.621958967040243,59
21.0,all,all,21.85792349726776,-20.79280971225373,60.24573919936512,0.17510159013056362,0.05802480323119846,0.33315539684423484,0.9581003577162024,0.9280943036316531,0.9678902660337325,22.8683188251223,12.910398464982487,30.143252295649557,-10.940919037199125,-48.616711247658294,53.1499780347346,21.71780860305466,-66.8604803467928,117.90281491468643,4.873706052411998,0.43992534636741637,12.651877108317567,7.642214118764332,2.085252622665018,13.574703873380033,9.102455030006452,3.542322770288158,14.001980004719178,49
22.0,all,all,-3.1408104641321097,-31.80391705521786,70.11214481807646,0.18810778279759205,0.040397148354714876,0.4046744100943822,0.9605291971944665,0.9390394088669951,0.9681717677179099,24.3351826900214,15.404040404040405,30.418647166361975,-19.583768501419307,-50.824181637359914,108.37161477890658,-17.12871527739027,-80.83659624332402,126.37681868825189,4.0467996501444565,0.38535604511616417,18.315912109786087,5.213825128898904,1.256644577151149,13.80668922504093,5.840654870338849,2.1107118175927346,15.421964610804363,42
23.0,all,all,-15.278733285675473,-28.924990805683834,31.538932194789453,0.2294930619490883,0.10378738356783684,0.4670730392743467,0.9645911371828397,0.9420345785736338,0.9710722682203823,27.241516966067863,16.251664447403463,33.56890459363957,-29.122350845938158,-60.33121742834446,11.526424296914389,-46.524316593508985,-82.92983428129682,30.294819468710667,3.0218120561338724,0.0,7.488516666803432,3.4560497363578655,1.140800470061057,8.092841850930705,4.259835827087659,2.4848701430325595,10.367823963061003,30
24.0,all,all,-25.34312242910672,-57.841415054945415,-7.587864735263853,0.18345132155434885,0.025881320891913886,0.2614496135709999,0.9642173145395971,0.956664967129994,0.9719970465824994,26.94736772083975,22.084386152572115,34.7234734015984,-48.07289217660383,-59.59389145668922,-1.6322020520911686,-87.74699195660125,-104.75813638533542,-13.724215380038602,1.1768278414805997,0.06713282957138011,6.075161605696081,1.1069502661004273,0.11487307835402161,5.450177167997379,2.950665989169089,0.0,5.261268759774861,14
25.0,all,all,-31.495050777735514,-52.57993347441115,28.846161585402257,0.16909604817349688,0.12012356217238253,0.5542268506354536,0.9712689545091779,0.961075982170623,0.9714952816421831,33.80555555555556,24.691078561917443,34.081911262798634,-57.64635603345335,-70.58918284169599,-45.56417320005953,-108.16062176165833,-125.10686344657066,-9.477952521251353,0.25556988529850044,0.0,1.5880841017086424,0.11458555971547435,0.0,5.693198446329385,2.150846935073305,0.669348845515811,10.016197027027115,7
0.0,htb,HTB,-9.391876027237242,-61.299696885712976,125.48442098441467,-0.028898241875099165,-0.4490271915669666,0.4847669817050887,0.12250347566824558,0.07259053092426612,0.17322424249547,0.13962258347513767,0.07827246104987151,0.20953404786142885,12.806921605873825,-18.467819483485403,26.558398051516917,-2.8594757966240394,-48.30271124813949,138.24772316619033,,,,5.911600525491004,0.36109872955611066,21.346844533826328,5.026276438111027,0.0,21.007668142054467,111
1.0,htb,HTB,83.61696857603872,-1.4035518805805496,215.04416730371102,0.4781228348627288,-0.04121596337122841,0.840191607846975,0.24819917012448134,0.200323711504823,0.2915450427780574,0.3301395266690215,0.2505060039754214,0.41152234140797045,-5.847953216373936,-25.443330763300892,8.941116362242072,67.44186046511575,-15.741507870754688,196.4724268810009,0.0,0.0,35.16089260064289,14.247616677177566,4.270299016202082,28.48518712148436,15.788767905586248,6.067116452406955,31.847822332216424,114
2.0,htb,HTB,84.35547057990637,2.6870784265791237,213.20766395521116,0.45197117539590814,0.23735029703204008,0.7574650852268952,0.43236833665264784,0.38733492161740934,0.48977002853654206,0.7617768000752193,0.6322133166871696,0.9599578950872054,-11.077263915812162,-26.55207350731897,6.0679611650499234,77.53001715265835,-9.061488673139747,210.2188108603508,0.0,0.0,11.788695162463013,14.524222416613119,5.402321601973143,28.953619721485087,16.244677248430357,6.568857276865369,31.26563753931198,114
3.0,htb,HTB,91.62758945877431,1.5034060891713894,203.27618941168583,0.43120654601952263,0.18097585565226262,0.7160458787862248,0.627571555125688,0.5838583547532612,0.6825181854283678,1.6852495015230087,1.4030321200180453,2.149794042465608,-0.7235890014465198,-17.967019443759348,14.527845036319246,73.02353651176703,2.1561017680047567,217.92104713499936,5.809832615609093,0.0,17.8097807212032,14.243565329519726,6.48148882284101,29.273723025970614,17.54876238847589,6.43362212111289,30.489381736904427,114
4.0,htb,HTB,80.65457786321988,-10.60545353761907,194.17362208014106,0.3942707621855396,0.14819094108696032,0.6068124535847504,0.7890553287893287,0.7307057641240524,0.8368023768405186,3.7405795759651883,2.7134800004180253,5.127875447264345,1.5225334957355217,-20.21660649819462,30.30786409315644,70.65609228550755,-8.943816570452142,229.64669738863248,7.176278392856088,0.0,24.600944031505538,13.355097136212269,5.290284098022467,27.53410614116808,15.766766983656883,4.953343636897185,28.664815274392012,114
5.0,htb,HTB,76.27522644207778,3.0196430708015773,161.93028507417523,0.33562047132900574,0.17802376762851768,0.5428897907292491,0.8250567997403441,0.7663284417324107,0.8733110432640242,4.716141001855288,3.2796689790285614,6.893350073704768,0.0,-17.31807556738393,29.28135731297295,72.31275234661437,-16.499690023621767,186.0301208887371,6.25,0.0,21.137478825611645,13.460060592272715,4.5307456462130276,24.103367893806954,14.374942179462646,6.5589642885887525,24.958171111299635,115
6.0,htb,HTB,80.20231213872766,-12.159490788377344,160.8985170261493,0.3328663598023531,0.17282831832371204,0.6191513464403267,0.8482091490759798,0.7905139239009595,0.8963172970604625,5.588014955697036,3.7736769436487076,8.646273326090677,0.0,-27.111291853056798,36.18194348724991,74.63884430176529,-20.459195271653424,194.45281881217934,6.25,0.0,20.59633249031649,12.466018376085087,4.473814853163738,23.715257880605893,14.77372410789931,4.939765940809061,24.975704911701257,115
7.0,htb,HTB,67.4249530956848,-12.22354843197233,151.82566529207645,0.3037673199041722,0.14560638626341205,0.5724957354856622,0.8682747421014767,0.8114282950300897,0.9154509728188525,6.59274165052456,4.303091982461106,10.82937313752524,-5.087332541970686,-20.833333333333332,21.796759941090105,68.50933144341998,-24.41008950366178,169.95575531989635,4.232955737391976,0.0,14.027678232143598,12.531781897445002,3.9040143842888972,21.16224879610844,14.799758216782891,4.657547780578167,23.28886702918225,115
8.0,htb,HTB,65.83588055490313,-5.923390668208169,145.08758894172172,0.2751526221931927,0.18040589845002158,0.5104118895560217,0.8809193583499078,0.8289335651826832,0.9219629352255483,7.397670571645515,4.84568867243401,11.814744621252757,-5.281225244256367,-19.305019305018206,29.36857562408223,53.272450532724505,-19.250601581299104,192.84557632857224,4.522271088640505,0.38371724301603655,15.518096802793677,10.846339905709751,4.5786392723712845,21.468167556221648,13.773774600773272,5.570888978776596,23.41863818658286,115
9.0,htb,HTB,67.87330316741972,1.0495894596821456,145.58712314146538,0.2893765680149588,0.14503842844098785,0.497251919200166,0.8979014896161792,0.8454379931215861,0.9300942712110225,8.794462193823216,5.469895287958115,13.304979253112034,0.0,-21.680216802167475,36.913990402362494,67.05969049373552,-14.48109412711146,174.7503566333809,6.25,0.7547246112482766,16.326886207374557,12.045879211677276,5.149630003339848,21.456820530914822,14.459133646582622,6.386829770978985,22.752471739727305,115
10.0,htb,HTB,57.83385909568845,-6.596308398084965,128.67076227153225,0.22929479193732535,0.10824823197120743,0.40085297204930803,0.9146042940047872,0.8620836110653258,0.9426237208434435,10.710491968939476,6.250832711203897,16.428806931898063,2.117148906139411,-16.954430642538636,46.20997162545639,41.80064308681708,-17.241379310344826,173.36014347046284,6.802029403299348,2.0582102754810205,17.814348461802027,9.37024734291452,4.922579286743482,20.776598255303856,13.109713829615927,5.490241725971329,21.7857358017395,115
11.0,htb,HTB,48.57892679658298,-8.566228190627092,121.67144162434741,0.22078055858162043,0.09870614917851009,0.37891101519683223,0.9206857766113364,0.8752468488675428,0.9473287968727379,11.608079071766223,7.015829587649013,17.98570643210555,4.237886707161386,-25.92016588906169,57.19392314566659,49.62054874489333,-30.877075857465123,171.8494271685768,7.109531391651926,0.6483995310560792,18.52099591573062,9.881316924698428,3.9270067907220167,19.13851338886848,11.822781542823302,5.1338094533443055,21.883665526688283,115
12.0,htb,HTB,48.050139275766654,-10.144016130762665,112.23682329388717,0.16388891358064397,0.050965138974013974,0.35158861103238315,0.9240277461349072,0.8800513697860712,0.9491063777646738,12.162906889496623,7.3378335078736185,18.648967143377313,8.396305625525086,-22.35469448584203,41.88481675392671,58.61395241926241,-33.71592539454839,172.03061980409984,7.782969430748304,1.6121321926725996,14.85732355699057,10.478424596113426,3.6778067405432227,19.750739832408897,11.680628113168536,4.964708504060573,19.495507959672963,115
13.0,htb,HTB,44.21221864951708,-9.82089189013658,123.50549002260672,0.2076347143952418,0.08159648825965293,0.3570323744117546,0.9318661191343174,0.8876638121276257,0.9535155882762936,13.677029208143871,7.901850944782003,20.517992092487866,0.7336757153331552,-29.718943703829495,43.196544276457885,48.15612723355808,-24.08702408702338,138.13813813813815,6.390948136941112,0.7427390309691855,14.052909796890143,9.295995579008844,4.307640908684808,16.61161434039247,12.026156767658316,5.127399361228243,19.62503228048668,115
14.0,htb,HTB,37.78337531486026,-7.40923684860347,113.91575151614495,0.21145264659077367,0.11254263845703655,0.38233214843053415,0.938417010635785,0.907555995207561,0.9587661717117794,15.238503472762792,9.818153999363828,23.252392720415976,6.8212824010914055,-35.775344824181914,59.60011426022807,55.124392543701575,-31.456799677174722,158.26085783316543,7.436008396817314,0.05390045992226741,16.444551456109522,10.197733820982432,3.9581678699599943,17.867266510998114,10.653770978772911,5.2845106864619416,20.923775704201713,117
15.0,htb,HTB,44.2162316360009,-16.196954972465175,127.30579371265253,0.17899912039928648,0.04469625505654847,0.3418853447799059,0.9467884094351031,0.9129094913716089,0.9654063494550597,17.79349094044207,10.482346783116329,27.9284708249497,0.0,-25.304924895689897,65.0898103072017,35.714285714285715,-25.472390453735095,173.45690547248213,6.25,2.21157929895286,17.338292809742953,8.581972842817228,4.476122925201524,18.853412456805074,11.151427331668383,4.153523351265942,22.346267805905175,117
16.0,htb,HTB,38.33741145205353,-15.814471908786574,130.61889678513458,0.1774663020458303,0.07788156564995084,0.34418234457626584,0.9489726453556215,0.9202002536540401,0.9657663110418996,18.598341816931708,11.531395941225975,28.26552918626475,-8.623126207373208,-31.145476810052628,70.20734935032556,34.12432672596914,-38.34083516442013,170.33152909336934,4.932859107120264,1.1920253900899194,17.28010803447242,8.570490512417146,3.5694906237078916,17.197394015162633,10.9088938925192,4.327807812446026,22.21872341216105,114
17.0,htb,HTB,36.44049267546097,-19.095012151371105,136.5923795830338,0.1543631483710089,0.038463962746918476,0.33986766469364726,0.9514549803006731,0.9213108678719695,0.9689403241795029,19.60000139748732,11.70872470039166,31.21031109353646,3.3545790003362206,-35.15889114266427,93.86281588447653,55.82638779682269,-52.63886964953689,219.14446002805047,6.721010289218513,1.055374996027285,19.95171754138107,10.120582815257546,2.7013340449513668,20.954943637709583,10.353366379242294,3.7632022898576216,22.996884241856826,113
18.0,htb,HTB,53.22687957418496,-18.78214823354417,142.08780774223737,0.18078330557585656,0.08809165546714676,0.41169326359639885,0.9529478542729464,0.9240089732346177,0.9674641072787753,20.25346602553841,12.161383216716645,29.735374407615467,-3.763643206624012,-37.99019853479197,79.18380812340467,33.310201249131836,-48.974999601727234,196.155830620742,5.700611470469299,1.0762723577419326,17.490695150798974,8.388068354233033,2.850963562102587,18.652748576843322,12.136434877003538,4.037186173149397,23.9384692369623,87
19.0,htb,HTB,53.862508858964624,-21.629239035098635,122.83640424343945,0.15849614082269836,0.08465456742214733,0.37366933805578195,0.95100243582537,0.9214146240057421,0.9669977435355539,19.409177820267686,11.725142754494808,29.305428307872198,-10.355029585799489,-40.43939554110245,106.60531743185062,17.038539553751797,-60.070875871905734,210.03510378510458,4.900846334807886,0.8470613163673739,21.0513699367612,7.38170384617262,2.2754043130992034,19.630747276642104,13.29034034870842,3.6106609049121854,21.227454179930113,71
20.0,htb,HTB,32.5914149443554,-11.693969163027823,123.84351680548237,0.1128344975490828,0.040457213531046865,0.337631922886643,0.9545080279950597,0.923217824091102,0.9656700046757231,20.981900452488688,12.024750268912785,28.13538075909836,-0.6930487213264487,-34.5748860600353,155.94855305466334,25.575447570332482,-44.45420119642246,298.1965359204804,6.159659279316843,2.158088264608499,24.17804063491819,7.919106454483754,3.3589598655582615,24.36435201903326,10.505462083289855,4.7267108127828905,22.21925812326906,55
21.0,htb,HTB,31.91217768700536,-14.125889931065657,61.40178979685212,0.16775672798205357,0.05421585419190518,0.3303005747301699,0.9546751536435469,0.9261605414989693,0.9660277787957635,21.062953995157386,12.542894548529794,28.43581445523193,-3.274662300451011,-38.214321875788826,59.96129326047391,37.532637075717275,-57.00712029787228,164.3540412001671,5.876544974972544,1.4494514019215137,13.43336193817225,8.65792733263517,2.6099112603347123,16.651857462362614,10.416632162614563,4.40988870298894,14.12721476030847,45
22.0,htb,HTB,5.0676931607865505,-25.542276372926636,73.57825961882708,0.11559413432895285,0.03372201896172581,0.3545188991486491,0.9583440231281555,0.9346923070117552,0.9679812510142002,23.034674619024486,14.335832932785348,30.232014382454746,2.032520325203252,-44.844437460716186,110.44210261575098,24.31093002471828,-76.21166650298683,142.7752488441039,6.489361531014191,1.045634159400252,18.563856737521288,7.71647624063337,1.4762983397916518,15.078022241337147,6.910860438448529,2.924626913832218,15.876912845563034,38
23.0,htb,HTB,-10.85713854738352,-26.4016749855355,34.78141296159775,0.2294930619490883,0.09941715663735402,0.4832823805785759,0.9610908261068005,0.9349850567001179,0.9705331632248673,24.700879765395893,14.564064524419209,32.94781863345345,-17.232745702116063,-58.52328254392787,21.57161282426154,-33.65170236728647,-74.90200918875763,40.696252634488346,4.294914288821339,0.06655304803058396,8.568685136611782,4.171824911558023,1.6867446406585793,8.669759757546851,4.835533936847537,2.8128896647026522,10.792078505475374,28
24.0,htb,HTB,-25.34312242910672,-53.95804815098645,-2.233887828379668,0.1632611174084893,0.018068471707139027,0.22732830440308896,0.96268903135614,0.9557017213533998,0.9700677854926145,25.835678862054316,21.582426750399275,32.6773528338881,-48.07289217660383,-60.8552441294869,-11.210734017364128,-87.74699195660125,-103.0238055828532,-25.38732648739284,1.1768278414805997,0.0,5.047537598468436,1.1069502661004273,0.21592497412638892,4.779462009642833,2.950665989169089,0.0,5.959174063165753,12
25.0,htb,HTB,-5.512110854579285,-36.1838672240506,33.03382784381491,0.21943745911518625,0.1147959802143636,0.6772921798822044,0.9661724683399004,0.9603405241242325,0.9772099770370084,29.2483170587365,24.239762980314087,75.43681129476585,-61.199925625262196,-73.50702665400847,-41.957670771312095,-76.15536606846713,-120.61442910489423,7.858126405760935,0.12778494264925022,0.0,1.8839921510604014,1.9061561800248066,0.028646389928868587,6.690934269327008,5.536050398610729,1.5417350020420426,10.563668609466596,6
0.0,htb,non-HTB,-72.0038460067008,-75.20164489342628,-60.660244679438144,-0.1510019152118524,-0.2666595033706044,0.027248816445328155,0.19969397314935072,0.1762218849433579,0.22941534992502813,0.24953745207622027,0.2139619195269284,0.2977391955933929,20.152126675752747,3.8589043722937832,33.302963129795216,-51.26684313045159,-63.13171472999717,-39.663619318421055,,,,0.230052002031704,0.0,1.6226616909697105,0.0,0.0,0.0,12
1.0,htb,non-HTB,-50.86881634757323,-76.08890218202856,-44.33784116017752,0.25109385946242524,-0.2575090559842767,0.44995356990242596,0.29689811249821696,0.26233017607002085,0.34026348007477114,0.42227608322557364,0.3556202172032052,0.516570172101091,-7.905596124045132,-25.287134578031566,0.6775067750679048,-62.088931474134824,-81.03796788105063,-51.93709806365677,0.0,0.0,8.723234870812425,0.0,0.0,0.08879341114634669,0.0,0.0,0.8472161675284879,12
2.0,htb,non-HTB,-49.316209475251426,-58.10678139300042,-43.75365288615271,0.4451100246388999,0.24743594088163057,0.5889744948608201,0.4739782510764395,0.4211661919672899,0.49583291700927096,0.9014722268600026,0.7276700951744655,0.9834697332100899,-4.296526951009669,-20.775085620877665,28.28421272499365,-50.667029032127466,-63.45859950570831,-45.06777660126586,1.9308785378808524,0.0,45.04994309687589,0.38637605079510573,0.07947763631725047,1.6364470623371936,0.4274110406226078,0.0,0.9163564065493759,12
3.0,htb,non-HTB,-40.284217380866565,-57.17255222424147,-37.48289946616269,0.4479286412023552,0.21998679265957355,0.8309241214684556,0.6560641527724723,0.6199349550845259,0.7002277994350472,1.910963164905803,1.631500516343174,2.335869192794383,-13.187069936058212,-27.51573531966242,3.7351202259347347,-61.73652577762183,-66.02613396464963,-48.028240324032744,0.0,0.0,8.97819577633284,0.08760560445050594,0.0,1.2041216286366596,1.2309349313099363,0.0,2.3066597336112378,12
4.0,htb,non-HTB,-51.65571153834797,-60.319256237652816,-45.670024823777766,0.2677470851250245,0.09302408091832862,0.41184154788665184,0.834093069828499,0.8032219372299918,0.8624881304282623,5.03255619632578,4.082124335555656,6.272232336572934,-4.241644694724331,-10.436932972452551,16.32301984263915,-53.93515348396854,-63.96477946017154,-37.55326086268352,4.103460326415318,1.1431222727098027,15.699348117148404,0.6170804707691397,0.0,2.803092195352826,0.0,0.0,0.4030963125511959,12
5.0,htb,non-HTB,-58.79678436139499,-70.11777061533267,-51.83093757941115,0.005074706336400672,-0.0655969231546859,0.45329681095066987,0.8638842529914772,0.8501561704416059,0.8909410546521126,6.3471487663280115,5.673625756422529,8.222087850966615,-22.73147500412705,-25.829116065324275,-12.198558220885616,-77.45904091802882,-82.79384874016483,-71.76743109256653,0.0,0.0,0.0,0.0,0.0,0.0,0.0,0.0,0.22658620402525934,12
6.0,htb,non-HTB,-56.01638580373495,-59.5829409364488,-44.76312956055858,0.37928344925466206,0.20064570533071158,0.47184339779895523,0.8989263641323377,0.8891931051704289,0.9075209322618228,8.895997767679184,8.039337190209954,9.868074828615658,-19.33475693715083,-35.10833536496813,-14.121959603238704,-75.35655212099161,-79.16974624291734,-71.3057498947244,0.0,0.0,0.08273638390052067,0.0,0.0,0.006217366106616058,0.10767358401482068,0.0,1.1171831920356403,12
7.0,htb,non-HTB,-50.30181706823302,-57.58460637115681,-42.572061068909065,0.43313759693026677,0.12316488030163922,0.5613878477461561,0.9173058439726769,0.9056192113461066,0.9240439551287933,11.093243819266837,9.615900167959786,12.165584210359976,-26.445267695599128,-33.21802142798764,-4.113491727443229,-66.1423710634698,-90.28299262345655,-55.624001812809524,0.0,0.0,4.668027559123322,0.6855850325338617,0.0,0.89562118150026,0.13834876392452045,0.0,0.8044791020315214,12
8.0,htb,non-HTB,-52.20331557016468,-60.320718892094845,-40.06711786130238,0.34641199249572296,0.20138059966041538,0.5189354569870721,0.9223419540229885,0.9110057233602598,0.9301596236580757,11.876965772432932,10.322733954904164,13.325773195876288,-20.24609293404675,-36.43479649058527,-13.192389572621497,-71.60161056962099,-80.58649097375786,-55.96013928631561,0.0,0.0,2.936727124124688,0.6157115846609145,0.0,1.2187773851486452,0.0,0.0,1.6721638724341306,12
9.0,htb,non-HTB,-56.830255951679035,-60.29845667196379,-51.89958570893265,0.34548390068565904,0.14399107788214627,0.42948038026011554,0.9280800821355236,0.9172903010851708,0.9361078387643829,12.904354032833691,11.111130414480732,14.666089540509345,-23.903561169760714,-26.5176758502488,-13.714917264470683,-78.75253997702976,-82.87432993851945,-69.10919268959026,0.07783467709241917,0.0,2.401919854342419,0.01523125382643549,0.0,0.31246451925032465,0.0,0.0,0.27420285190591454,12
10.0,htb,non-HTB,-51.30138563330861,-58.23608528173993,-46.039428832045644,0.387193583180568,0.21760965183112846,0.5185206870983345,0.939106262830786,0.9246041770268144,0.9464840268573732,15.426617376825723,12.26491737897566,17.69239857076994,-25.807952962025933,-41.45107716047859,-12.055116003884697,-78.84372698178251,-92.36581992935108,-61.93752003353328,0.29537405879298817,0.0,3.108958253567633,0.0,0.0,0.8893448028904608,0.0,0.0,0.30621737090019646,12
11.0,htb,non-HTB,-51.911048538862985,-57.07338330516337,-46.04123997435874,0.4531203927587937,0.2845116617800921,0.5752829050649111,0.9484157384757691,0.9305787869969995,0.9527048224058303,18.38878076709733,13.41892867753124,20.177226138312058,-31.730616369040032,-41.13621639131825,-24.153044460139505,-84.67674778223318,-91.99134199134217,-69.07182408558538,0.0,0.0,0.652616759341074,0.0,0.0,0.6622553495149357,0.0,0.0,0.5092979552442632,12
12.0,htb,non-HTB,-51.027207107162695,-66.52150706515351,-43.899731766598485,0.24808626544028495,0.09432103132121969,0.5827660641365614,0.949869863513572,0.9290105405425422,0.9566776640142426,18.96594206242981,13.453240282313283,22.08681939718036,-32.579253118443575,-41.34286939342844,-25.42995059033765,-90.53504428295255,-98.82708301266544,-81.16211703871777,0.0,0.0,1.5768170364543845,0.0,0.0,0.07827136997257036,0.06098489998655095,0.0,0.6851439175425192,12
13.0,htb,non-HTB,-54.95594589635107,-62.82805698679106,-42.641539227187934,0.35634162704349326,0.2541436153144967,0.446036921668815,0.9535130461759562,0.9378513648711019,0.9600345248443019,20.59839537177479,15.252437856651515,24.021628875118232,-45.81949542620785,-51.743540748278264,-38.00766642820501,-97.99265355567493,-104.44968148134262,-84.45103823637017,0.0,0.0,0.0,0.0,0.0,0.0,0.0,0.0,0.7031890926887214,12
14.0,htb,non-HTB,-55.27248497137448,-63.67134103898825,-51.04762681458655,0.3507079160152392,0.15390407055198854,0.4978133864475243,0.9603074389239638,0.9415509391962589,0.96246872849437,24.193637621023512,16.22076757172474,25.64505630267694,-33.93879201550005,-44.51814199520595,-24.21375287651619,-89.15771878629882,-105.27452699526043,-76.77009968372758,0.531664059914802,0.0,2.083057377329705,0.10626097751380813,0.0,0.7898409301399929,0.0,0.0,0.2376328751740618,12
15.0,htb,non-HTB,-49.146865849562516,-56.819727260363734,-39.156050868064966,0.42292117926966577,0.17287170052558254,0.6003717483639072,0.9605781567829761,0.9544891396748822,0.9693282221685098,24.402802984472675,20.982438886021328,31.62130844954881,-57.723394653574054,-59.99219897815186,-43.66757731642831,-104.33698495748854,-118.00242132381841,-90.99452558403365,0.0,0.0,0.13878099320211099,0.0,0.0,0.0,0.039832846740399386,0.0,1.4552325799026569,12
16.0,htb,non-HTB,-55.594606684132,-62.420404435113056,-49.808392208790394,0.22393068586374584,-0.000405028424243746,0.42606374170574324,0.9608320488277651,0.9553299428829214,0.9672776319108272,24.580315713781783,21.412290151719183,29.69659585334334,-39.61175236096514,-53.39022619095743,-31.632922205659273,-94.30996541967934,-101.6336000268544,-88.93091646866493,0.0,0.0,1.1725866486457424,0.0,0.0,0.11957644365353723,0.0,0.0,0.9364974800792083,11
17.0,htb,non-HTB,-54.98721227621425,-59.13013556876659,-42.74079770672415,0.34014473841558024,0.08410660388102814,0.5127303580565216,0.9656592290765934,0.9608235740122291,0.9685258513013184,28.18496746720271,24.550892932667907,30.77485119047619,-58.036840777189,-62.61070639952642,-35.135318781550936,-98.11993961849838,-115.95696541961738,-90.10089279376629,0.0,0.0,1.9011296497274293,0.0,0.0,0.2965860250714277,0.1847414089754404,0.0,1.1063123600763998,11
18.0,htb,non-HTB,-40.92261904761905,-62.39090875329663,-33.76335416246633,0.3345467529305939,0.24774441364309824,0.4980140238858545,0.9668148148148148,0.9638536537703073,0.9688455037651844,29.133928571428573,26.773933680973393,31.135719347980157,-26.439740267025975,-39.0386028025243,-22.687683470748084,-81.02737976441199,-94.44398316786817,-58.71194802593497,2.392450408572918,1.2405859805334092,3.006876808134173,0.9668851784396464,0.091172318389106,2.1690336665440846,0.7291568449554655,0.0,2.734895247200904,9
19.0,htb,non-HTB,-49.13422537397981,-62.89681244439362,-46.06799075745234,0.23172917940812154,0.1721239201472564,0.31730704959271355,0.9681789651910011,0.9675635813867981,0.971719064166346,30.429661321772713,29.830210902131107,34.499133158300275,-52.488070892979174,-55.299071584394966,-40.30770851994237,-103.61281526925731,-107.48722271984752,-100.45152452945149,0.0,0.0,0.8119473834098057,0.0,0.0,0.0,0.0,0.0,0.23743054453802226,6
20.0,htb,non-HTB,-49.68433746537609,-52.16007464950864,-40.01753690648614,0.4323062977876585,0.2938962212537147,0.6314751638960089,0.9693390045809991,0.965417491062382,0.9703892049581782,31.65278423265827,28.43965221401225,32.77146879309951,-47.24799842317103,-52.633518811193284,-45.187350609182744,-94.97884321710367,-102.13911463573945,-86.12416549543195,0.17880901792606888,0.0,0.372775179143563,0.08863340930889314,0.006969549065224782,0.6611441621215245,0.0,0.0,1.107024234533173,4
21.0,htb,non-HTB,-50.26006431235423,-55.46349665678004,-45.09217999051504,0.29901741801614734,0.25461148406974293,0.3411699394015036,0.9718512307600168,0.9696892641516189,0.9721267326984442,34.52553191489362,32.16031411856765,34.880174864329405,-55.24536153979538,-60.08183258803986,-46.951106876537246,-103.90844459857834,-115.1998902998701,-91.05910467069768,0.0,0.0,0.8264119962385026,0.0,0.0,0.4528982389091926,0.13208940906480268,0.0,0.38514217114717936,4
22.0,htb,non-HTB,-42.90366500875236,-50.40245070146463,-38.362521618739486,0.4752474037187173,0.42026766131385107,0.5066071897364111,0.9730056893838518,0.9705625927690633,0.9736968610110555,36.044843049327355,33.20598795823011,37.044545418468985,-65.23155152126384,-73.32516339869292,-51.4541554757282,-104.53752731551467,-124.1028783308191,-86.13356703788318,0.0,0.0,0.9142034536655032,0.18737578845649633,0.0,0.8862914987568481,0.669208327009231,0.24747408547494376,1.2588111630341174,4
23.0,htb,non-HTB,-55.378293596681175,-63.15627482602203,-47.600312367340315,0.23539142206774386,0.2086538112674693,0.2621290328680184,0.9699610052535854,0.9674687409958466,0.9724532695113244,33.23264114211551,30.39243997404283,36.072842310188186,-60.007188685092416,-60.049819304025526,-59.96455806615931,-115.71765922100349,-123.4994472290399,-107.93587121296707,0.0,0.0,0.0,0.04242451493427016,0.02121225746713508,0.06363677240140524,0.5345917337931074,0.2672958668965537,0.8018876006896611,2
24.0,htb,non-HTB,-40.625333465799876,-53.241609540525474,-28.00905739107428,0.5936561722248398,0.42480419846270934,0.7625081459869703,0.9699710905254041,0.9671952016350378,0.9727469794157704,33.479797284112166,30.292465879219897,36.66712868900444,3.4089260509590638,-27.056213286181503,33.87406538809963,-37.35630118249571,-80.5571814436095,5.844579078618075,6.723924750107307,3.496228034196414,9.951621466018201,4.572228735418944,2.286114367709472,6.8583431031284166,2.1224918751136244,1.0612459375568122,3.1837378126704365,2
25.0,htb,non-HTB,-71.81328545781037,-71.81328545781037,-71.81328545781037,0.16909604817349688,0.16909604817349688,0.16909604817349688,0.9714952816421831,0.9714952816421831,0.9714952816421831,34.081911262798634,34.081911262798634,34.081911262798634,-54.40023738285404,-54.40023738285404,-54.40023738285404,-126.60418881827916,-126.60418881827916,-126.60418881827916,0.74936863043625,0.74936863043625,0.74936863043625,0.0,0.0,0.0,0.0,0.0,0.0,1
0.0,tier,EXT,43.05555555555587,-45.35645077379891,183.7806662577413,0.0743940442589862,-0.4804698070838002,0.5906770862320787,0.10219325911127211,0.0694858246057082,0.16164430284533776,0.11382568732607887,0.07467465892569278,0.19281454017625643,13.358366479246229,-18.467819483485403,26.259694704568524,42.54293935520889,-34.525139107716,176.20138217366275,,,,11.21129464120212,1.8681726092396418,26.998759074988637,11.874716679339912,0.9326121763771434,25.80398265143714,83
1.0,tier,EXT,137.99332602959458,64.16653878726372,239.8561976403324,0.5670167664743682,0.12646968776363582,0.8535536840729083,0.24042235096781261,0.1982979447807933,0.2810466147864338,0.3165243768615927,0.2473463745936233,0.39091104196404847,-11.331444759206153,-28.023983315954563,5.048683736025472,142.85714285714357,35.98470649973897,219.29824561403507,0.0,0.0,14.815394871723347,21.777447823225817,10.787278147222978,33.85962919024724,22.57018268462265,13.61828131831839,36.96391670965027,86
2.0,tier,EXT,127.86695691661157,55.18330334400025,242.38979384129846,0.48077284011858595,0.27339962079260316,0.7607946682272669,0.41809679277008704,0.37365006273557944,0.4694047653577795,0.7184988924003267,0.596551866280124,0.8846817348096983,-11.048960707134428,-29.901096373532646,7.193727069994965,130.0578034682081,54.42529480368078,231.58221945912305,0.0,0.0,12.816638164793362,19.896219187277744,12.085197306451711,32.57393687656252,21.747406679833624,12.718101840818886,38.11302803768754,86
3.0,tier,EXT,123.85568712428974,62.0287117765359,237.45506069449723,0.43120654601952263,0.2600669225806535,0.7152941710958528,0.6094035351156019,0.5760479234383595,0.667539476437392,1.5602363947409348,1.3587769528324367,2.007991082545069,0.0,-17.167381974248926,23.31939530395516,125.98425196850394,52.3168908819133,263.64335126825483,6.25,0.0,23.293037971141796,19.066828717287805,11.884105624369553,35.10027903500703,20.448286800237305,13.131234652562474,35.39862671200625,86
4.0,tier,EXT,121.66108739657992,57.56682823325836,220.70387370540402,0.4549297751636028,0.23301085682232311,0.6277280996582353,0.7635226504394862,0.714225982476043,0.8227738098471065,3.228734810578985,2.499268438272796,4.642506895494943,10.391686650679093,-15.121554030475219,41.30029309885455,141.01861993428196,62.28373702422145,257.0281124497992,12.574896265636603,0.0,30.342440731256172,20.556978299652965,11.85717972000402,31.923259607853936,20.79887426770598,13.275823282569881,33.29752283852062,86
5.0,tier,EXT,105.43108829853676,46.78041968367921,201.24555565606966,0.34972222024598276,0.18833920420239367,0.5488008231512296,0.8081632653061225,0.755008218833209,0.8572818895576969,4.212765957446808,3.0817903305738232,6.006822005549106,12.317724616536998,-11.265373172322498,40.90084703660724,127.59727114430419,41.81746119486135,242.04245491055696,11.967095201204822,0.6247503753842356,25.475330338512563,18.666727938385748,9.987514386253174,28.185569832510573,18.66051378271673,11.825869256267296,30.248302111226515,87
6.0,tier,EXT,113.51826684786988,55.474539803967986,189.13274925851437,0.3668340935800036,0.16024628685036468,0.6248344259339218,0.8266341848599743,0.7814539477655921,0.8800398907997664,4.768152455417786,3.575802624352786,7.337052262083221,9.438756988310132,-19.392372333549538,51.18513268761253,121.38773592293815,30.441400304414003,226.29310344827587,10.527678256945128,0.0,28.438211376569523,17.680162367681678,8.959847634493144,27.67202096138042,20.009647217137605,13.178241660793784,29.663527944805065,87
7.0,tier,EXT,101.55125539740779,51.844358923654575,191.77840807593572,0.3037673199041722,0.15408933606953773,0.5550336449062636,0.8446314621289189,0.80419021872696,0.8987238267675145,5.436309523809523,4.106997176027612,8.8739907727797,3.841229193342015,-17.352675782605676,43.60465116279029,107.41622177912167,45.24620989540514,217.18249733191058,7.677485974822526,0.8700889368277829,19.54208233298507,15.566314226184952,10.660123368095952,25.078956710577284,17.85538944189425,12.454197376698076,29.771401010211633,87
8.0,tier,EXT,112.17948717948718,43.108013385062506,181.27017885927899,0.29610037852447657,0.18848812173611612,0.5043726455793884,0.8601855586930214,0.8206543475743442,0.910162736632348,6.152336987882285,4.57582515369047,10.131238447319777,1.2658227848104144,-16.964154005015153,43.07605395099152,110.91652072387625,33.21059851274211,213.88160618186834,6.580038972166015,1.36770857856058,18.512646649534826,16.107113609324802,9.222513125911993,24.306653672232066,19.498743298593542,11.78843621247335,28.39007879498968,87
9.0,tier,EXT,94.48250991705669,31.25329463351698,173.40172426356617,0.2893765680149588,0.14830311148525543,0.4633830481472734,0.8745970236738415,0.8338857323232324,0.91992259491338,6.974292391586601,5.019952494061758,11.487917146144994,16.052535570959837,-13.531799729364007,51.10062893081761,99.83620622416313,41.059857573619624,220.90896299423164,10.475516090518813,2.5922775427866545,20.634267914879953,14.9383150965157,9.825642949647184,24.322765945996217,17.2964171389781,9.968133009859402,28.04735342903922,87
10.0,tier,EXT,81.83943881527757,31.34424334180207,168.41080003624177,0.2026625708670256,0.11203656083342674,0.35187913469657717,0.8858284711848072,0.8499899516898322,0.9334548689946709,7.760602327990887,5.666256309510811,14.037173982188296,13.66459627329221,-14.292836961941772,58.580858085807826,106.3659628918756,21.602787456446155,197.19471947194793,9.185875534685858,2.6898920740498995,20.54659180340386,15.001617689000007,7.860927882699473,23.155862174957257,15.413934479071967,10.044642753675221,26.54603158821461,87
11.0,tier,EXT,72.09302325581449,29.077844442088587,166.5506057020272,0.18989538023222313,0.09448754856041046,0.35066328241156486,0.9029259319323504,0.8644609468625185,0.9402500451773936,9.303919798359747,6.37898024140665,15.73707749254285,23.79182156133863,-12.76595744680851,75.7121439280353,82.87292817679558,19.97336884154461,225.3438688908396,11.080200950613452,3.210232792282381,22.262856429292384,12.48230203217569,7.739299981308301,23.95029923991313,14.06168736807924,9.782298535936505,25.16662905951619,87
12.0,tier,EXT,75.58048932522976,27.18024104383671,132.4899667939614,0.1544045127650504,0.055562003388361994,0.2994267018728586,0.9141394377745815,0.8729530606501004,0.9448510336876251,10.647432069478583,6.871127178563974,17.134194851395826,25.81977794990963,-11.61693167792156,63.54009077155894,102.5720724220991,21.941489361701827,207.30302825011793,11.387230696902856,4.01962153994992,18.503481686542067,13.486949692164307,7.920300535129263,22.19730459942859,14.718072515522445,9.730623886431577,22.78842331916853,87
13.0,tier,EXT,78.4888735552884,30.945189199607924,145.98326337288864,0.19201144412652224,0.08570249787923818,0.3049733417044429,0.9254088967600792,0.8826971490780431,0.9480279849311909,12.406424581005586,7.524941995359629,18.24112426035503,7.562736335509469,-20.089285714285204,52.04460966542751,92.781883944016,18.11215604319187,214.87721302113013,7.564972903538292,2.3400045156739053,15.772943709672349,12.902172148171974,7.60039410423468,20.69035540798595,15.519003824241956,9.757333678523928,25.078709695728506,87
14.0,tier,EXT,80.49349281576805,23.562265468191338,159.19564306661047,0.1952203389666859,0.09945600989690086,0.3212955899379146,0.9337433905255207,0.8942349473938396,0.9530983132975358,14.092833876221498,8.45504200709181,20.321698287355144,20.224719101123934,-19.019743174789852,72.80578777833571,89.30581613508511,25.357926048898037,207.60873451970875,9.784342818882875,3.0300758441414404,18.8766869193243,12.932254840873373,8.103500184941055,20.959074841352376,15.846912599640262,9.325133886113871,23.868752417888185,89
15.0,tier,EXT,80.4753309265931,10.898440160751372,155.0068587105618,0.16711186812852824,0.04469625505654847,0.29190837047636065,0.9414689638495957,0.9030419165491632,0.9587441944163186,16.087775784260852,9.313889045703828,23.284426751091978,13.214403700032285,-19.029751060583784,91.82500498032044,95.59939301972616,7.339100724642682,233.3077151255295,8.443839538295911,3.2079728916043195,21.46563096509583,13.136624944038028,6.732717372674179,22.198268316770555,14.833968971310247,7.6714642488812075,26.048008942252242,89
16.0,tier,EXT,62.5417261570149,14.71994598161332,167.50511853991324,0.15676607019603506,0.07121577629279682,0.2883919252632602,0.9401620566230581,0.9093080121657334,0.957863451019751,15.715722144892954,10.033280121093174,22.748305765357845,4.966585427900863,-24.245128356841338,95.5498347044504,68.09540315848184,-0.13829288329937495,260.5617488325344,7.025218700619949,2.4914158698791646,20.72592030256154,10.77731157035728,6.242442189707939,24.319761147145897,14.133496060389605,8.136702367518458,24.87340098278335,88
17.0,tier,EXT,72.5804231302003,17.49148082949473,160.1110942696937,0.15201005124640263,0.037486102665452534,0.29852888758898205,0.9433962264150944,0.9137627858530535,0.9652087264573049,16.666666666666668,10.5995670995671,27.774615416640646,13.231197771588377,-23.548968001108815,132.33556518314262,85.60606060606025,8.120649651972686,258.9285714285712,8.10868651402335,2.9479736259652882,24.951898490477692,11.580329420864551,6.789134776411436,23.98222617863952,14.707771619628673,8.5321369034349,25.33766975229988,88
18.0,tier,EXT,90.72618832211245,24.449079616881086,156.9853160925261,0.1829618388740748,0.0937153211770539,0.4284103299224915,0.9462064706687282,0.9118497050195,0.9629468450860852,17.592431005110733,10.344742499581859,25.996486604686215,30.970985224830642,-30.14665066281009,112.51537807958042,119.64409546303015,6.818282456237533,253.25890798188067,10.616365425924407,1.8815500522858848,21.98916309996482,13.646813944537737,6.687320846691191,23.168638934635048,17.34405842670705,9.2169448116773,25.50493601728624,66
19.0,tier,EXT,76.21634298463616,29.968526045486826,138.66591519788594,0.15141458659896598,0.08243980476668503,0.35567767129789235,0.948393554385428,0.9152482548417711,0.9644616625673339,18.382876773246764,10.799274528619444,27.140048977190585,17.04276944568353,-22.58476494550195,161.1054635290202,93.1927071297053,-8.384813928191592,315.6306280954525,8.458635470478738,3.2582345149028242,28.668676626138094,12.033934933477372,5.6937895515261285,26.129230034048323,16.00667263071796,9.472045985433521,22.866029731478182,54
20.0,tier,EXT,54.81597494126859,7.872286277922931,149.2662842742812,0.0831384746125035,0.0377506416628956,0.22677531810317808,0.9536436431110953,0.9163409325730834,0.9649853877085914,20.57869824599007,10.953410736364166,27.561706892087834,14.066496163683157,-26.487499192453704,178.56079995238377,51.633986928105166,0.9045680687463504,321.33005293372116,8.08495912496005,2.9974960561749113,27.88984466512683,9.56495247686657,6.304128242448312,26.120420773810142,13.168230867808173,7.27669999770517,24.770005506669882,43
21.0,tier,EXT,50.890585241730605,-2.2066936373663446,86.37873754152899,0.08209833603949643,0.03169160363409843,0.17675300534744975,0.9485382240784456,0.9158446117530783,0.9648076778388239,18.431898376852505,10.890414828683413,27.422350960586254,11.251305955154413,-34.71411958649986,178.40093580748135,53.094408495105405,-18.6395743424746,334.05717639847376,7.6669098999781236,1.8883951723518049,26.163728120216128,9.658962978634694,5.058449607973049,27.14090433107596,12.900889062935217,5.962373456288163,17.558998903691307,33
22.0,tier,EXT,20.27027027026976,-14.42268639865986,106.42440033951686,0.08586049500641449,0.020150468624000873,0.23206422951638456,0.9522145884205412,0.9237917792189263,0.9678053039397577,19.926888917492597,12.121943928762468,30.061016949152542,16.418287446324253,-41.98320671731353,122.22853894258094,58.412112827608894,-59.02383654937622,228.95816833465463,8.249199927379296,1.4713147060770912,20.277597074978193,9.698860205518574,2.7286278972761577,20.109227614294504,8.895056224196491,4.371857650227435,20.198895146403615,27
23.0,tier,EXT,15.010442046641142,-25.927412001597283,75.56649764570288,0.171296051078763,0.07142357933359404,0.34358919953858674,0.9586485161565034,0.9058606824384525,0.9696576393214812,23.267582739840805,9.622930601178371,31.958585342229874,-24.141607984171298,-62.57730286009642,15.229189965331972,-24.4433034266564,-82.92983428129682,57.00547008401135,3.412339350185892,0.0,7.995138665122474,4.773661470400402,1.140800470061057,9.616672991407063,8.20856736580426,2.8745810038247495,16.13941130947771,18
24.0,tier,EXT,-31.328995441749775,-60.23266955248577,-9.89809712976657,0.09186973211947264,0.018068471707139027,0.18081450144845396,0.9613627463777574,0.9561833442416969,0.9646044230430557,24.881756756756758,21.833406451485693,27.259945711891703,-50.576721823006864,-64.89707399931645,-33.388063809734305,-98.76640188540395,-107.31603891975345,-62.06153019959538,0.9093577943986998,0.0,2.6740410758046833,0.46408557255175276,0.04826034785087845,2.6105189186261044,2.172436203821377,0.0,4.960376529646225,8
25.0,tier,EXT,-5.512110854579285,-40.474553310634974,30.99949663043423,0.21943745911518625,0.12545114413040145,0.4433551929402375,0.961075982170623,0.9596050660778421,0.9661724683399004,24.691078561917443,23.78844739871073,29.2483170587365,-61.199925625262196,-67.67133902938352,-52.41679427940627,-76.15536606846713,-112.48247348970253,-26.590769030727227,0.12778494264925022,0.0,0.798377307219134,1.9061561800248066,0.08593916978660576,4.714139928127909,5.536050398610729,1.6131352013049787,10.299466392778445,4
0.0,tier,MOD,-61.676764433464115,-74.8925957083238,-39.799669028528456,-0.11127021502432802,-0.4188154246540634,0.15925995231404383,0.15939986531194258,0.12713673807414944,0.2547451394232901,0.1896319909442537,0.14566189770849333,0.3419299332900887,12.242408880596317,-9.594482692407604,26.735407728826637,-48.240299880475774,-66.92717127102787,-29.536885908115945,,,,0.5700298205717862,0.0,2.4388320038828537,0.0,0.0,1.9015332656561794,28
1.0,tier,MOD,-42.823581234857585,-62.29424965221698,12.63106440523943,0.18110065654610438,-0.1306922257863779,0.6788323181937782,0.2880599135394045,0.22110137533518343,0.3603288864766544,0.4046125776840185,0.2846922167285929,0.5633229192902731,7.478802331743667,-5.4127198917452946,16.74493027927418,-24.155029191120384,-50.869435972536095,10.991329761938506,33.55797474681984,0.0,63.44314446447093,3.66812855461505,1.148067592138065,7.532545327067933,1.4011094655684548,0.0,7.651168400724392,28
2.0,tier,MOD,-26.024307264248655,-50.38666777735822,2.160284359215768,0.2974864310321661,-0.06416648943059729,0.6754375526492726,0.47978940040600754,0.41295278518320827,0.5318349614914304,0.9224732276069352,0.7035119391564679,1.1360456214506673,-11.171261403509469,-18.65660125644546,0.17508228867591644,-41.60683016521533,-49.61770972938662,-15.259495240467254,0.0,0.0,6.409768182997897,2.148539009553546,0.5233095461697124,4.420435674869672,3.5241082476987815,0.6849866017035531,6.491393704236597,28
3.0,tier,MOD,-24.515664036117645,-39.98274362942329,3.978169334791761,0.41166876963394056,0.02682440487536266,0.7396088433786546,0.6674072668790507,0.6401224817786798,0.7222685351998612,2.006680788610465,1.778797861016041,2.600600444775376,-5.882204044682153,-18.980200042197055,8.26624688597711,-21.92298945202405,-45.872643189166745,1.1011443689258682,0.0,0.0,11.544506150691346,3.8371681860890376,1.5303575585125349,6.345036731448198,3.293916381897205,1.7396239756487697,6.768690323499327,28
4.0,tier,MOD,-32.76615368877759,-49.13991031371603,-16.57557259101163,0.22210568057746133,-0.1159068934472526,0.4893255848436447,0.8459252453605891,0.815245667587156,0.8849322606661386,5.491607417638551,4.413631167268352,7.717342348219528,-10.563545360098406,-25.252196046669212,9.488938543611322,-43.58327173431787,-57.44930411010324,-2.4200094134364387,0.3686186000709669,0.0,12.02517843598114,1.7544852213576863,0.47404153302687646,6.1566891904246415,2.31763282921099,0.7538547780383653,4.282064767733089,28
5.0,tier,MOD,-27.63868431212105,-39.754751921308724,-13.576383742079638,0.28722675887735283,0.09621959158605031,0.4571943874638695,0.8849393151360063,0.842769067530478,0.9165099689631087,7.695503515686071,5.363862113376129,10.977535682937887,-14.464780478614694,-25.859411026986272,-3.1786900623447267,-40.70647528414179,-62.1117268238343,-30.739954971329247,0.0,0.0,4.629374906087688,2.3050139721613134,0.690786060908697,3.1170623127445856,3.040623500133701,1.462804629519459,4.481428610327139,28
6.0,tier,MOD,-27.173202087456996,-38.43650542011905,-12.80067106313466,0.29257579400618366,0.18201706229629028,0.4706768374353325,0.9092670088370505,0.8765299504725987,0.9420844914231137,10.02185875163338,7.11962453517389,16.267670823245385,-23.305659295415985,-33.80101988477088,-6.1375253888113415,-50.6957408586722,-62.83792817135283,-23.57170784359216,0.0,0.0,4.066952616619531,1.332685248926277,0.4290256534953249,4.002122188428559,3.0125122686539325,1.5011033824285032,4.662418474970388,28
7.0,tier,MOD,-33.04678337471768,-45.81529116857298,-2.3532947202061485,0.29340088532407116,0.07916879913056202,0.6304817359271779,0.9210775047258979,0.8887424423105086,0.9538521463171046,11.67065868263473,7.988153441143287,20.66948016415869,-15.294953408223943,-28.345387782352283,2.2957825196286024,-42.492837296575274,-66.67242146965552,-29.47689765958808,0.9623686086615593,0.0,7.181174514095491,2.6855528505535964,0.5363351720480436,3.7150921065803284,2.6874516972955584,0.8967319070933559,5.946554255563651,28
8.0,tier,MOD,-21.55045439146893,-43.68756631963618,-7.449434204753516,0.2706724282628655,0.07008230897910153,0.5839875646993373,0.9387897055413865,0.9023146331894861,0.9607249812827552,15.337121212121213,9.236947791164658,24.461477362986496,-14.525107495138652,-37.17041336204623,-1.7346804742853874,-48.26455594694379,-70.70102813205395,-7.932807885740446,1.4977124157428832,0.0,5.825660906713507,1.8416435852023567,0.25282563919652323,5.612410853537667,3.6363371633410564,1.2879380794379627,5.325678451907449,28
9.0,tier,MOD,-28.644704644535302,-40.43456799659246,0.8590610677178196,0.2961147633920656,0.13719742974322865,0.5713262949565278,0.939188187307485,0.9110155455995566,0.962442806055139,15.785210531318317,10.240304413682434,25.64915371008286,-18.299091256990227,-26.639207954982716,0.6128201985535354,-40.151924842478536,-63.106620310010136,-9.079022651983156,1.363068226615043,0.0,6.422082147692709,2.8227857050741685,0.7035230818047796,5.511331279522839,2.7212301269320984,1.3383814401073386,6.350554879771076,28
10.0,tier,MOD,-23.338305169864604,-43.591521803577876,3.5181106216351288,0.2826448648800298,0.0994824382329582,0.6405388417938827,0.9529760085878765,0.9207086638969757,0.9678057489627814,20.31436617458826,11.616020025856837,30.10505914063151,-15.23259733692932,-28.165201305372527,-1.052705453013289,-42.488773206146405,-63.500080810405905,-14.178722748972717,2.7190322513520866,0.0,5.993859648702525,2.831332700864988,1.3491201676120195,5.165688968180713,3.6025413267661994,0.8025898664134186,6.6171470725487245,28
11.0,tier,MOD,-25.454945935744632,-42.242012131514834,-8.70149455803903,0.32089370630945346,0.1847502646508628,0.47920039123053054,0.9525853207236842,0.926241134751773,0.9707754538898121,20.090514905149053,12.557692307692308,33.217811158798284,-26.82330687903071,-44.628120071222156,-8.521584588164256,-54.10076819414164,-82.0549064946849,-37.32116263381052,0.6655193007849824,0.0,4.2343027542174445,2.2220105850912155,0.34499048356820344,3.1825198945008033,3.2748786022939513,1.4712255089311026,5.116191608007854,28
12.0,tier,MOD,-30.982338316744706,-48.39357834599514,-10.24181638479577,0.25356193446684255,0.035557251910918505,0.4683252562806093,0.9486489284561221,0.9301936092089723,0.971150376107184,18.475911648756053,13.351892382768524,33.664759252324785,-23.078567117958205,-38.73437225623401,-5.776597275230807,-56.094031403139766,-81.0408101945177,-32.947111176830674,1.1507877979945558,0.0,5.010096423813737,1.8535495706391834,0.4587792130057325,3.7004803383012805,2.576084080310149,0.4987166245954521,4.9803996072109165,28
13.0,tier,MOD,-21.57035676043205,-42.754174981455904,-14.697679321557889,0.3523740268846068,0.06589187839101696,0.5163933109486575,0.9530941520865954,0.937674169086852,0.9726466522982751,20.319303338171263,15.24346124603068,35.58032189632909,-30.119540392131043,-42.4422884449986,9.82874082492236,-51.9722920061559,-74.96748321735144,-30.289797984932164,0.7809973543170368,0.0,8.249719539334668,2.4158805304673905,0.6636399011411065,4.2609241486382565,3.4411797668067265,1.1346491062681245,4.424771771012664,28
14.0,tier,MOD,-21.995960638634493,-39.73181114248344,-10.583391866399616,0.35320234141207385,0.19000230171028312,0.5464977065373193,0.9538364691893404,0.9393633565844624,0.9723048222826206,20.662121212121214,15.580965769055226,35.215953504198055,-35.775344824181914,-44.45505952339117,-14.282890367797332,-58.31590381763306,-80.484488187202,-32.060644355619736,0.00835781724702958,0.0,3.7407292566402344,2.3252748907292444,0.5754161182336,3.937176290400129,3.6524670513599142,1.536672192230041,4.871130659730339,28
15.0,tier,MOD,-27.312306236387187,-47.31184004117099,-13.221062010774911,0.2702629460436494,0.09268152295352425,0.4402414742032608,0.9553886251747128,0.941150966307917,0.9762784328769998,21.429651422824655,16.08632023870752,41.23494492674055,-21.639217869141696,-40.4310735040328,-1.001957552029236,-55.91883121298214,-82.48105489733241,-3.8680440712096265,2.6740917376125046,0.0,6.075911048690079,2.3959176911681053,0.6633435510428624,5.971456478472433,3.2444112236318325,0.9205483758219524,4.527689838810941,28
16.0,tier,MOD,-27.96510916026381,-35.15930673353674,1.6777152192053186,0.3203031876417534,0.14852043188971006,0.42161319611162257,0.9575734430976843,0.9491177015759911,0.9739974603852105,22.571356781915426,18.65927949350832,37.484620098039215,-31.355145422116077,-46.464380532902844,-24.313920179895124,-63.76469321718436,-81.08164053585057,-15.134409398899182,1.2104120389952024,0.0,2.454936566002059,1.9128207605923904,0.9437071885838998,5.157220192459382,3.098922397099045,1.6747747948031744,6.401758682946865,26
17.0,tier,MOD,-24.255491173695653,-40.63565778971146,-9.918721586995202,0.2839989354583331,0.055827062803612645,0.4198362311764654,0.9610072118322943,0.9511226148197195,0.9764575849682232,24.645768025078368,19.45935960591133,41.47652582159625,-35.88311756952993,-47.43172202074172,-12.844583729947129,-64.65093092312048,-80.09923187201974,-41.63832552440219,0.887035142325266,0.0,4.242950104679018,1.8781294124348709,0.8124039062098817,3.4545118755069195,3.2415859963901354,0.96358533965192,4.957664602975371,25
18.0,tier,MOD,-19.583843329253643,-42.28010570026357,-2.521502815677125,0.17841485489451428,0.07810934652205208,0.3931885871146508,0.9646965417045892,0.9569492652692764,0.9802046778578999,27.471475420033038,22.22860983102919,50.765160256410255,-34.090909090909086,-46.014463959309886,-18.721436044271194,-56.29785317519892,-78.25736183945176,-35.001193222496944,1.4723000266408819,0.043794005195098296,3.4054434806957676,2.7164669634788017,0.7792123461579827,3.7974750413088407,3.74313109555128,0.7501048528535871,5.921345530659403,21
19.0,tier,MOD,-31.015766347894687,-36.78287125995084,-6.219960418433186,0.22050813731900015,0.12534761965655333,0.38107284266621577,0.9632573584053731,0.9577598012974441,0.9781217384087664,26.216333845366105,22.73017767445722,45.91956075205342,-54.007959067652074,-63.53591160220995,-36.31647211413689,-68.68586560741439,-102.62709513809128,-45.81901489118106,0.0,0.0,1.4411088777954848,2.075204065997913,0.0,3.2162284829234915,2.4318572697346177,1.463886959101962,5.4394357889097495,17
20.0,tier,MOD,-5.663578982330192,-27.911766279221045,2.5143501325910433,0.4164645994999795,0.2352127817706537,0.5780889303145105,0.9570793137311536,0.9423446219189843,0.9661762271335155,22.298788694481832,16.344435736677116,28.56500458855919,-36.11198385191098,-47.117237802820476,-18.655019718501244,-49.27815768437069,-55.07183238297587,-39.066435252258614,1.5511893142828546,0.31026036469443374,3.904278389687654,3.2051940382799087,2.7155048085608304,3.7086707275913224,5.511921649642402,2.705549800276689,6.5778193929573385,12
21.0,tier,MOD,-5.873318451469835,-23.883208484064085,4.782571020061546,0.4686475208969706,0.21101173094997533,0.6604916353760271,0.9634911663566432,0.9468503546028995,0.9679363348243614,26.453762586115527,18.21725208589796,30.187998645190426,-25.928440300969278,-50.74197823220509,1.729084297830351,-34.02599843766919,-65.88413473307665,2.121230577965915,3.0994957600763655,0.2702159647286347,6.497093072647924,4.112403999208718,2.1967600819044044,6.387896474959282,5.4845966729383875,3.1405508887751905,6.87369747403538,12
22.0,tier,MOD,-13.79627500574897,-31.603566874804606,-7.746545136076254,0.35708881590311853,0.09925079224761865,0.500189098738458,0.9646959637474971,0.9616057595214788,0.9680399000390143,27.32537313432836,25.04557317807669,30.289013526888816,-33.449290875033455,-46.1753614079191,2.032520325203252,-65.56061011506526,-81.48073057806744,2.0132593620349333,2.1871275052483936,0.8035942431210024,6.489361531014191,2.1376686501737963,1.2296733416934154,6.387988991902697,4.452796459028057,2.1367466154486907,5.240601631895818,11
23.0,tier,MOD,-17.354141696446707,-25.694935909962343,11.081476775320809,0.3677436862684492,0.2224254944453698,0.5716983368361803,0.9678452115812918,0.953857736480789,0.9716351151873381,30.0995670995671,20.91612932051145,34.268745490537064,-17.232745702116063,-39.98051378516653,19.387951568182235,-46.524316593508985,-62.83069021336128,17.186182662465175,4.294914288821339,1.9665407798540882,8.334212568087404,3.4560497363578655,2.562717207518664,7.262669344073727,3.9897898659549087,2.904781400909486,7.69610471347711,10
24.0,tier,MOD,4.1290150591899675,-28.479330791364706,39.73348102412233,0.4784463761616087,0.12370683050914663,0.8264712929374137,0.9729105741111282,0.9591324585218375,0.976874829373036,35.91477272727273,26.60724431818182,43.55217309349418,-31.487962419260434,-50.30312806250976,44.550665301944335,-33.94277435386831,-52.309160305343646,50.792593842790154,2.8762649610017728,0.9141032453617,11.10339023777219,4.26972503499665,3.180669314036192,9.330350368225272,6.792357755737223,2.672270341758879,11.442180627484701,4
25.0,tier,MOD,-0.26265596863069973,-19.004731004059835,18.479419066798435,0.4371973832097051,0.2556173202500801,0.6187774461693301,0.9950330446205,0.9950330446205,0.9950330446205,200.3305785123967,200.3305785123967,200.3305785123967,-49.3819411226137,-68.03679998961037,-30.72708225561704,-49.78574644326648,-87.27572233128633,-12.295770555246634,2.513374451880667,1.2566872259403334,3.7700616778210003,3.844335046162316,1.922167523081158,5.766502569243474,6.22491894146885,3.7818083162502356,8.668029566687464,2
0.0,tier,NON,-72.0038460067008,-75.20164489342628,-60.660244679438144,-0.1510019152118524,-0.2666595033706044,0.027248816445328155,0.19969397314935072,0.1762218849433579,0.22941534992502813,0.24953745207622027,0.2139619195269284,0.2977391955933929,20.152126675752747,3.8589043722937832,33.302963129795216,-51.26684313045159,-63.13171472999717,-39.663619318421055,,,,0.230052002031704,0.0,1.6226616909697105,0.0,0.0,0.0,12
1.0,tier,NON,-50.86881634757323,-76.08890218202856,-44.33784116017752,0.25109385946242524,-0.2575090559842767,0.44995356990242596,0.29689811249821696,0.26233017607002085,0.34026348007477114,0.42227608322557364,0.3556202172032052,0.516570172101091,-7.905596124045132,-25.287134578031566,0.6775067750679048,-62.088931474134824,-81.03796788105063,-51.93709806365677,0.0,0.0,8.723234870812425,0.0,0.0,0.08879341114634669,0.0,0.0,0.8472161675284879,12
2.0,tier,NON,-49.316209475251426,-58.10678139300042,-43.75365288615271,0.4451100246388999,0.24743594088163057,0.5889744948608201,0.4739782510764395,0.4211661919672899,0.49583291700927096,0.9014722268600026,0.7276700951744655,0.9834697332100899,-4.296526951009669,-20.775085620877665,28.28421272499365,-50.667029032127466,-63.45859950570831,-45.06777660126586,1.9308785378808524,0.0,45.04994309687589,0.38637605079510573,0.07947763631725047,1.6364470623371936,0.4274110406226078,0.0,0.9163564065493759,12
3.0,tier,NON,-40.284217380866565,-57.17255222424147,-37.48289946616269,0.4479286412023552,0.21998679265957355,0.8309241214684556,0.6560641527724723,0.6199349550845259,0.7002277994350472,1.910963164905803,1.631500516343174,2.335869192794383,-13.187069936058212,-27.51573531966242,3.7351202259347347,-61.73652577762183,-66.02613396464963,-48.028240324032744,0.0,0.0,8.97819577633284,0.08760560445050594,0.0,1.2041216286366596,1.2309349313099363,0.0,2.3066597336112378,12
4.0,tier,NON,-51.65571153834797,-60.319256237652816,-45.670024823777766,0.2677470851250245,0.09302408091832862,0.41184154788665184,0.834093069828499,0.8032219372299918,0.8624881304282623,5.03255619632578,4.082124335555656,6.272232336572934,-4.241644694724331,-10.436932972452551,16.32301984263915,-53.93515348396854,-63.96477946017154,-37.55326086268352,4.103460326415318,1.1431222727098027,15.699348117148404,0.6170804707691397,0.0,2.803092195352826,0.0,0.0,0.4030963125511959,12
5.0,tier,NON,-58.79678436139499,-70.11777061533267,-51.83093757941115,0.005074706336400672,-0.0655969231546859,0.45329681095066987,0.8638842529914772,0.8501561704416059,0.8909410546521126,6.3471487663280115,5.673625756422529,8.222087850966615,-22.73147500412705,-25.829116065324275,-12.198558220885616,-77.45904091802882,-82.79384874016483,-71.76743109256653,0.0,0.0,0.0,0.0,0.0,0.0,0.0,0.0,0.22658620402525934,12
6.0,tier,NON,-56.01638580373495,-59.5829409364488,-44.76312956055858,0.37928344925466206,0.20064570533071158,0.47184339779895523,0.8989263641323377,0.8891931051704289,0.9075209322618228,8.895997767679184,8.039337190209954,9.868074828615658,-19.33475693715083,-35.10833536496813,-14.121959603238704,-75.35655212099161,-79.16974624291734,-71.3057498947244,0.0,0.0,0.08273638390052067,0.0,0.0,0.006217366106616058,0.10767358401482068,0.0,1.1171831920356403,12
7.0,tier,NON,-50.30181706823302,-57.58460637115681,-42.572061068909065,0.43313759693026677,0.12316488030163922,0.5613878477461561,0.9173058439726769,0.9056192113461066,0.9240439551287933,11.093243819266837,9.615900167959786,12.165584210359976,-26.445267695599128,-33.21802142798764,-4.113491727443229,-66.1423710634698,-90.28299262345655,-55.624001812809524,0.0,0.0,4.668027559123322,0.6855850325338617,0.0,0.89562118150026,0.13834876392452045,0.0,0.8044791020315214,12
8.0,tier,NON,-52.20331557016468,-60.320718892094845,-40.06711786130238,0.34641199249572296,0.20138059966041538,0.5189354569870721,0.9223419540229885,0.9110057233602598,0.9301596236580757,11.876965772432932,10.322733954904164,13.325773195876288,-20.24609293404675,-36.43479649058527,-13.192389572621497,-71.60161056962099,-80.58649097375786,-55.96013928631561,0.0,0.0,2.936727124124688,0.6157115846609145,0.0,1.2187773851486452,0.0,0.0,1.6721638724341306,12
9.0,tier,NON,-56.830255951679035,-60.29845667196379,-51.89958570893265,0.34548390068565904,0.14399107788214627,0.42948038026011554,0.9280800821355236,0.9172903010851708,0.9361078387643829,12.904354032833691,11.111130414480732,14.666089540509345,-23.903561169760714,-26.5176758502488,-13.714917264470683,-78.75253997702976,-82.87432993851945,-69.10919268959026,0.07783467709241917,0.0,2.401919854342419,0.01523125382643549,0.0,0.31246451925032465,0.0,0.0,0.27420285190591454,12
10.0,tier,NON,-51.30138563330861,-58.23608528173993,-46.039428832045644,0.387193583180568,0.21760965183112846,0.5185206870983345,0.939106262830786,0.9246041770268144,0.9464840268573732,15.426617376825723,12.26491737897566,17.69239857076994,-25.807952962025933,-41.45107716047859,-12.055116003884697,-78.84372698178251,-92.36581992935108,-61.93752003353328,0.29537405879298817,0.0,3.108958253567633,0.0,0.0,0.8893448028904608,0.0,0.0,0.30621737090019646,12
11.0,tier,NON,-51.911048538862985,-57.07338330516337,-46.04123997435874,0.4531203927587937,0.2845116617800921,0.5752829050649111,0.9484157384757691,0.9305787869969995,0.9527048224058303,18.38878076709733,13.41892867753124,20.177226138312058,-31.730616369040032,-41.13621639131825,-24.153044460139505,-84.67674778223318,-91.99134199134217,-69.07182408558538,0.0,0.0,0.652616759341074,0.0,0.0,0.6622553495149357,0.0,0.0,0.5092979552442632,12
12.0,tier,NON,-51.027207107162695,-66.52150706515351,-43.899731766598485,0.24808626544028495,0.09432103132121969,0.5827660641365614,0.949869863513572,0.9290105405425422,0.9566776640142426,18.96594206242981,13.453240282313283,22.08681939718036,-32.579253118443575,-41.34286939342844,-25.42995059033765,-90.53504428295255,-98.82708301266544,-81.16211703871777,0.0,0.0,1.5768170364543845,0.0,0.0,0.07827136997257036,0.06098489998655095,0.0,0.6851439175425192,12
13.0,tier,NON,-54.95594589635107,-62.82805698679106,-42.641539227187934,0.35634162704349326,0.2541436153144967,0.446036921668815,0.9535130461759562,0.9378513648711019,0.9600345248443019,20.59839537177479,15.252437856651515,24.021628875118232,-45.81949542620785,-51.743540748278264,-38.00766642820501,-97.99265355567493,-104.44968148134262,-84.45103823637017,0.0,0.0,0.0,0.0,0.0,0.0,0.0,0.0,0.7031890926887214,12
14.0,tier,NON,-55.27248497137448,-63.67134103898825,-51.04762681458655,0.3507079160152392,0.15390407055198854,0.4978133864475243,0.9603074389239638,0.9415509391962589,0.96246872849437,24.193637621023512,16.22076757172474,25.64505630267694,-33.93879201550005,-44.51814199520595,-24.21375287651619,-89.15771878629882,-105.27452699526043,-76.77009968372758,0.531664059914802,0.0,2.083057377329705,0.10626097751380813,0.0,0.7898409301399929,0.0,0.0,0.2376328751740618,12
15.0,tier,NON,-49.146865849562516,-56.819727260363734,-39.156050868064966,0.42292117926966577,0.17287170052558254,0.6003717483639072,0.9605781567829761,0.9544891396748822,0.9693282221685098,24.402802984472675,20.982438886021328,31.62130844954881,-57.723394653574054,-59.99219897815186,-43.66757731642831,-104.33698495748854,-118.00242132381841,-90.99452558403365,0.0,0.0,0.13878099320211099,0.0,0.0,0.0,0.039832846740399386,0.0,1.4552325799026569,12
16.0,tier,NON,-55.594606684132,-62.420404435113056,-49.808392208790394,0.22393068586374584,-0.000405028424243746,0.42606374170574324,0.9608320488277651,0.9553299428829214,0.9672776319108272,24.580315713781783,21.412290151719183,29.69659585334334,-39.61175236096514,-53.39022619095743,-31.632922205659273,-94.30996541967934,-101.6336000268544,-88.93091646866493,0.0,0.0,1.1725866486457424,0.0,0.0,0.11957644365353723,0.0,0.0,0.9364974800792083,11
17.0,tier,NON,-54.98721227621425,-59.13013556876659,-42.74079770672415,0.34014473841558024,0.08410660388102814,0.5127303580565216,0.9656592290765934,0.9608235740122291,0.9685258513013184,28.18496746720271,24.550892932667907,30.77485119047619,-58.036840777189,-62.61070639952642,-35.135318781550936,-98.11993961849838,-115.95696541961738,-90.10089279376629,0.0,0.0,1.9011296497274293,0.0,0.0,0.2965860250714277,0.1847414089754404,0.0,1.1063123600763998,11
18.0,tier,NON,-40.92261904761905,-62.39090875329663,-33.76335416246633,0.3345467529305939,0.24774441364309824,0.4980140238858545,0.9668148148148148,0.9638536537703073,0.9688455037651844,29.133928571428573,26.773933680973393,31.135719347980157,-26.439740267025975,-39.0386028025243,-22.687683470748084,-81.02737976441199,-94.44398316786817,-58.71194802593497,2.392450408572918,1.2405859805334092,3.006876808134173,0.9668851784396464,0.091172318389106,2.1690336665440846,0.7291568449554655,0.0,2.734895247200904,9
19.0,tier,NON,-49.13422537397981,-62.89681244439362,-46.06799075745234,0.23172917940812154,0.1721239201472564,0.31730704959271355,0.9681789651910011,0.9675635813867981,0.971719064166346,30.429661321772713,29.830210902131107,34.499133158300275,-52.488070892979174,-55.299071584394966,-40.30770851994237,-103.61281526925731,-107.48722271984752,-100.45152452945149,0.0,0.0,0.8119473834098057,0.0,0.0,0.0,0.0,0.0,0.23743054453802226,6
20.0,tier,NON,-49.68433746537609,-52.16007464950864,-40.01753690648614,0.4323062977876585,0.2938962212537147,0.6314751638960089,0.9693390045809991,0.965417491062382,0.9703892049581782,31.65278423265827,28.43965221401225,32.77146879309951,-47.24799842317103,-52.633518811193284,-45.187350609182744,-94.97884321710367,-102.13911463573945,-86.12416549543195,0.17880901792606888,0.0,0.372775179143563,0.08863340930889314,0.006969549065224782,0.6611441621215245,0.0,0.0,1.107024234533173,4
21.0,tier,NON,-50.26006431235423,-55.46349665678004,-45.09217999051504,0.29901741801614734,0.25461148406974293,0.3411699394015036,0.9718512307600168,0.9696892641516189,0.9721267326984442,34.52553191489362,32.16031411856765,34.880174864329405,-55.24536153979538,-60.08183258803986,-46.951106876537246,-103.90844459857834,-115.1998902998701,-91.05910467069768,0.0,0.0,0.8264119962385026,0.0,0.0,0.4528982389091926,0.13208940906480268,0.0,0.38514217114717936,4
22.0,tier,NON,-42.90366500875236,-50.40245070146463,-38.362521618739486,0.4752474037187173,0.42026766131385107,0.5066071897364111,0.9730056893838518,0.9705625927690633,0.9736968610110555,36.044843049327355,33.20598795823011,37.044545418468985,-65.23155152126384,-73.32516339869292,-51.4541554757282,-104.53752731551467,-124.1028783308191,-86.13356703788318,0.0,0.0,0.9142034536655032,0.18737578845649633,0.0,0.8862914987568481,0.669208327009231,0.24747408547494376,1.2588111630341174,4
23.0,tier,NON,-55.378293596681175,-63.15627482602203,-47.600312367340315,0.23539142206774386,0.2086538112674693,0.2621290328680184,0.9699610052535854,0.9674687409958466,0.9724532695113244,33.23264114211551,30.39243997404283,36.072842310188186,-60.007188685092416,-60.049819304025526,-59.96455806615931,-115.71765922100349,-123.4994472290399,-107.93587121296707,0.0,0.0,0.0,0.04242451493427016,0.02121225746713508,0.06363677240140524,0.5345917337931074,0.2672958668965537,0.8018876006896611,2
24.0,tier,NON,-40.625333465799876,-53.241609540525474,-28.00905739107428,0.5936561722248398,0.42480419846270934,0.7625081459869703,0.9699710905254041,0.9671952016350378,0.9727469794157704,33.479797284112166,30.292465879219897,36.66712868900444,3.4089260509590638,-27.056213286181503,33.87406538809963,-37.35630118249571,-80.5571814436095,5.844579078618075,6.723924750107307,3.496228034196414,9.951621466018201,4.572228735418944,2.286114367709472,6.8583431031284166,2.1224918751136244,1.0612459375568122,3.1837378126704365,2
25.0,tier,NON,-71.81328545781037,-71.81328545781037,-71.81328545781037,0.16909604817349688,0.16909604817349688,0.16909604817349688,0.9714952816421831,0.9714952816421831,0.9714952816421831,34.081911262798634,34.081911262798634,34.081911262798634,-54.40023738285404,-54.40023738285404,-54.40023738285404,-126.60418881827916,-126.60418881827916,-126.60418881827916,0.74936863043625,0.74936863043625,0.74936863043625,0.0,0.0,0.0,0.0,0.0,0.0,1
0.0,ticker,ASTRAL,-45.815825253566075,-64.99170646563569,47.661222498350035,0.052520409963833545,-0.213453354321349,0.43696853767816907,0.13511492247095777,0.08621534617454496,0.18525355630361603,0.1562229780365481,0.09434974182769898,0.2273757163801146,1.995742416178516,-12.92824822236587,24.08759124087558,-25.431301120350664,-47.09345106696167,19.392372333548806,,,,2.9390565446135732,0.12544230693482192,8.78038855623497,0.6700603208052578,0.0,11.664144239486777,22
1.0,ticker,ASTRAL,39.344835025702125,-51.00717091696235,110.79393527846871,0.41453531843127744,-0.07333214817815055,0.8027599800264514,0.229879109191843,0.19812897313546168,0.28668356762847064,0.2986203982727231,0.24708541737958298,0.4019374408184823,6.098180709420765,-20.195838433292256,15.64945226917058,19.210386857444778,-53.60097848765967,115.16874407755799,28.515149124733664,0.0,54.15026934178366,8.19959300052949,0.0,19.089857523509497,10.91018015499701,0.2557201166849668,20.069274963170322,22
2.0,ticker,ASTRAL,29.86144094501884,-43.75365288615271,120.26776557720524,0.5048506890905652,0.2668523477787845,1.0663378621831079,0.39927596349649297,0.3740856473261842,0.42569221355361786,0.6646578782172002,0.5976626765757077,0.7412266098421789,-11.68614357262053,-29.197080291970803,2.693421318428817,-0.7003291547020732,-40.99809146815547,93.65994236311239,0.0,0.0,9.355273016288889,6.170121502821243,2.1017467841271538,16.983430633182877,9.82836925766621,0.843390888667882,21.8253010021389,22
3.0,ticker,ASTRAL,-12.303182097935803,-39.718754228381044,57.11351963689691,0.5199467523570481,0.3117485549519078,0.8214529529366676,0.6058446455505279,0.5932400932400932,0.6496136424193978,1.5370706974074428,1.4584527220630372,1.8539923954372624,-3.96825396825364,-21.456436931079025,15.822784810126581,-0.6628222973414798,-51.94805194805132,38.92379131384898,3.836457681757434,0.0,17.8097807212032,6.171960606113093,1.4959302003548287,10.841905052188562,4.949678627859569,1.3555800681381935,12.76989370719312,22
4.0,ticker,ASTRAL,-38.24231579095819,-56.613604551351415,70.62393344738791,0.30248173981299425,0.09601477606787767,0.5309810663478072,0.8209096337579618,0.7965908280436488,0.862149669416652,4.583773270352876,3.9161991584852736,6.254244482173175,-3.460207612456747,-15.916955017300724,29.620090148099862,-34.12749517063718,-57.20338983050783,47.22550177095758,4.385440242865374,0.0,24.295627041596926,3.216993059629695,0.5123342848925023,11.331805521537246,2.1299199517355842,0.07397736813357127,14.116374822179932,22
5.0,ticker,ASTRAL,-39.027247736472944,-56.88665238106251,52.73959718667621,0.2624939879038411,0.09382087477418763,0.4718407382512032,0.8606402021691061,0.8253114265612713,0.9046151987435062,6.175670570457121,4.724472873726605,9.483850538315389,-12.175962293793829,-29.14001421464043,15.864257138915399,-59.97210599720996,-75.43391188250972,43.493034318723005,0.0,0.0,14.528645402341139,1.0230051758532956,0.0,10.795594416242796,1.6524933402032276,0.0,12.3340278554228,22
6.0,ticker,ASTRAL,-18.407830907831073,-53.64099509389963,71.02918392045264,0.3599719669970066,0.18904564977682664,0.5897336877905507,0.8918271089461068,0.8511549566891241,0.9151186213070726,8.24446032880629,5.718396378920143,10.781147000659196,-15.327806033582146,-31.380039566136222,3.61794500723589,-50.65123010130246,-73.62579133781435,49.315068493150996,0.0,0.0,7.900986086406955,1.5132399445160698,0.0,10.87680256975373,4.010785666338793,0.1798862132385606,14.168304414401895,22
7.0,ticker,ASTRAL,-19.216633029398125,-46.61715848671778,77.70600157522414,0.3695990878984709,0.2110930936387681,0.6384547423462952,0.9082069874752802,0.8722607967695868,0.9255840784539948,9.894075403949731,6.828450269853508,12.437984496124031,-20.477815699658702,-38.341108058022876,9.93831391363979,-34.554250172771255,-68.21643817471326,23.752969121140143,0.5063383153693528,0.0,10.145951712294337,3.1023597626524873,0.8555525787970787,8.595985615711118,4.082507794938054,0.4049761145731138,14.748130852885385,22
8.0,ticker,ASTRAL,-29.05181002574812,-60.09298691104112,78.8186582775441,0.33874006865959744,0.13841449936611333,0.466859377770799,0.9199478353230242,0.8806885418730118,0.9306096028536974,11.496648627127861,7.381519017751445,13.450952914798206,-13.333333333333973,-20.16698261606098,-1.451378809869706,-42.76069017254348,-70.32348804500702,19.10828025477707,2.5089037666982796,0.38371724301603655,5.8085709785930275,2.4513714541528695,0.7145912794613025,7.952730329296373,2.7112323039901858,0.0,14.971287808017495,22
9.0,ticker,ASTRAL,-18.833700039846374,-58.72591221237622,71.09865910706385,0.4035824982393491,0.2177809997055608,0.49916125184194216,0.9271950640721405,0.889393449568252,0.9354416808424049,12.735332464146023,8.041571235560477,14.496078328897752,-22.59475218658826,-27.22990874300887,-1.6125131016693177,-49.46996466431096,-78.71720116618042,77.39743267052576,0.3658703448570937,0.0,5.829628690294662,2.132792164040694,0.08266922299247428,12.284032857552107,3.7974800402592868,0.01232443361183274,14.126473695406894,22
10.0,ticker,ASTRAL,-13.603563132946476,-51.38897512497152,58.198094762790376,0.27175548606448335,0.1695471709558155,0.40772122926314336,0.9376984406971001,0.9231685054369394,0.9435611117854108,15.050962627406568,12.015495867768594,16.718279569892474,-15.797788309636651,-39.949397429922094,-5.096703237748038,-46.51808650975523,-74.11500059197184,-9.321526066980914,2.5263136892443354,0.0,4.921555161578793,2.50525500381477,0.0,5.440292323517787,4.577939805078932,0.0,12.573574927680852,22
11.0,ticker,ASTRAL,-28.901408907116323,-52.70194184257335,48.0669760293201,0.2497707825957643,0.17166299719130773,0.4054741864679441,0.9430496749955275,0.9321887172561258,0.9598695151784594,16.559162303664923,13.835690741752867,24.52726471723986,-22.905759162303664,-36.966220522625584,18.791946308724526,-55.449330783939104,-84.71430017887849,55.53674229597051,0.6826390705138858,0.0,10.827008828525067,2.213379932825812,0.0,10.574980688311104,2.7236913067582313,0.02595317746353458,11.529822175516308,22
12.0,ticker,ASTRAL,-29.46797530707633,-52.44006496484785,66.77724373154373,0.24849034957111701,0.1198151314488593,0.4945159007288004,0.9438037464169056,0.9351762521984652,0.9589560354036188,16.794780545670225,14.463638671234001,23.520558968922046,-18.461022069312495,-36.76953381483854,15.33333333333303,-54.55962587685113,-95.02036150603669,26.666666666666664,2.8839695353878487,0.0,9.446614450312877,1.8366367774895616,0.0,8.465075961126832,2.7315669402564815,0.07557592457495543,13.40513263701218,22
13.0,ticker,ASTRAL,-21.70550955011297,-56.21942950703793,58.272553703097394,0.26780906419800043,0.14941835151871882,0.4152841941875508,0.94938959345739,0.9412885549008512,0.9625120269946714,18.758782201405154,16.03479464394882,25.7897680514493,-31.806615776081422,-38.65162843745982,-17.236426314276525,-43.89312977099294,-93.32156915976651,23.28675981370592,0.14947841858627062,0.0,3.1070600728130024,3.19786478622459,0.0,8.022829001723734,3.6255405519475037,0.1707362949367892,13.175933361177163,22
14.0,ticker,ASTRAL,-30.74663288490602,-57.205299686508674,67.21895307241255,0.19772027046134044,0.12518368164834753,0.3115099248244906,0.9511361931862543,0.943346582691393,0.9617473356214168,19.47067435833587,16.654717753120664,25.143736218988664,-25.523560209424677,-41.23567235113287,-6.459948320413437,-66.19128321555276,-81.38042817586245,39.19007184846506,1.597884666763054,0.0,5.127561964158844,1.2332893751692684,0.21252195502761626,9.174995744699366,2.4852069814274187,0.0,13.314194656845299,22
15.0,ticker,ASTRAL,-27.168173124613826,-58.51352504750304,78.77072512484185,0.22077068363969315,0.09000219603257337,0.38053176210526124,0.9539449083883834,0.9488344152188365,0.9705825850085994,20.713125845737483,18.545909140545305,32.99506353982741,-34.38975050573101,-57.89283247261573,-13.358478705013718,-73.86452931007459,-111.50948981941414,8.24798955254688,0.5542159827436589,0.0,3.929718604129697,0.7680674716282796,0.0,6.818256302845832,3.243210845220943,0.0,14.890717210616156,22
16.0,ticker,ASTRAL,-31.487439249776912,-58.06010928961749,37.76953715149018,0.14884400682295584,0.043503097717489676,0.3112715290341043,0.955630158770737,0.9498576160311138,0.9711742384002597,21.545103092783506,18.949746699064736,33.691952966557366,-24.274249554466472,-32.049465216504956,4.910569388417695,-54.06166215978796,-90.03173281466601,44.608185702037815,2.6184923812516567,1.1382089176878214,7.0472482561997705,2.6735198008297725,0.5746395674606162,9.39801970586203,2.703942608100409,0.0,11.12604804041217,21
17.0,ticker,ASTRAL,-34.82860833100845,-56.974084098760486,91.44812379201855,0.26548376655271366,0.13320029219621543,0.33993693312413054,0.9663648731059717,0.9546601008887822,0.972739073993942,28.73082287308229,21.05562913907285,35.682539682539684,-23.908673864937313,-49.15731639199883,-4.3245609726523275,-49.188608630489206,-99.4643301599837,97.51767780584196,2.9606113418647286,0.0,5.653459410577028,2.9614457532662444,0.0,12.383766334052966,1.7179484582594755,0.11901685156649015,16.579447509020582,20
18.0,ticker,ASTRAL,-19.644987020276115,-57.72495755517827,87.24311748739821,0.24774441364309824,0.1278586170898717,0.4411706798723709,0.970134828555462,0.9611472538879824,0.9786601766064383,32.48569157392687,24.7442782033665,46.20517423233987,-31.110769922319072,-43.89497367055053,-18.822391120719637,-56.56898338774934,-86.38727400195276,54.35639948018449,1.5259275153450185,0.3308759771380586,3.4404739530411574,2.5507521779760465,0.645052798645415,9.599058209261484,3.6916477384491544,0.1339213374321288,17.67266373882551,17
19.0,ticker,ASTRAL,-30.72253407864458,-62.03502433800182,66.78434965551021,0.20069702509467144,0.09215117491443227,0.33864626447609886,0.9674767259098054,0.9601217270018386,0.9767113276492083,29.74721189591078,24.07631160572337,41.93933054393305,-39.754733508524296,-60.16297311705195,-15.755329008340777,-45.81901489118106,-104.33325717767151,-6.553079947575361,0.8864033563990501,0.0,4.1217890236681765,3.2162284829234915,0.0,5.823019497153576,2.2523636241898632,0.0,14.819047559561405,14
20.0,ticker,ASTRAL,-5.351170568561568,-40.071237756011364,54.002324150660264,0.3722098047969549,0.2432552028603441,0.3907048472158508,0.9647695029764813,0.9585593678335613,0.9708550310080815,27.462737179984984,23.145121070069084,34.30493349708642,-50.15114042319444,-56.71641791044708,23.356690023356688,4.122011541631692,-97.01492537313432,51.633986928105166,0.0,0.0,9.298272643410114,6.4966958005415,0.06758182907319957,9.56495247686657,5.552623266197017,1.0368658106697106,12.063018318039337,9
21.0,ticker,ASTRAL,-33.40851276521134,-59.139834384115076,42.33978693415812,0.31918635171708254,0.20209137358946827,0.3411699394015036,0.9664448546728293,0.963621676396937,0.9683462595322487,28.832733346306025,26.51058622316584,30.59877408056042,-26.36459471310276,-48.255234228325236,28.874687513950427,-36.785276080616555,-102.23618253500497,49.5845267931732,2.997508606130814,0.9259950445955802,9.699091748437931,3.9021861372272633,0.0,9.274299426729605,1.9032507942088817,0.0,11.809853906101237,8
22.0,ticker,ASTRAL,-37.010159651668424,-52.6740836530622,-18.395950730188325,0.2676169617863607,0.19324244534782586,0.4401363095765904,0.9681717677179099,0.9681194961542748,0.9686475857548613,30.418647166361975,30.367132867132867,30.89547038327526,-36.60454985479159,-54.16586930570364,-28.10496849184826,-65.56061011506526,-100.90194211459738,-17.256290370530035,1.8045776140062322,0.4511976796698253,2.9219706599552033,2.1376686501737963,0.1813007329666081,5.193233117169443,1.434367211334625,0.5042256033592686,3.855362026083797,7
23.0,ticker,ASTRAL,-69.13984090402336,-70.93425605536288,-20.52980132450271,0.18191620046719476,0.09234532920653171,0.2165230986693128,0.9649764767381077,0.9535055276558708,0.9682290094034613,27.55223880597015,21.901951626686806,30.8086241830998,-20.572035304266432,-59.92192744722621,-6.126616746086391,-71.3860797144567,-131.28123523707632,-41.144070608532864,3.8302968049213746,0.0,5.5924910675480675,2.0623616379842766,0.0,3.70986847085272,0.0,0.0,3.576537100990814,5
24.0,ticker,ASTRAL,-59.7830985069249,-62.82049206108799,-40.208375664537755,0.21534371369484964,0.19676069751870434,0.2356479691977143,0.9548868278386091,0.950120585385578,0.9596530702916404,22.202425191709267,19.75107055040009,24.653779833018447,-45.56977305649418,-51.54556283990812,-30.78488652824739,-105.62530178657653,-114.6916817456499,-71.14598422662161,1.369063564636276,0.8187974414608983,2.951394579745444,0.06434713046783794,0.03217356523391897,2.0798463849977886,0.0,0.0,1.781513561172586,3
25.0,ticker,ASTRAL,-69.61317318357186,-70.71322932069111,-68.51311704645259,0.1499373871309586,0.1403580566096895,0.15951671765222775,0.9713821180756805,0.9713255362924292,0.9714386998589318,33.9437334091771,33.87464448236633,34.01282233598786,-56.023296708153694,-56.834826370803526,-55.21176704550386,-126.02610874605713,-126.31514878216815,-125.73706870994613,0.5024692578673753,0.37901957158293786,0.6259189441518126,0.0,0.0,0.0,0.0,0.0,0.0,2
0.0,ticker,BDL,-66.2561906036666,-74.49827410133662,-48.966464702164174,-0.15886570116157991,-0.4578345953756295,0.030241308999107784,0.1968810916179337,0.13958846373104947,0.23482115127883657,0.24514563106796117,0.16223886271439197,0.3068841230301111,21.69349195241364,13.558838221650351,33.44938221039041,-48.365122615803195,-60.869565217390694,-4.0241448692152915,,,,0.460104004063408,0.0,5.81808311154868,0.0,0.0,0.2510631503408627,15
1.0,ticker,BDL,-21.83279930506832,-42.76800257807796,211.88129341992826,0.5209760503648371,0.14386554226794745,0.7240502254245155,0.27775562587751346,0.2615727138358914,0.33045486535086277,0.38462534146485455,0.3542356247741033,0.49595667384006925,-6.472838288622176,-47.14084207462411,1.062322946175879,-24.155029191120384,-64.89672315226284,172.9663728914473,0.0,0.0,7.219438347113432,3.3387334935920894,0.08879341114634669,25.536561223707608,3.69385577633639,1.088158521382087,30.61196993981192,16
2.0,ticker,BDL,-0.6339746455148578,-45.7463034043898,119.08686026258854,0.47270181865392646,0.29608370103419435,0.7872743392982953,0.4546620361532806,0.43361199721001076,0.49210853572397195,0.8337484424174183,0.7656169749655599,0.9696966074318846,-22.335934171865112,-29.803120261134794,-6.0987785257532146,-24.542965179770114,-49.329459708323334,103.12386404943658,0.0,0.0,0.6865633495440667,3.72871076713233,0.600544762713628,17.902038053316062,6.2998682400847255,1.0500941536650015,21.718137976580767,16
3.0,ticker,BDL,14.034740109635933,-38.18856476418511,103.22016350591015,0.4011426936782151,0.28452969318665444,0.7280319880242839,0.6473539092387152,0.6248238992721019,0.6953269330578657,1.8359262203574616,1.665447156791072,2.282551871484679,-13.187069936058212,-26.190022848439114,0.0,-15.846774056788101,-53.24295145741914,89.66160365253177,0.0,0.0,6.25,4.5260984331700325,0.6673153615629611,16.070009818145753,7.785371631868385,2.0388178858487214,19.173660927912934,16
4.0,ticker,BDL,13.414949263828845,-46.62559093254769,101.26777963497014,0.37194015198252683,0.25641366981902625,0.5163256484510688,0.7748062405110625,0.736348892725608,0.8216712635559719,3.440957630213204,2.7932518077126303,4.6111243504972235,-6.443684193044807,-21.314029937716928,14.333109320856291,-18.9257718632439,-56.84085763155894,70.22800014073522,2.7947499526274786,0.0,14.826652887860792,4.241406478135896,0.37974792363894666,13.219192157744697,7.387122645567799,0.9347555987122438,19.426110880780563,16
5.0,ticker,BDL,-4.2282041082170405,-54.58823622329913,93.61961208777838,0.27032066549410466,-0.0655969231546859,0.4458975118573511,0.8153186758158475,0.769309444172997,0.8534020336843363,4.419830986123687,3.334877059503463,5.831167713822456,-10.918218345515488,-16.016656313091733,14.896137669417698,-45.82336191228484,-73.26337480424904,96.74309334261967,0.9257723311481285,0.0,13.948017337225389,1.6156933447665278,0.0,15.21241156080403,5.346362599294289,0.16883514000109787,18.511473672019786,16
6.0,ticker,BDL,-2.6290749287824386,-38.18613072032943,94.20452039553041,0.3453323949186077,0.2525088686205053,0.4184176759400471,0.8438364264277955,0.7947082744078717,0.8826958951333769,5.404156575529521,3.8713795289662243,7.528610378406779,-20.335368822117065,-33.92991063154019,-7.876824569365951,-54.33260684344516,-73.95723799509288,83.10444902537115,0.0,0.0,3.637435426212277,1.1259278900388354,0.0,13.912433269024978,5.620492602297838,1.7266851806255006,18.588932162538335,16
7.0,ticker,BDL,8.312601153309203,-47.39917314202837,83.83597022234463,0.2920285514693183,0.15252468945510922,0.5173687928415621,0.8528616539813325,0.8160099375880167,0.8937211680564354,5.817655475171524,4.435688107248685,8.41506813664079,-18.48772853059962,-38.206967325896734,-3.30912110325034,-57.07897402788905,-66.33612366516786,92.19996863901915,0.9701218786933564,0.0,5.140328668723708,0.8138660865283205,0.6377676445594345,14.424316108849412,6.864654903273195,0.5631273088645048,15.69320853455781,16
8.0,ticker,BDL,1.348291703972242,-44.369387857814104,100.5104677919993,0.3076966605156598,0.18687434715445062,0.48529206783872864,0.8617501331259974,0.8355550313909484,0.9011546454897005,6.240686545455265,5.083971402127774,9.118346576009598,-20.951750824537307,-34.829575341278066,-17.10573745498079,-55.123208664462965,-71.1516590591238,80.91596939430545,0.09900249984721755,0.0,1.2728261385022062,1.5209475787196918,0.1292079724651316,13.238753798013255,6.206402799234639,1.1337182838223194,19.015874714937933,16
9.0,ticker,BDL,-9.41201066471923,-52.47590884164548,78.8485297795712,0.1977723980800158,0.12442677855658826,0.3842362212986218,0.8787688807759684,0.8508899369839588,0.907298635252627,7.314057711768346,5.7081420544482535,9.806356207093545,-8.86884567617271,-26.395684894268832,4.342105263157536,-50.057431853248815,-77.58203335126434,60.42069761475999,3.93913786792751,0.0,7.4694825968479766,2.2693618840962353,0.060540531807365926,11.514097532254773,4.731968364124191,0.3658879655410714,16.570767379348737,16
10.0,ticker,BDL,-24.967018459972905,-49.43933777401111,70.83347043081491,0.2888742667643417,0.11567113916041147,0.38576346966415864,0.8950136196563075,0.863928114482534,0.9112039533366034,8.534499716358468,6.354149899689737,10.365075695167633,-16.329599325550742,-28.42802697701777,33.843806115881506,-55.901588290252256,-82.68867825119311,104.80356517369226,2.325159928916499,0.0,13.769310313696646,1.9169212568923257,0.07704283188846098,14.669664495965202,3.2907716714791264,0.22616759655016572,15.37012759362834,16
11.0,ticker,BDL,-19.406340017997152,-45.80835066160087,59.07862688932278,0.2861027443383716,0.05357903572452432,0.5049569159762411,0.9050438695117127,0.8720631617555693,0.9192222368097002,9.532165947541856,6.816556274906421,11.450798277032563,-22.439949652200223,-37.14819421264184,16.733577495948627,-62.8092379958248,-85.24072324013892,72.59650706209621,1.286097387244712,0.0,9.64755882243702,1.1835620195621246,0.08650812986839199,12.000973910438885,3.8897714760632067,0.4898614306831095,12.940763815979565,16
12.0,ticker,BDL,-17.202825850859288,-50.1615154860077,67.64562305442382,0.11919508998551001,0.0379316437360865,0.21530390665960444,0.9055433198061238,0.8784343641991678,0.91933490196576,9.59240178770239,7.227311432384013,11.406011509949279,-20.674237093372096,-33.64607439833676,24.506095511135886,-63.461210144720994,-83.61362908599283,91.98668107047841,2.142834634489838,0.0,10.96402607511339,1.3791609772869546,0.0,13.310391729380015,4.055556754579399,0.37008999708462254,14.434875227436736,16
13.0,ticker,BDL,9.550093988992407,-53.50104393462652,96.3782862840518,0.266618056575464,0.1294836711008681,0.39866740107467485,0.9160889633909288,0.8876189280132349,0.9289757585881714,10.967874045082372,7.898299436886889,13.109371605583942,-40.50937475745371,-52.111916851742635,19.185475669104072,-52.3436453820317,-77.10415985961232,79.65001157371316,0.0,0.0,9.757184333171988,2.5709380288827894,0.118375310350579,12.11561879878072,7.242381733558358,0.0,17.698325420245595,16
14.0,ticker,BDL,-3.1500359541154896,-46.85278526154023,54.22558009070726,0.30999216473817925,0.009675261430764269,0.5069750748472202,0.9211003627569528,0.9034534637267334,0.9354336951065414,11.67432950191571,9.40187171557,14.487995497158042,-25.192352716611964,-37.211121675241834,5.670666365764369,-61.609116512598185,-83.2615311922395,52.80762296723916,1.7715638203668607,0.265832029957401,7.237093224905394,1.625972206900097,0.5434790118818802,10.133641839760347,5.841895774364746,0.46923670989734795,12.503738254758275,16
15.0,ticker,BDL,-13.00669136972576,-40.15643218498629,64.54052783772919,0.27444537299957583,0.07390793392383396,0.36040095296752406,0.9294323683939425,0.9173814087272969,0.9435838238841203,13.170802919708029,11.104217175431994,16.803137234700188,-25.727125231986903,-53.765796397334405,6.5651999196300395,-26.42153907976693,-96.35449058562786,45.696281208782224,1.896997627081051,0.0,7.380356723756519,4.300264060480431,0.0,9.52363667984161,4.556812311081659,1.091409087175539,14.487200414969259,16
16.0,ticker,BDL,-14.908793252487287,-46.371689926419435,68.38286342304733,0.20156923714302521,0.05214474383198362,0.37667766121748697,0.935563108175001,0.9292155426089141,0.9582112436400405,14.524649586930288,13.127425022392394,22.933656235440285,-35.061435713383986,-48.850080670227065,8.91639393171856,-72.7511073592078,-92.93003233335028,76.12837118612032,0.4431632784279299,0.0,7.505879729731307,1.2984447003676087,0.059788221826768614,11.3708047928234,4.309274310791017,1.338428180075813,14.63646309803961,16
17.0,ticker,BDL,-36.20835217324043,-42.45072399055964,86.29669680015401,0.1761963574411704,-0.004791118587553555,0.3917126673926765,0.9418500634244723,0.934134931449734,0.9640115970111267,16.200553591899737,14.18411866831936,26.868318931811075,-18.122977346278024,-54.46662997701595,77.28606678926126,-61.4203454894428,-93.38417578277398,130.78655445002556,3.8022592994548585,0.0,17.226026215226355,2.5250234423038034,0.12224076001554167,15.068838385338967,2.3594419884928977,1.0639375715771051,17.42171921824789,16
18.0,ticker,BDL,24.03846153846154,-38.08543489449352,101.38248847926268,0.185140372172293,0.050764437909546226,0.4980140238858545,0.9470367591897975,0.9370087644896805,0.960860751598316,17.88101983002833,14.875224416517055,24.54980079681275,8.656759486365932,-29.295626934084666,74.30664113590926,3.252032520325203,-93.28331765947645,159.40812506964528,7.465802172279272,1.992724448989141,16.543017781314525,6.451217782810416,0.3002641347107246,16.382318825421393,9.387357539843629,1.294721740743092,20.025358076291543,13
19.0,ticker,BDL,52.933027763547045,-40.37307353378334,132.85608995443678,0.1568560252628482,0.09965024930140912,0.38854207943263624,0.9480857881454473,0.9351155087121293,0.9598680303407164,18.27239234272596,14.419074816161283,24.38243387026311,6.315861843719348,-53.19082106583312,96.93443761505075,26.203763739936146,-101.24184721440295,216.69837074374223,7.038270361482471,0.0,19.18754147909864,7.853512721570989,0.0,20.704119482274265,13.019562446016739,1.1518820499808817,23.773033669763485,10
20.0,ticker,BDL,-8.0516481344774,-50.97359019698844,51.089604924959765,0.0075072249593685,-0.02556362038468478,0.17278466627437206,0.956409169436244,0.9337969052697686,0.9672286095192761,21.98658882157514,14.393034924296956,29.615637208954464,-34.5748860600353,-41.14982628296546,118.96233085299198,-89.52949393612235,-94.97884321710367,160.34585554788143,2.313104030142641,0.8066538938238561,21.999012344128822,0.9167460409736989,0.10198162333751627,16.797079437159166,5.600596581003594,0.0,12.865226230934764,8
21.0,ticker,BDL,-4.9468327358008715,-48.051827318813714,49.366977304839125,0.1575701115177562,0.08949926843247999,0.21871525339211473,0.9556438711177744,0.928187755053064,0.9708782653749315,23.427943021577804,13.169492146062378,33.44674189116043,-52.21414408460074,-54.794520547945204,7.315112540193584,-98.22784810126629,-102.44547257105089,64.30868167202573,0.30981880363110254,0.0,7.0593918566927965,0.049606578292245296,0.0,10.048140125392552,5.614387726957112,0.18700805754997535,12.701906259589169,6
22.0,ticker,BDL,-32.579820560372916,-45.517241379309716,1.5011634016366093,-0.02763341292413406,-0.03366717443841898,0.4793435796144201,0.9680399000390143,0.9522145884205412,0.9730056893838518,30.289013526888816,19.926888917492597,36.044843049327355,-30.509329299041624,-63.125105059673544,28.325314294583094,-90.03068885794661,-99.16740208438344,-34.23866233020321,3.125,0.0,9.308163388925113,0.7425917285821468,0.28106368268474446,4.1995124090900395,2.009891031980858,0.329965447299925,6.445702061405269,5
23.0,ticker,BDL,-39.82233113799946,-49.965262944275224,1.8809597172530914,0.12398894213975979,0.1169075895341114,0.20642779290402638,0.9678452115812918,0.9597702437534774,0.9713953726751775,30.0995670995671,24.900738028491332,34.506305288913985,-66.37316744382024,-69.51352620425104,-63.23280868338943,-116.67643615342381,-124.93761262767038,-108.41525967917724,0.0,0.0,0.0,0.04242451493427016,0.02121225746713508,0.06363677240140524,1.0691834675862149,0.5345917337931074,6.506559587476602,3
24.0,ticker,BDL,-15.392781316348678,-15.392781316348678,-15.392781316348678,0.9313601197491006,0.9313601197491006,0.9313601197491006,0.9755228683061365,0.9755228683061365,0.9755228683061365,39.85446009389671,39.85446009389671,39.85446009389671,64.3392047252402,64.3392047252402,64.3392047252402,49.045459339731856,49.045459339731856,49.045459339731856,13.179318181929094,13.179318181929094,13.179318181929094,9.144457470837889,9.144457470837889,9.144457470837889,4.244983750227249,4.244983750227249,4.244983750227249,1
0.0,ticker,IREDA,63.48330113165864,-52.48226950354674,216.30615640599072,-0.059674314755376816,-0.710460443498349,0.1023058903892518,0.08343996587758584,0.06907862041546566,0.11418592154755508,0.09103600721307661,0.07420456972026479,0.1289050652107977,0.0,-14.557577650710531,16.8118113765097,24.055249476216517,-53.04898945320031,203.129061756513,,,,9.389551242609244,0.04550516158950274,30.39238133528283,14.26560949851609,0.46032243503417447,34.75648257982848,17
1.0,ticker,IREDA,228.38858786674132,122.98231164973234,312.5990380941594,0.7638694340558032,0.44979117535024893,0.893499980856817,0.2258782030312943,0.18836724726862933,0.2517226345356294,0.2920477778816751,0.2321285901309467,0.3364151133636095,-8.196406170015653,-22.38557264022059,4.314496515401419,202.93654893247208,107.684849177028,276.63575182785235,0.0,0.0,16.388464836779498,29.72246612358834,19.88123058116291,38.248591547022905,35.602984535692805,21.941621204522257,42.66828546848969,18
2.0,ticker,IREDA,252.50599364480146,103.6387456146936,336.49189803758554,0.7084350151799288,0.4377628566448091,0.8175596048321574,0.38722326544570085,0.3616294761318017,0.4363521203848971,0.6319159596265521,0.5664895813497367,0.7747697663088746,-8.7020156321746,-28.879383682424262,5.880204342906613,188.77010572216093,91.4696011045884,329.2480058277702,0.0,0.0,11.042618908619968,28.30040664743368,15.015297801419049,43.135439613521235,35.20824476478904,18.31571542068015,50.869111058640314,18
3.0,ticker,IREDA,225.67491243524847,82.85894410212191,294.76559993633947,0.5265463991839645,0.263197894057547,0.7365266228576312,0.5704091266275084,0.5200836409361616,0.6036145076492597,1.3281029421577717,1.084010044119235,1.522798871117874,-3.082318686273603,-15.594393231540375,21.58928083741977,218.37802538215578,58.93901374730315,287.61800574363974,3.6105983510126096,0.0,21.07781990267015,28.582011058750567,11.963055903487676,39.066629717340525,32.658626123088126,17.0632321103159,45.25275976208127,18
4.0,ticker,IREDA,186.3071728597403,87.01620617105785,253.53508090204954,0.3858347718403748,0.2882420399810611,0.587958883140535,0.6908300511224692,0.6460399880442895,0.7131002888442572,2.2346896606743525,1.8272721598839121,2.4856982724698784,10.335965762499761,-11.776318097025317,41.74988290355019,157.5131045784644,71.16629904121237,312.1243192711735,11.921045617793382,0.0,29.084789650791564,21.76000790287637,13.598585588774121,40.069817115254374,29.74599453950934,16.70959719205429,35.28980500429156,18
5.0,ticker,IREDA,140.50484787094123,69.88196588785483,231.1422687999881,0.223491889486086,0.1646612538444804,0.44920569748664446,0.7304792982427213,0.6983295473765759,0.7486453149968919,2.7103426998291247,2.3156086213318434,2.980638815634543,-1.5501991161057118,-22.774590669851122,44.15265661189038,116.29507037113143,41.17614200721887,232.2811615526881,5.4914991846893635,0.0,26.59822174980155,17.478322322452485,10.431945175869508,29.05875751848967,22.864557162561926,14.095402020162274,35.26480291551617,18
6.0,ticker,IREDA,145.19647966960702,95.07312156990372,214.70275172814416,0.2906530966012791,0.0902485973061621,0.4443463834796431,0.7597637770106125,0.7303532873081726,0.776134211492568,3.1628171042428272,2.7085888370957925,3.467123144129148,14.532498016167843,1.3619854721550153,52.18467135252431,139.59217637339944,90.16050694768651,229.16910994494793,11.076119196548607,6.862889144700544,30.12166629539441,19.207336106417195,14.733767064385216,28.387767635574374,24.059415184547355,17.544927834027778,33.8002250347768,18
7.0,ticker,IREDA,123.73590525494635,69.93613397377159,213.85527464880767,0.19082726039164097,0.14051668571222856,0.43724289201082994,0.784612816199777,0.7607130629194117,0.7988204664029858,3.6428237936779766,3.1807993618830515,3.9708820552832593,12.275762257109218,-7.572441582237403,20.73451607222818,105.3934053131931,68.5811061375625,343.498799538146,10.183965645057878,3.9478685697231435,14.667735738659804,15.79495463441127,12.325029690089131,40.236609160352266,20.68949728335369,15.399109323093393,32.52020457184375,18
8.0,ticker,IREDA,121.92030654331488,62.32444574608885,218.52362661925218,0.22397835625097606,0.1571858842831727,0.37140184953468763,0.7986093601905877,0.779930433283887,0.8205839609958014,3.9655918239791297,3.546295866291318,4.573640277135727,-6.233580216730358,-16.820414192129512,34.61215312137181,96.43805822618614,36.12736585576686,275.2156343159993,4.4099996182758705,1.6052167223815763,18.905413383386026,14.752755524807615,9.415367316733725,29.253955026938762,20.547324035637168,13.212376338234662,33.673980168569116,18
9.0,ticker,IREDA,104.48014612639793,68.2349875009637,217.17659592137088,0.19935814943268684,0.09585340094469202,0.32134870880889477,0.8190882023875031,0.7949086643654544,0.8344957891084963,4.527555700728923,3.8784441808509365,5.0441508492269715,27.6526926915777,-13.032629418502083,53.938788119740735,136.36895694384907,58.73830081801361,231.9845100562639,13.64954012995873,2.787803629302896,20.638303763127333,17.279591528118928,11.369709202933539,25.353454403279205,18.19953908979667,13.91017998381622,31.221750006995638,18
10.0,ticker,IREDA,96.87048273591014,36.52502245702764,191.4399399253238,0.15005113760408173,0.0882228776716865,0.26578285687631414,0.8381951412753621,0.8064187023317162,0.850647124772225,5.180290219475815,4.169948336206988,5.696333207022862,6.163603652843465,-5.676306965590559,129.5732344701666,128.58279879811994,34.14396061454936,257.28642127925445,7.709860510472273,4.869157394733752,34.26002788053719,16.631726285302697,9.169767496005964,26.558975459946254,18.07595833782757,10.688532085688756,29.518067352905923,18
11.0,ticker,IREDA,81.53361135221917,33.5193880051362,182.48638227383836,0.11664326571297054,0.09820218108071005,0.20672307374087484,0.852798624551734,0.8215083956918905,0.8660632790922763,5.793488962060968,4.602537696350153,6.473351788388246,18.477035012443217,-11.27337808474216,85.14586384127264,124.05290110149981,27.13092246656003,264.0983956530045,10.504890484815338,3.5083625096748916,24.147949325326024,15.944218618930297,8.433963453927513,28.9819124568938,16.753697823166917,10.626860847324572,29.187954087243064,18
12.0,ticker,IREDA,81.11630916393449,20.66922817081965,162.31074369957136,0.11167703405082549,0.019857741102771272,0.15613375544440986,0.8582211371774233,0.8366740611392998,0.8721811138050946,6.055888218284467,5.125172047664499,6.825986749750787,24.17197403016747,-3.438047284687685,73.7439875344084,85.29074455528188,20.459882695559163,241.96686723450833,10.85197258154406,5.5050826406849716,20.638203437257587,12.46308246543927,7.660715760587682,26.154162895334814,15.356795304449662,8.947518770717588,27.276382915153768,18
13.0,ticker,IREDA,86.13397066132654,32.55882645135182,162.80927023613077,0.13415862175544435,0.04139765423034241,0.18036032759079235,0.8710086181099641,0.848260601058699,0.8780836482299896,6.752741346639697,5.590302704621829,7.202402338767106,4.6718401178883395,-5.712557847111464,120.82317805209343,97.66445261362821,27.731889131113643,277.37977509761674,7.0986930444492735,5.176515578285064,29.03392865160087,13.250192765619875,8.158438137214489,27.81780437138152,17.336339308320188,10.5012344370701,26.611170323799413,18
14.0,ticker,IREDA,102.89156635344384,26.53439329853311,158.71862857569303,0.13531414787036328,0.058191831373484305,0.22947350486554827,0.8780602775753296,0.854810932235118,0.8871569475247006,7.20077313705352,5.887570912841671,7.861865910786964,30.299339388934342,0.22122853694128963,83.90692814014892,138.06913334948393,34.587697979483174,206.34447331368972,11.788226459921763,6.296127676561896,20.91032869768213,16.210492123649836,8.863612817281137,21.697406420450747,18.529847057117685,9.116785830447986,26.78327496420754,18
15.0,ticker,IREDA,139.0167222201514,43.114915092011785,199.029288026707,0.15923368652210118,0.08365349978152418,0.25493912337677405,0.8895415923633694,0.8660622295487327,0.899864970506716,8.05318138651472,6.466153846153846,8.986515259048971,42.9032576124567,-7.507995377777185,176.6150151885877,173.35730266366895,10.631545333822315,330.5550678196743,13.386846405843148,4.945597024099008,36.631735960874366,18.65371362305354,6.943385555357162,31.13610545655054,24.499883511810328,11.266603547699019,27.600330592028037,18
16.0,ticker,IREDA,99.53113432590227,38.90528575261688,198.4268859492312,0.17928444895252613,0.07396368585753853,0.3477561096822926,0.8959393611261505,0.8763912829352376,0.9106411355625417,8.609781477627472,7.09004432491658,10.190831556503198,7.178750897345494,-19.308602597263885,111.61705508829047,37.51655141974334,25.136458152832926,280.26224630708344,7.258148089176634,3.433693199877564,23.351310386228263,8.724114162643906,7.951263493474869,25.249992827199307,19.28959476477922,10.561552952820518,30.371384755192636,17
17.0,ticker,IREDA,121.82072598567699,18.918389979776375,185.1694555338492,0.10739915136156564,0.01021313270607153,0.245954382477031,0.9005704627086415,0.8823399720731976,0.9122340425531915,9.057373565660859,7.4990630855715175,10.393939393939394,35.66291114187698,-11.45584087258133,165.0169518063576,141.76401083594297,8.1627427216714,336.88632255632126,11.134590874663123,4.608505602792531,32.06834306226414,15.567136566496963,6.8000358664557545,30.092437379853205,22.227721469659866,8.71848298834601,28.49025104995504,17
18.0,ticker,IREDA,138.9519571337754,56.46036916395231,175.71884984025576,0.14644258560421952,0.09656295804154398,0.2517380114366783,0.9007229406374097,0.8875811688311688,0.9100134559318233,9.072820512820513,7.8953068592057765,10.112772585669783,60.89193825042828,3.2952208954873754,111.02941106512183,195.614964544787,31.23767444884611,247.12345547178427,14.211964743156031,6.821930370900249,21.638521816364744,19.360371819900383,8.346807181096567,23.182936909395917,23.38653582538508,12.15469471941082,25.579367922894434,13
19.0,ticker,IREDA,126.5104916459455,64.5999237514735,167.52294055223808,0.12770970013484062,0.0586448333433549,0.2570370466490541,0.9053354299438083,0.8946171109094144,0.9143448400664755,9.574503250176473,8.49449819427167,10.704934954239858,155.00581684766837,-4.9191650135340765,238.0356115797543,301.3527811366388,78.58192511511112,321.4998310420426,27.79998684276524,5.677116658324726,35.46297818579027,25.810023142913984,10.99150103834695,27.047272374875238,21.059573586176754,14.457911567365809,25.582975193654175,12
20.0,ticker,IREDA,154.225296128469,40.19404019404106,167.71488469601678,0.11864285623974558,0.059089614109385326,0.20870115157392446,0.904780876494024,0.8989487962021024,0.9128903375039428,9.502092050209205,8.895973154362416,10.47978273989137,83.99474612395986,-4.704137070016314,176.95596275946164,279.23415829965813,19.017515423772096,348.3788657158499,15.972225643907995,5.6372404502494184,30.110344537901106,23.20159572166765,7.494822255797471,29.06899780967362,24.127535729654916,11.500138536054207,28.298245326259142,9
21.0,ticker,IREDA,47.288776796973075,11.275647174317939,105.35773514419405,0.030053487703840278,0.0185848149098533,0.05957570048385409,0.901184122748499,0.8981116864372818,0.9092980063665833,9.119831223628692,8.818985767012716,10.051290712002652,10.405341080266975,-28.411064611625946,160.90086390129898,133.40596076928816,-21.32441229632415,357.36723178343686,7.48937907533457,2.6795778170464817,24.319854496580007,14.25045368742129,4.887915848903779,28.9134502594391,12.429051363616516,7.629807109530852,20.074238458880814,7
22.0,ticker,IREDA,33.61008400756949,-15.240439227564819,146.67345997299174,0.022828598575463568,0.012270857975463826,0.05428466312833136,0.9024556291574015,0.9021501585861511,0.9048982441977146,9.251805852659391,9.21974225234143,9.516908233881788,9.222965183306782,-26.385224274405665,122.22853894258094,58.412112827608894,-52.77044854881133,139.994314951677,7.240569308358068,3.0440253737605443,20.277597074978193,9.698860205518574,2.9378326445514116,14.82649491334495,10.640295797488744,4.267207008168719,25.532692560207636,6
23.0,ticker,IREDA,69.00008005143974,-31.629520479356547,242.75690032175294,0.04757432267349479,0.030165635200328306,0.28575641617214687,0.9031969102598219,0.8742544020692951,0.9052113671480672,9.333397509578543,7.81956058116503,9.550162052244643,-61.047519944501936,-64.30754375603492,78.62821315957149,-89.8942420681552,-105.64778006980427,304.0992985413096,0.0,0.0,14.972579742290042,0.7135934786077867,0.35679673930389333,24.78297385381246,15.330770683108838,2.521719371167642,38.427209329596856,4
24.0,ticker,IREDA,-6.432748538012494,-6.432748538012494,-6.432748538012494,0.14834455347441955,0.14834455347441955,0.14834455347441955,0.9039735099337748,0.9039735099337748,0.9039735099337748,9.413793103448276,9.413793103448276,9.413793103448276,-73.63770250368188,-73.63770250368188,-73.63770250368188,-80.11782032400669,-80.11782032400669,-80.11782032400669,0.0,0.0,0.0,1.552180309109922,1.552180309109922,1.552180309109922,5.41171487483918,5.41171487483918,5.41171487483918,1
0.0,ticker,KPITTECH,-49.30714953668243,-72.71674387822604,-18.726591760300014,-0.19728429408784268,-0.6629531083919085,0.10007112820254091,0.16649164677804296,0.10751211631663975,0.25860865518845977,0.19974802428129654,0.12046339035206806,0.3488153146085046,13.157894736842104,-19.616204690831168,31.545741324921135,-39.305601048148986,-48.115477145148354,-32.33438485804344,,,,1.864967699451385,0.0,2.2552241913074353,0.0,0.0,4.298910295510526,17
1.0,ticker,KPITTECH,-9.92605023160898,-40.14584464695094,46.571578618039084,0.3301079235015748,0.016224743134406167,0.7831304173863077,0.26827665045346305,0.23153325326409085,0.34939039088855073,0.3667886503919629,0.3013023235551916,0.5400134604920239,-18.120930331206583,-28.183232953047156,0.5094310619229063,-11.658345784479685,-36.4344168630158,51.26973884448829,0.0,0.0,8.109654805731676,4.8282908625978935,1.6726465535302666,12.630107616536062,5.270301407578242,1.0271793382619374,11.322743911079657,18
2.0,ticker,KPITTECH,-1.9895869726423863,-15.175700460600511,13.3161954767039,0.3814735552932633,0.1479344491609871,0.4459692437022592,0.49512793958382556,0.4445199834617606,0.5318349614914304,0.9807025488037315,0.8008838077920819,1.1360456214506673,-10.22999146495581,-19.46555766659949,6.157635467980295,-20.35961967621711,-44.361277845541586,50.88816167981902,0.0,0.0,14.381419101383287,4.123095208143189,1.535317837739467,11.956657848303486,6.045919436632964,4.273251257656906,7.987100252088071,18
3.0,ticker,KPITTECH,4.270955111497506,-23.6889359269948,45.71111099980067,0.3851582427068415,-0.2379838951448715,0.576401831092171,0.6888074768786377,0.6451234372530602,0.7156519369296453,2.2176582140477774,1.8209453311635215,2.516824883809286,4.645734495131084,-14.589915244677785,12.589922570489179,8.914831291906113,-35.794360521559334,36.14124967214342,9.904687679778664,0.0,14.719153825217353,7.099517253981391,2.3624750714558065,10.254992940262293,6.6981976208392595,3.1656308171898564,12.223072840479935,18
4.0,ticker,KPITTECH,-6.957456622573497,-28.991408732775717,53.165404223377294,0.2987524161612803,0.03135538995844411,0.6227084145349289,0.8288410933282887,0.7997503905429276,0.8615063092669444,4.842566752766785,3.9946926537424456,6.225312735798799,-7.357887419966719,-20.765010627572646,16.37346470909812,-2.051772757636893,-41.053150478774015,50.1435008266856,2.432930043148539,0.0,15.411467831171587,6.030013613459029,2.0836001787331377,11.631022112146612,5.343390237975658,2.5771278293803235,12.900479912864116,18
5.0,ticker,KPITTECH,12.5658858665142,-28.4834085798149,47.16039375030296,0.4427820277302579,0.1998031054454501,0.6832076825031319,0.8583086646931755,0.8250567997403441,0.8775055679287305,6.05759457933371,4.716141001855288,7.163636363636364,-9.409682770656625,-22.046018395946287,18.553388295479852,-3.6869740849167996,-37.274786670467556,59.74152953538701,1.6886426464419253,0.0,14.722856691666852,5.915771955948028,2.3700019794559974,12.221635218696218,7.735147349265735,2.609143390793186,11.67641582493268,18
6.0,ticker,KPITTECH,-2.855977152182968,-24.306338612915354,58.402664674553534,0.390786161282399,0.19063686184510406,0.6584800558367836,0.8873223725482303,0.8460282931587565,0.9072776994658404,7.890141169805603,5.498838839301847,9.78656303990163,-10.469021351408356,-32.29467846227292,5.114135895503432,-10.961417069754864,-32.38456761866184,9.04349779268169,1.476151249681505,0.0,8.324800710276504,5.255526013226568,3.095619193487355,7.1525395018106686,5.877809265083175,3.112615601481151,12.774181118379818,18
7.0,ticker,KPITTECH,-16.371386723591844,-28.421636481290655,55.52426896774083,0.3236008034895784,0.012007731246040007,0.6827981861243524,0.9099894949889364,0.8746987402592974,0.921607722544649,10.125606499924643,7.00271848722404,11.758133512710263,-9.503130859306523,-17.52249231604716,11.471063095594232,-9.404887208815175,-46.703201970443175,42.566724224146846,3.0982166835587606,0.0,10.01846069548299,5.382123599249837,1.9448643376638954,10.3696185383444,4.467132750999036,2.5503597311634953,13.508757011687877,18
8.0,ticker,KPITTECH,2.443011334075913,-14.571360696430624,42.513380713756845,0.4126333654340875,0.22399458466921515,0.728244576004048,0.9199501246882793,0.9002129450799782,0.9387897055413865,11.49221183800623,9.021339950372209,15.337121212121213,-15.724022215451248,-34.791332263241756,22.344420834832096,-6.6169457655082535,-47.274996807640164,29.99020910536403,1.8117515037864025,0.0,12.530659179361873,5.730603677692615,1.799175644589395,9.072541168193627,6.527789024786919,4.368237333027289,11.59318510370063,18
9.0,ticker,KPITTECH,18.303588826538636,-24.052411878524644,31.573819501296267,0.39454463743328727,0.13292898154089197,0.5827362422583503,0.9263266442450141,0.9064034291599151,0.942716291184282,12.575081029783183,9.703384848794471,16.506944444444443,-8.501281391827554,-26.323587883539577,26.435917760293698,-4.277784685191721,-33.601083433779785,60.88046800263569,3.9241108933633697,0.0,12.374155165141156,5.894492909990342,3.286871296617397,10.923624812862474,8.234134017033718,3.214386320508085,10.080343920380722,18
10.0,ticker,KPITTECH,4.860212460305744,-19.96688675726524,36.39199224790778,0.2553945307778678,0.09911278612478303,0.4879053034327052,0.9330553367952321,0.9197238465338206,0.9464308702854354,13.974003591574714,11.45712680006232,17.727824606905497,-3.8027863549082204,-26.247848381691053,27.769520299952042,-4.048368448098721,-46.434695820361405,38.44657827387805,5.121865541729714,0.0,12.689249057916456,5.993846787075817,2.3569391419530175,9.147733046634556,6.801177472937992,3.700900634303976,10.785438881117756,18
11.0,ticker,KPITTECH,-3.151949120991121,-21.83550300715633,24.141827311181828,0.27976377396568347,0.18432900354058168,0.3720021823452488,0.9389106468851559,0.9261007584958668,0.9482078568785477,15.386826580075214,12.532084549308959,18.325236240544054,-9.359390658815947,-33.22402131584325,26.561899305692748,-21.13818305632283,-49.729629231404175,42.99362272756193,4.421207582541831,0.0,11.708503564231538,4.571660363167338,2.1303781952229306,9.66537476546443,5.839190042206274,3.406719254020312,9.323027400984287,18
12.0,ticker,KPITTECH,6.475124471519004,-34.0500245411352,39.083787874770096,0.3407794814438906,0.05753154241190895,0.4413470402150219,0.9469530079034272,0.9351416824930939,0.956090231729999,17.860228797300053,14.418395073295798,21.77736170627191,-0.5787737185136512,-28.743794103387703,56.498946937535614,-6.175637538861289,-54.88259652946812,81.95896027412607,6.160378516639811,0.41574731129831766,16.80373145767707,5.819082018682226,2.146673416025992,12.032905617722006,7.0493337316759135,1.9445295292986242,10.922681505802801,18
13.0,ticker,KPITTECH,5.636484170431872,-17.829461477866374,27.890194369020225,0.35513999750953473,0.25170978517044296,0.5580015425516813,0.9461512773417933,0.9382781658062557,0.9599559385731873,17.570542635658914,15.201722017220172,23.972491909385113,-21.1880084228095,-29.910594378130483,25.778062509015577,-12.21033325240884,-45.795186984946014,81.99578678439835,2.109824507263413,0.4037991314136433,11.337893231749817,5.418554371927264,2.7280631508503435,12.417589883876392,6.928069438722282,3.9278742426507014,9.747486541483676,18
14.0,ticker,KPITTECH,4.723411288079738,-23.377031093355466,22.514190690500158,0.36267563800223446,0.24370254122325447,0.5924524245280738,0.9495044726500308,0.9409387773710887,0.9637073446418363,18.806109923918342,15.931711822660098,26.62876631591053,-8.382587303306346,-34.69915277253182,52.44538178671838,-11.230203700705843,-47.86959270247655,64.12540690391805,4.72082449851157,0.5004800537874216,15.000908883062394,5.355129087671443,2.7645968270579306,10.77165223735741,6.865879060047515,3.288741287394581,9.076710259814986,18
15.0,ticker,KPITTECH,-26.792388580350206,-39.06173650181042,5.967653647781893,0.1698284358246468,0.048337356837827514,0.25732331975745654,0.954280316959039,0.9478742654257051,0.9648354540066139,20.872417599747674,18.188756021983306,27.61039513213504,-4.232794291416679,-35.839435992954215,13.665502549969736,-18.124563462999973,-68.06831018121625,17.32443907492959,5.538376471919794,0.13681281634186412,8.626824661699484,4.984630132365609,1.8105233580211553,7.504178839031072,3.2444112236318325,1.1680233365410073,6.91824077228519,18
16.0,ticker,KPITTECH,-9.465927450173767,-34.193380069136445,12.721705857369997,0.2003195034070172,0.09698063262752442,0.3099116225432892,0.9572689542292628,0.9483212297795589,0.9628462577310315,22.40218878248974,18.44171598327932,25.91689517464758,-12.228133126253013,-38.98588132522026,9.929460241226947,-23.1994739858581,-76.21727051887223,21.243791955465905,4.383206369784892,0.05685734921924996,7.864129840184006,4.7130419685860625,1.1821011320208505,7.625077612685343,4.974360145659151,1.8002520701140257,7.623936266437592,18
17.0,ticker,KPITTECH,-18.210549667658164,-37.20652314926043,8.86548857982066,0.17006473282053536,0.047174368412946484,0.34863505148111323,0.9591401138564861,0.9520805505047831,0.9673660018852753,23.48799487465142,19.878644314868804,29.655478559583038,5.7290416527106025,-41.20141106443096,26.797912601729866,-54.59777637556259,-68.88451604118828,50.987072240074724,7.024771567991976,0.09518388224926383,10.238464822137294,2.636627259078879,2.018469310265656,9.810607525038371,3.87835397155452,2.3036809349391003,7.406555578705589,18
18.0,ticker,KPITTECH,-8.354433568216104,-38.56591977973544,3.7465593345979986,0.17806501901589866,0.10193297941861792,0.31648837958208303,0.9588933590719659,0.9527313111681821,0.9654255319148937,23.32696949747641,20.155653450807637,27.923076923076923,-6.678829824760107,-34.825330953184746,59.60448981728517,-33.848685142435976,-54.01086349153297,39.546816963395365,5.330048114685686,1.4295889502414814,14.869091359158142,4.062879692377137,2.8503269429510363,9.019658299261923,5.16142083688106,1.4008464478387799,6.65680507709393,14
19.0,ticker,KPITTECH,-10.321556173084195,-32.67462447862019,24.7934809647506,0.22050813731900015,0.1570815863739225,0.49170620346649163,0.9607209122169889,0.9519879398850747,0.9726113938204874,24.47246047256526,19.855589605687825,35.90700658119075,-8.47667149365887,-25.58739984421458,28.51468986431658,-20.53388090349076,-61.36583852991639,84.32322011385946,5.104564999628999,3.1123194730873163,10.049012488550817,4.888694161357387,2.375974758100317,11.573368835368097,4.905205326797508,2.513986780493596,9.119769385286128,11
20.0,ticker,KPITTECH,1.648125257519946,-26.41509433962293,23.41731266149944,0.28364402844679804,0.05672059546518972,0.444030646418817,0.9575688479602371,0.9474721633481036,0.963563356054088,22.57081788356643,18.54378814298169,26.450408675379173,-16.282225237448706,-24.55680021529311,63.296146847060676,0.9045680687463504,-52.195526097762674,56.33802816901409,4.050674376314833,3.052769768686673,14.527328730660017,6.304128242448312,2.8568179365929356,9.867811189251654,6.46486260615175,2.929724915399517,9.306193762433015,9
21.0,ticker,KPITTECH,0.0,-15.85157346754889,29.774926542140953,0.25117361710141345,0.1081199744872353,0.90953922881733,0.9621763238974881,0.958740023521427,0.9645844763749316,25.44197837446324,23.281544738148423,27.26437816444413,-12.342471092632607,-46.411585968161056,3.988321827351701,-1.6073294221654382,-67.3073233149592,22.001996301699936,4.843054971416298,0.8321213721911268,6.771727437475334,6.147082790329171,2.15616017492885,7.591520416980417,6.25,4.227609227312813,10.142058067021448,7
22.0,ticker,KPITTECH,-9.98071661810933,-20.576659781482746,24.99318054421746,0.07735378340730155,0.040397148354714876,0.5324886326317433,0.9616057595214788,0.9605291971944665,0.9630606860158312,25.04557317807669,24.3351826900214,26.071428571428573,10.038925449302532,-11.288908008030038,34.28074671680124,11.135569515325923,-21.689870354035765,38.057190916736566,7.46425490205175,5.009769879727271,10.197968849152423,6.920514100364608,4.9475625746679475,8.601123431291755,4.94959129240531,3.5706773809620582,9.514761298200408,6
23.0,ticker,KPITTECH,-15.801422247564771,-19.862673233289623,-4.291965632272433,0.35827904208452266,0.21540612812083276,0.5324856164698266,0.9616588996236024,0.9580965480998253,0.9664928434257033,25.235116686379165,22.88010873358928,29.173284321409536,-25.783061243787788,-38.145359272289866,-12.60003658547746,-39.03194835226259,-55.64056381653769,-16.742157615246732,3.4864295400338357,2.060224200869363,4.875589784274337,3.918006177063168,2.9337268764611,5.207325534530035,4.191814554684454,3.6634424855381624,5.692543765778086,4
24.0,ticker,KPITTECH,-36.31729800809315,-48.949340348630756,-23.685255667555538,0.09643423789578247,0.05028887596060438,0.14257959983096055,0.9611700598849399,0.9591583249516155,0.9631817948182643,25.03282815504504,23.684097004351788,26.381559305738286,-24.413260100390506,-38.19842211585841,-10.628098084922598,-60.88887437282538,-87.38698164605732,-34.39076709959343,3.636418921147519,2.160141577066326,5.112696265228712,2.8927673735873256,1.4463836867936628,4.339151060380988,2.404965207290953,1.2024826036454765,3.6074478109364296,2
25.0,ticker,KPITTECH,62.58549931600609,62.58549931600609,62.58549931600609,0.8491321953350937,0.8491321953350937,0.8491321953350937,,,,,,,-36.72810901726501,-36.72810901726501,-36.72810901726501,26.0872550029189,26.0872550029189,26.0872550029189,2.426799572981035,2.426799572981035,2.426799572981035,7.763379311509219,7.763379311509219,7.763379311509219,14.434103984669328,14.434103984669328,14.434103984669328,1
0.0,ticker,RVNL,199.71057141450822,65.76195913203931,308.5363209067643,0.203563055122438,-0.10994913412545176,0.7869715598167044,0.06784669871383212,0.04908824249685961,0.07852830064729763,0.0727886611051844,0.05162303701823863,0.08522744909829055,4.988611308459607,-23.20848197489642,18.97019421837771,217.3871851540104,71.61179027028723,319.6888726207909,,,,32.631219989612376,15.622649755577646,48.227551783966696,30.43854743144736,13.412825062004353,46.08973203235444,12
1.0,ticker,RVNL,297.6767152043332,211.12101901817104,396.9873071490352,0.7733342965931782,0.39351072982969043,0.8824499940359344,0.17784656850516556,0.1541229433476666,0.24034343220522641,0.21633872541518553,0.18224059321365652,0.3163929360174126,-5.427732241637713,-15.310323836420878,6.915482427890847,313.00935484459023,201.24396472606855,541.9599751189327,0.0,0.0,31.501211116566914,42.66570811837077,30.253801645373592,67.71432756775975,41.55936272303532,32.7163354885455,59.084260465560405,12
2.0,ticker,RVNL,261.30831377096246,208.94483577764106,554.4026102800367,0.6718231513908707,0.506202241065903,0.7878340703562504,0.4018648440711225,0.3333800652524855,0.4166356730757881,0.6718649342843724,0.5001211196024762,0.7143305243062003,-1.8827664114469342,-11.33641553225611,5.6937120287796725,258.3631107803268,222.68452889614204,541.5522659250869,3.125,0.0,10.929426321553711,33.87935312945838,30.022841565920167,68.36726049470919,39.01948908492456,31.030775951956013,80.60889288040113,12
3.0,ticker,RVNL,216.49371900420883,179.29380059266418,425.7315668739982,0.5062185120033816,0.39841661816831037,0.6876491524122244,0.5819933033422313,0.5543045749188407,0.603010557317565,1.3923175978676543,1.243700915844503,1.5190761774325883,-4.550591130891329,-11.743724942917229,10.183385773335749,225.6489848630807,173.25389775851727,439.10835554095365,2.928824089367888,0.0,12.842454191811685,31.166361924409323,23.679167896144648,50.11460133756202,34.7814758220943,26.24066337742157,54.68850652148485,12
4.0,ticker,RVNL,210.083610355595,136.97119668913655,359.5961264425479,0.41596498772405877,0.21042932405195827,0.4750023941504229,0.7292377651367237,0.7153058801131676,0.7519821707929875,2.6937966401555795,2.5127872411987275,3.0384382717868155,19.96951594351019,16.07033616604097,100.80269345407834,296.4549185907514,186.21450282216907,433.0752669359112,18.306327865812854,15.297873786188028,59.07871598876183,35.65361666248745,23.559141251530175,52.793033078633414,33.92866117679386,22.670180393826428,48.636383429710364,12
5.0,ticker,RVNL,199.91656739684657,137.24498928773266,313.30049372800556,0.30956526488775815,0.16966100943407175,0.36520587797882975,0.7605113192871052,0.7518493881653342,0.7853920233004341,3.175612934232656,3.0311174796198745,3.666679406094177,21.22530564916073,5.570699076867694,38.03969774880109,283.4825292644604,165.6627532519069,396.95830728924966,15.9963786124199,9.15660434797491,23.638961060090484,33.73289539246734,22.59437338902177,42.77976539908549,32.57586776962426,21.23623954446495,45.204915579234196,12
6.0,ticker,RVNL,198.33435381010827,118.88551401956781,323.1956811046499,0.2697914347839965,0.14821718099257997,0.40060285941106827,0.7855486462030143,0.7730581115612647,0.8082988220108713,3.663481871917333,3.410060397207608,4.225893077010531,34.1778010083111,-2.001868410516558,72.19075423360275,228.0426400186538,135.372750810526,394.00423575088746,19.728965883697285,5.337013024894582,33.949949717808764,28.12395496944583,18.033752836141154,41.564697861044586,32.36638780268667,18.840600137529954,44.92838268264367,12
7.0,ticker,RVNL,206.16645540674176,124.05675835927725,292.7374500198733,0.280394362378124,0.1735207689764238,0.3634116809945817,0.8097258981090047,0.787290280786431,0.8198665115626598,4.255824815103287,3.702026558218735,4.55198738142848,8.129535071217568,-8.369365693071995,56.60848528757673,206.1452891370924,140.15082927822652,398.66889442402976,9.13262045089453,3.312784308191107,24.986369237811754,25.49294457752052,18.04928153489231,39.536579696382574,33.40618457678258,19.72230466960275,43.039664605929815,12
8.0,ticker,RVNL,195.52429394298065,124.78824432404008,247.06569543705263,0.2040557928485321,0.11958734712237869,0.36320679311155724,0.8260122712153142,0.804207039852433,0.8311918300329507,4.748282523511547,4.107501144234113,4.923917086476565,26.442380829830824,-5.698236514846103,69.93906433059146,225.94960648187015,173.751988688856,396.54354697022006,13.890034383951871,4.276395646540512,25.5816873314926,26.837026494725897,19.862239410047707,38.64903591634689,30.1490444018608,19.741312616815783,36.872096114815285,12
9.0,ticker,RVNL,173.40172426356617,127.80963666040967,397.4450288896907,0.17946469576099147,0.07563242190240714,0.2965394861649134,0.8334340836784593,0.8227310262520371,0.8499224720848433,5.003673347697186,4.641900760194836,5.671541749780775,31.16544167850988,10.109496361895827,67.84196135199082,213.5713494005543,146.4629250927817,397.253948509179,14.656020875309125,9.090146148298244,22.8144673495845,25.01291685914409,17.533792400300072,38.0423129743762,29.052428770625035,20.032391886601115,51.53069358451107,12
10.0,ticker,RVNL,196.8358258343738,142.1312879613769,294.7501309017841,0.18629296799136424,0.12481357766652873,0.35540927481095524,0.8516448544655801,0.8445721151238891,0.862683184341569,5.741228301644325,5.434060784576248,6.2836282338458185,54.28135384082441,7.91507999027114,68.38389477235782,217.35663005501686,161.1522676053106,344.0823789660988,19.368703890565957,7.664402830379626,22.841965705534868,23.342516201397345,19.66894760574865,32.784723515456406,31.603368867315623,23.28079019720712,39.09898449695127,12
11.0,ticker,RVNL,190.8583347237422,134.55363173613907,256.80043858536607,0.1654184527150781,0.06820857145546658,0.2471814674392399,0.866955881371501,0.8551576484685428,0.8753402463809501,6.52821200283496,5.904158268024975,7.021837971119513,58.17276011939405,32.1443879276572,71.94928282216159,259.59229168158606,175.02928942945965,313.17157225443486,18.269717930749096,13.00879783419706,22.487239747758267,26.2447404071983,20.356921797607768,31.016109668858427,31.32508858927254,22.589374487538343,35.16798331550798,12
12.0,ticker,RVNL,188.23087295797666,120.5407868942525,250.3508982601733,0.17130581554817909,0.05467585077852228,0.3048941457329275,0.8752660127071318,0.8689880266130752,0.8918066111939604,7.020734231060845,6.633184372016354,8.271657969123723,35.21121926440472,8.77959897170219,60.4276273992056,235.07753401337212,129.0759800062976,289.67792212279574,13.248057802041853,7.852981039326117,17.895349488783783,24.918722580826547,16.326264568949654,27.08163803907874,31.021528490961757,21.812724302300772,36.11861197438574,12
13.0,ticker,RVNL,216.0638058118572,128.61124429701945,273.11272442462933,0.15268702082946117,0.06825253575248331,0.242679689382873,0.8866812234990329,0.8783531691997787,0.920158160810746,7.825327474876341,7.220664254556259,11.53257608936543,61.352749242309145,22.503434464941886,156.32214610447392,298.17852133112615,178.502533907029,412.0180994845465,17.2888264393801,10.931214988987065,35.5018484552316,28.031661808642752,19.591729704636357,38.41583206310553,32.02538431441018,23.097363970853483,36.996654338974686,12
14.0,ticker,RVNL,175.7497581425361,36.21089223638471,203.70710222059134,0.1089818542765171,0.07722565577304298,0.21877996094508798,0.9067711302543565,0.8831235418649606,0.9308904253759793,9.79982002879169,7.5670055158493446,13.470999986542136,78.96924355777129,47.64251683916692,105.29674537332338,274.4451109778038,104.98687664041995,368.0981595092025,20.435566448420143,14.965537354804113,24.648613774589148,27.34309168981065,14.27558021400405,30.694829182742524,29.3639501262268,10.262413186655008,32.15374115792956,13
15.0,ticker,RVNL,170.86787345626834,44.2162316360009,208.02812774685094,0.12236572522922301,0.06458614912468072,0.21323148061306305,0.9168120016399197,0.8884411054441249,0.9337986376626121,11.041848654356762,7.97089666405347,14.105432135684145,91.28946367440007,32.698322433891875,161.4298068607658,317.48420102317215,76.7699744100082,436.87707641195937,21.465307945368384,11.048689611669138,33.25120360459331,30.282887842396143,11.273063046948199,36.92873878382573,28.71633788257361,11.151427331668383,33.65399110446197,13
16.0,ticker,RVNL,176.9264512355611,25.524673851390645,261.78010471204186,0.1368337839152967,0.06298179803479595,0.24342900807809825,0.92040589820834,0.8973972636030038,0.9345365993410686,11.563745019920319,8.746328754144955,14.275711159737417,144.41591784338894,24.04866317725183,160.66066066066136,325.4608294930879,49.51195360022634,404.3624161073829,27.488454362732124,9.911805701731186,33.121506548419816,29.036665002454843,9.428377184236135,32.68145332033151,29.159704022266435,9.076792807876059,39.273876953603434,13
17.0,ticker,RVNL,181.03576198248896,66.4739884393067,275.68461679838265,0.15007160247279408,0.055827062803612645,0.21987996099283477,0.9258025193010971,0.9005415337008026,0.9360515021459227,12.477546549835706,9.054448225571221,14.63758389261745,121.72939694976976,3.3545790003362206,253.1096326294475,303.62389813908,107.92919844581955,429.5632050911185,22.806990397897366,6.721010289218513,40.907149520014094,26.04738489377726,12.851381425266805,35.38778174794769,30.065534253455166,13.626972086989861,40.03690343827525,13
18.0,ticker,RVNL,175.20877681349344,17.997171872991096,315.017003758726,0.23500414840125605,0.12236342250733408,0.4301979400781469,0.913053938314969,0.9104710100135988,0.9312432611760803,10.501383508577753,10.169566418116542,13.544028950542822,75.80271433300298,6.423432682425488,343.82640586797066,381.5325424815639,24.409044193216562,559.2909535452326,16.53644042282302,7.2272109398309015,55.36725192627547,30.314782863578916,7.965421583297179,45.15224398792676,29.2921697490147,8.598173563411093,40.94378988930488,9
19.0,ticker,RVNL,187.38977588711148,92.0185285839249,260.2306741454388,0.17805065607040588,0.1027038394443265,0.2473001969000448,0.9151003263190951,0.9079398758420592,0.9197224446934933,10.778751325090557,9.883693204816838,11.46843387290254,225.37853812603188,25.388516677576508,630.7214488848972,408.51581281547783,77.99449729249703,935.1651909421358,36.73686556776245,9.538539282006798,92.59554473205844,33.750879700846724,11.419610774631192,66.90976518638085,30.909474924816266,18.319381087489738,39.664438650057484,6
20.0,ticker,RVNL,161.158532637319,79.81982080017615,233.58735377351422,0.041572494103151315,0.006748625865343952,0.09756705400146694,0.9244381092450851,0.9113821896245693,0.9364568821953262,12.234975166441647,10.367234735345825,14.890498273194668,198.817582786019,55.22515906159701,244.04481638935636,393.01845128596307,110.90738969405601,426.2275593573156,32.86643441605844,13.72027061862222,37.59715359855572,31.537518266758248,13.592823092354994,33.36622987723082,27.42994603107581,16.70814326957598,32.62327018445219,6
21.0,ticker,RVNL,137.16314345651122,31.91217768700536,188.58878056576742,0.03169160363409843,-0.09531649499508038,0.17510159013056362,0.9261605414989693,0.9084197448272566,0.9287388910092144,12.542894548529794,9.91938429428646,13.032899770466718,203.92032880177013,28.00407331975618,329.2117465224104,338.28643692696767,59.826883910387544,511.591962905719,32.18113665438832,9.779595069350759,44.43273155078969,28.287081845652217,10.092525571304895,38.19616635769869,24.253953650889784,10.416632162614563,31.068663279880482,5
22.0,ticker,RVNL,101.31645703110328,50.39840138273512,153.76452918897684,0.05887817843380047,-22.491410312612945,0.22786464122693817,0.926276050438434,0.9148522856310546,0.9357975396078104,12.57953257044184,11.074274732960065,15.329542479771538,147.6711011418779,1.8179139054148088,302.528326439706,224.37339554997118,29.625431969166506,451.5500641918791,23.38304041566645,6.554728622053744,40.971264203250875,20.20612782622557,8.10672923698897,34.2283110568826,19.53511681364769,12.83892903146837,26.45334302001327,4
23.0,ticker,RVNL,139.4422310756972,61.531623286368486,170.48277850198733,0.22071574995287838,0.16124509120025327,1.3447016847661966,0.927935534826602,0.9123955636309498,0.9445131804667013,12.876464601434952,10.785804862383998,18.78867218341542,73.16590864148682,57.28558920154614,159.6289224371339,211.5878979632191,118.34100042452046,327.12191678845073,14.133450776135223,12.634354070463676,23.56632443651629,18.84005421579865,13.322218556710641,25.872007795500508,24.55521553538997,14.335922279323142,28.671766159981342,3
24.0,ticker,RVNL,-30.052592036062826,-30.052592036062826,-30.052592036062826,-0.00029968253626244505,-0.00029968253626244505,-0.00029968253626244505,0.9613627463777574,0.9613627463777574,0.9613627463777574,24.881756756756758,24.881756756756758,24.881756756756758,-71.8880060537274,-71.8880060537274,-71.8880060537274,-102.15664018161209,-102.15664018161209,-102.15664018161209,0.0,0.0,0.0,0.2664509220125726,0.2664509220125726,0.2664509220125726,2.338304855993006,2.338304855993006,2.338304855993006,1
0.0,ticker,SBICARD,15.360983102918587,-37.78337531486225,121.95121951219512,0.08997697053198757,-0.6244365738929788,0.6047355375682483,0.1317932758131127,0.07615245247081608,0.18593931833840371,0.1517994340870551,0.08243657310717249,0.22872657546233055,2.866150759529951,-29.987877241115587,24.428437206389543,-3.0873726458790594,-50.30871255430985,159.45330296127565,,,,5.847601037529667,1.0029089665456383,22.85197226980273,7.853162718267328,1.5256872961149852,20.36601842787167,21
1.0,ticker,SBICARD,56.20547676622384,22.317596566524124,145.93066851242978,0.20028775117194822,-0.550871450708315,0.5161154721298015,0.28976920693928127,0.22689293534631785,0.32418586179507547,0.40799302110026714,0.2934819066075355,0.4796967738144209,-14.227864725839494,-37.82821539830818,8.941116362242072,33.1085223789092,-27.605244996549086,155.830885170519,0.0,0.0,38.899673124595914,10.424020729140317,3.4549909552661537,22.6288860354889,13.59745311650284,8.580007475601938,22.793749834986045,21
2.0,ticker,SBICARD,100.00000000000072,11.348703858559855,189.2979579669091,0.41622371345172876,-0.004643772337911412,0.660665241601575,0.46777269946377803,0.3981080906566798,0.5230663133824544,0.8788964771113665,0.6614278817786837,1.0967275494672755,-14.950077420043538,-31.29801399874808,16.10113900650036,115.00547645126014,10.141987829614028,175.66340968551492,0.0,0.0,25.8555069131458,17.977845809987127,7.372334551968053,24.78840783938984,16.731064532937346,7.730224700681481,27.839109410662576,21
3.0,ticker,SBICARD,97.38678785911378,47.04875962360882,166.66666666666666,0.4066014786978053,0.11066020473477738,0.680023086675806,0.6675488069414317,0.6049284910144686,0.6893168931689317,2.0079603288529295,1.5311873350923484,2.2187137891077637,11.73020527859171,-17.167381974248926,31.253367819807924,122.38771504445239,52.3168908819133,191.34897360703746,14.818076100980363,0.0,29.100685180971364,17.99992164640057,12.117176766559286,23.100456503739224,18.494890188063334,11.46615829196514,27.89483333806081,21
4.0,ticker,SBICARD,103.17460317460257,21.862212007400025,132.38636363636337,0.46649175430190465,0.19336192817467687,0.6747609210517347,0.8212320800595998,0.7925913467270854,0.8519226589683608,4.594260886642264,3.8214979037360086,5.788365163665627,0.0,-26.948480845442056,30.30786409315644,87.68138314294562,21.862212007400025,156.38389031705253,6.25,0.0,22.38988309109855,15.434239109987482,8.599542005730118,22.30221789922042,17.74558476584914,9.103015292672286,23.35407246198878,21
5.0,ticker,SBICARD,93.19664492078212,17.242452625752247,135.5852775547465,0.42743294908649687,0.15315189417323738,0.6954180911227645,0.8601522112807605,0.8370768300333474,0.8997508341255785,6.1507768924789,5.138634948312368,8.975163495962907,5.997003017233052,-12.918333257363804,27.602039497862428,83.9928283485788,12.039695246508098,165.30446081979107,9.300405475135205,0.5559164173408571,20.202952804833345,14.13091512249113,7.399860349982084,23.630746898928326,16.307910368960897,8.326486349972269,23.284206532281907,22
6.0,ticker,SBICARD,103.69333134934476,-10.951892020534292,131.14064365739546,0.4744317303995247,0.05530602836110343,0.7139126757068353,0.8882607056913397,0.8560003719719161,0.9272552667907088,7.94940321743643,5.944462382951243,12.746699669966997,-6.361772814023211,-28.642103892721412,35.312024353119966,80.45292014302743,15.506547208821763,143.69386958219516,3.348364033210702,0.0,18.924457519155002,13.81002039591337,7.7023801385452755,19.73276369775137,17.371186250034494,4.847332947094678,21.91595411799148,22
7.0,ticker,SBICARD,91.49912926566645,1.7719715761747925,131.86871987774782,0.4649979840418136,0.15850199325022712,0.5919288874995148,0.8987372708757637,0.8811331775700935,0.9420429382882449,8.875301689460981,7.412776412776413,16.254152823920265,-14.75035032082012,-29.492159401524304,0.0,80.97405284000263,-23.80952380952381,135.5137515009437,0.8700889368277829,0.0,6.25,13.4880099390373,3.9040143842888972,17.687652608204132,16.450482695454802,6.448479193987856,21.339621757235726,22
8.0,ticker,SBICARD,87.65841269422047,8.308084627305995,139.35672275935715,0.4550866104434225,0.18394980671218988,0.5650828868667804,0.9098112110729488,0.884321914192829,0.9409738426325401,10.088021071234946,7.647484194094945,15.94236369706464,2.970444081390843,-18.18945011893038,29.36857562408223,76.94101189088435,-8.416258230604575,181.94108038078045,7.334373151172491,0.0,13.918072754628113,13.298016314552685,5.567635051236943,19.568463301176703,16.550537531550745,7.2491875488278,20.64627807651374,22
9.0,ticker,SBICARD,73.97740312159765,13.292363170740806,155.1255746003751,0.47468436138375,0.16099368701768757,0.702938927831779,0.9206132230441574,0.9014624290695179,0.953316554197976,11.597509635799298,9.15288780862178,20.493197278911566,-6.583760058522977,-21.680216802167475,24.701061022847714,68.03116641469965,-10.237880156579617,193.46178142766897,4.402090995546705,0.603776120989536,13.193877494651282,11.500308544768204,5.36073459458199,21.105321007661757,15.859303341842008,7.890481253605675,22.684634098990127,22
10.0,ticker,SBICARD,70.10466993179978,17.73261429769071,100.49787525208826,0.30689659730404795,0.09555711680641381,0.6339549186819358,0.9298766838956494,0.9168467751109088,0.9556081985786383,13.260591990713872,11.025991792065664,21.526682134570766,-2.3929169657818314,-22.156573116691288,8.380356444494105,59.08419497784343,-0.6127450980386584,105.1859099804308,5.667793194175988,0.9817269231610581,8.435794659353295,11.160702620755378,6.206991325195794,15.001617689000007,14.270053641837467,8.28852758506608,17.226039319443025,22
11.0,ticker,SBICARD,56.0639598034557,12.354570496007922,111.76606816430146,0.28972160591146967,0.07379051860545209,0.4294422391683022,0.9335154167260389,0.9207837346590012,0.9495892129342051,14.044524639575844,11.623821609862219,18.846873053887208,-17.15658240878417,-44.39511653718091,12.026802588625559,42.95286638795029,-3.4313164817576145,98.16659448534817,2.7740073007487944,0.0,8.561802534696128,9.592885802846896,5.977779197672076,13.135479101932019,12.645368881291539,7.685041075214093,18.444333913267187,22
12.0,ticker,SBICARD,52.05437497055094,-13.60621313869879,96.46829668358184,0.09546904608810575,0.003847290751197089,0.23595891406358738,0.9398165560625202,0.9216261123915743,0.9592505485591849,15.619685420730933,11.759356322337336,23.837180851934953,-17.775229357797645,-37.943085371941635,18.623307785974568,36.0249538704851,-33.83027522935832,83.72093023255778,2.8383161621687325,0.0,9.651922407493686,9.052734042667074,3.6271892447797605,11.795034939348136,12.258532688965563,4.508973848948168,16.992394305484368,22
13.0,ticker,SBICARD,56.21811099414944,-1.8439250700280634,107.93889130653389,0.12940932054371457,0.0655257218265608,0.3060951253155812,0.94516743806153,0.9303666661482333,0.9544743997338726,17.23733862959285,13.361510669908158,21.032155972865915,-20.089285714285204,-30.016730636747905,5.196304849885052,48.399422603379854,-34.54332552693262,112.41110346409675,2.761793423290896,0.5493012467018652,7.19857210994643,9.910729629920173,4.041826810080426,13.945325804396985,13.599159387090971,6.048835544917932,16.50217727365355,22
14.0,ticker,SBICARD,71.25218694966551,12.637229381865088,96.17662542774366,0.2064348707189443,0.11407866603641095,0.33714268226080146,0.9507526775540771,0.938039203154309,0.9706491593320755,19.305705590799533,15.139465013636526,33.07083055033473,-21.588455857288686,-40.87750374710451,12.46105919003084,18.45585973546671,-27.43157015922183,146.0061356664018,2.5017652435037543,0.0,8.525561392077957,7.4911521213853085,4.209425467448891,13.813802145299492,13.369250951598655,7.898395419565668,17.304893518998245,22
15.0,ticker,SBICARD,52.65745910333507,-4.630932646433991,108.57344067744856,0.18636817960029717,0.007063511391598558,0.41797576750800847,0.9530064856546114,0.9464823520292206,0.9719343467779158,20.27953216374269,17.73332266645675,34.76794159268488,-13.398294762485051,-19.83902051921551,5.122659229324896,34.15088481838009,-26.05459057071989,144.0343466518936,4.251596585450983,2.8052052296793493,6.942685071187111,8.479715393937745,4.55400746881722,16.24147629324153,12.007713900915345,5.813721657998967,19.84452127744987,22
16.0,ticker,SBICARD,58.493079284184496,11.511375947995974,110.65235342692066,0.13042896312721972,0.06484972700781108,0.25458817907210096,0.9539148268789963,0.9439418493327774,0.9605630992763414,20.698952879581153,16.841298592191908,24.368387184923023,-26.203421471738864,-34.706100878945584,-8.794709938139121,22.59558533701248,-37.84323790349548,118.5124534097843,1.9773997947979018,0.7781167519150309,4.869421375945189,7.795281947162986,3.493329176142924,13.88839451930643,12.988530927711444,7.75145443515457,20.754722547860442,21
17.0,ticker,SBICARD,48.52686308492254,-3.7934211239367337,88.33100883309983,0.08257645492358481,-0.01587709273437415,0.17909598386858874,0.9550257399575455,0.9453278235162507,0.9623646547604975,21.235354352261982,17.364839901477833,25.5743966382399,-26.764861165460612,-41.033363220630825,-1.8204525663619224,16.36096954943334,-44.41076681079324,102.35936464882509,2.264165576661545,0.12996578541003173,5.998769495425813,7.352024251605577,3.409987493259856,12.724204177739596,12.591221677552294,5.7555942291668005,15.502587295508885,21
18.0,ticker,SBICARD,71.07797768731643,2.992624343566818,100.00630889920339,0.2182839707225928,0.07596429811218719,0.43207051955006326,0.9555622009569378,0.9391987076212709,0.9650364308281553,21.50336473755047,15.72092744541937,27.743419185520892,-20.56761457386,-39.47428357266881,11.692119992722262,45.45180409558462,-35.182045637765995,90.88817303267398,3.314410673872778,0.662768507072695,7.868510407409597,9.158782888013995,3.8290166610823277,12.159946415442736,15.548612324839695,6.640172268890641,18.236844076921784,16
19.0,ticker,SBICARD,49.980776624374954,-8.19448238186288,105.92389172224432,0.12776786168047186,0.04939513059254385,0.32391318485552484,0.9557783710255683,0.9493533074157647,0.9659367926411665,21.613427617158962,18.752977397608262,28.44475867801959,-21.445067634443326,-47.01457451810061,1.2813941568429361,51.255766273705795,-60.26151222285338,85.78027053777704,3.4574754795885294,0.0,6.423236605843879,9.660266310448806,2.2628285354236257,11.86515353982284,12.781687811317987,5.182228121673592,17.68189431090133,13
20.0,ticker,SBICARD,13.475177304965184,-3.2794053345000895,73.83566830745815,0.06333775910335898,0.04307438560313681,0.2770811775893688,0.9557170239573551,0.9531658263855164,0.959845152259496,21.582866036509586,20.40180429448057,24.32157852259448,-28.449502133712663,-41.161297404094185,32.70851679456564,-14.935988620198499,-49.38838798598827,106.30267958233654,2.5466695871952423,0.895343559823309,10.52077714954574,5.277219889786867,3.0951943842751883,13.21574661737787,8.007770192378807,5.822576171293354,15.910716085209959,9
21.0,ticker,SBICARD,9.825614929950707,-8.220571039092047,73.64870802072228,0.14857744259723604,0.1106483034134021,0.24420806382775384,0.9587833044116139,0.9524375313461716,0.9654028454557708,23.26349815001682,20.06973930009548,28.00708794881589,-17.149374803736396,-51.34704847635636,177.83970276008515,-9.341823282061423,-59.31125234787895,263.45484724219335,4.142575251139207,0.4232309460447843,27.61200887045068,5.669718855729267,2.514441021569116,23.011614219748893,7.532414243147308,5.178905688868901,15.88652094834006,8
22.0,ticker,SBICARD,13.91937469886041,-7.645130854633824,51.62096612824185,0.23964414122442534,0.19935746331929777,0.3223730461844419,0.9572342220048027,0.9504000820225085,0.9639302210922308,22.633213056139343,19.178087760867243,26.760045051614888,-68.87769867453761,-76.60018369250271,79.48286532064665,-59.02383654937622,-79.00960309281169,145.62479049018862,0.0,0.0,14.594604752127593,2.7286278972761577,1.3413874464438216,14.920257501353502,8.065753917429674,5.254029583637468,13.003062818356975,7
23.0,ticker,SBICARD,7.396449704142012,-7.535795026376338,22.624434389140273,0.2501313191099375,0.19577871151008974,0.4982663916430623,0.9713617896736213,0.9696197028895697,0.9756335055235583,33.92195229681978,32.12340968009651,45.58521825396825,-45.45454545454545,-83.53221957040607,26.594207087935114,-22.727272727272727,-76.07398568019127,19.078452910909142,1.3813775430357431,0.0,9.108769371515956,4.913541588537479,1.5615389748833468,7.374239764988247,7.214536802104857,5.268025242776071,9.202597929503662,5
24.0,ticker,SBICARD,10.36269430051881,-26.273186750737807,41.310784787708236,0.2632820765278069,0.1429961003977584,0.6722600661961793,0.9640153163345226,0.9596177073998127,0.9684629452228255,26.789600967351873,24.060524008332365,31.3521868473123,19.20803782505843,-14.980910844814485,122.70534951641879,29.550827423167853,-41.41871144805818,163.18892445876918,8.314022280859865,4.724436818336065,19.563203223692394,7.992261340924382,3.996130670462191,15.990674761214393,7.60155162814547,3.800775814072735,11.652604485348226,3
25.0,ticker,SBICARD,-5.512110854579285,-18.5035808161574,7.479359106998828,0.2087822951991484,0.15912534672774653,0.25843924367055027,0.9596050660778421,0.9588696080314517,0.9603405241242325,23.78844739871073,23.33713181710737,24.239762980314087,-70.58918284169599,-73.50702665400847,-67.67133902938352,-76.15536606846713,-92.15799391506273,-60.15273822187154,0.0,0.0,0.0,1.9061561800248066,1.0103708698701404,2.801941490179473,5.536050398610729,3.8434486668420167,7.228652130379441,2
0.0,ticker,VOLTAS,9.668063164679708,-74.67585944982373,90.94085010828275,-0.08310425468455587,-0.24574859658187048,0.30814049973517027,0.1406175741112664,0.08021504252623779,0.16741773445738656,0.163775416605202,0.08742898011293301,0.20108624066260267,19.035532994922775,-20.478854845098905,27.928405390003615,21.51654548152444,-54.44987462919469,89.08530611976175,,,,9.05785724697772,0.16401208053171135,16.82389112584535,7.467431037679481,0.0,17.00649964198574,19
1.0,ticker,VOLTAS,63.68598908240158,-61.428857039695586,88.02524453575202,0.3981018656810521,-0.10914088627408917,0.5961439105253901,0.2566119713315548,0.22338800853009652,0.28714782111099585,0.34529414915581635,0.28765905603967307,0.4028222518537185,0.0,-14.901079826399371,12.62586933274034,26.24254473160998,-43.18164806480704,105.36487705812436,6.25,0.0,52.363686279339106,9.557282450742802,2.5576009061877665,17.913084191585725,13.108741783568728,0.7184023213336687,17.77683793238818,19
2.0,ticker,VOLTAS,38.93575600259572,-31.69384661822432,103.88367804774813,0.31938453887131724,0.10546800012054774,0.6002632505675758,0.4596643195313562,0.4191441082683867,0.4937167385439776,0.8507998573612574,0.721597643513631,0.9757884412034671,-0.7659313725500646,-16.781363525186055,10.249767028076665,44.78150957024229,-30.793982753242076,93.16854086364273,4.8522287742536205,0.0,20.182895102153125,11.36936214805479,3.4213622283810965,15.808378763794384,10.649832737642646,3.7827684575078715,18.32794607942895,19
3.0,ticker,VOLTAS,31.73164097914641,-29.182806548007644,113.0142181251267,0.33829532165003556,0.05142102956254079,0.6915305425459246,0.6633749537990713,0.6337131316552831,0.6839049084002975,1.9706680355931792,1.7302955947116052,2.163608131903634,-14.173339947558643,-21.315721982584577,3.614886780355832,8.614451604010888,-28.72573907727854,109.95876083226742,0.0,0.0,9.47156792415304,7.264719330294456,3.354155231113068,17.160182933238183,10.393022783644902,2.9446178698395093,19.003477135797958,19
4.0,ticker,VOLTAS,15.52493692994431,-16.349499860185702,126.6114519370447,0.4664223421803231,0.24015419214923261,0.6174377175835297,0.8333180916387156,0.7808265766486627,0.8615188313775244,4.999543640312974,3.580339163939618,6.224070316952499,-0.7053291536043741,-21.874533274112657,22.63875424583458,53.62318840579776,-18.915472277122085,159.26473656940743,5.8822341966933855,0.0,20.03756863907077,11.679369233237807,4.32229413541197,21.99039926446764,8.137147050819795,4.120644128830228,21.46193267686875,19
5.0,ticker,VOLTAS,43.150735025231214,-12.98019557919913,133.19530631678145,0.4375153802957258,0.24074694505695604,0.5920229281418682,0.8712040843389471,0.8174665856622114,0.8984409658406743,6.764221364221364,4.478448993176901,8.846489859594383,0.0,-14.775315993084273,10.774636227383567,63.59868515077955,-23.845679231554342,148.8715408425036,6.25,0.11964767049988945,11.615184742487049,12.718792229968248,3.8151969122289904,19.575688398016386,11.033059878583238,4.559045248298781,21.81834840480048,19
6.0,ticker,VOLTAS,19.075568598678718,-18.360383206072342,115.7632893070327,0.422385072150384,0.2755312257924049,0.4925602557134104,0.8868162886025273,0.8504393826467593,0.9278094380380778,7.839980113103451,5.690320288603535,12.852374383947792,-4.731114966092958,-22.926404580625807,43.21990838688288,30.56147832267203,-37.612891418010115,178.05319426916327,4.091939258149574,0.0,23.248737420450354,9.114620504868181,2.444220524160377,21.500047758426902,8.739011341695138,3.8588729300439013,21.428618480723834,19
7.0,ticker,VOLTAS,31.097290093290525,-24.787078591284683,102.70129489745442,0.2777833621528503,0.1857174903173558,0.6252979938104537,0.896584887337406,0.8743934989860136,0.9415866280927069,8.672268030382247,6.962364777880131,16.125750925321583,-8.103727714748784,-13.319569799775731,38.05923865011832,50.07153075822604,-9.13173711929607,153.9864622495021,3.5621247471664903,1.612004051839469,21.71535067218367,10.830504419160256,5.241622721698194,18.566991482786975,9.566073545699016,3.3809552835620527,19.710657834488167,19
8.0,ticker,VOLTAS,38.01679074924723,-26.750473867921787,124.47074878649138,0.23028001368324333,0.2058617241185885,0.6282025371817155,0.9241479849552361,0.8864370823445304,0.9503341154071883,12.223670671980539,7.872075301555953,19.214081674283694,-2.1659085986584503,-14.427566000563163,55.75422863808762,53.272450532724505,-25.36094201802957,172.05710827111562,5.459528962800372,1.5061580363727678,21.986489062637467,10.582538174270786,3.9052432715521412,19.39651830667825,10.584391374507685,3.036288495333096,21.64217395993969,19
9.0,ticker,VOLTAS,27.925531914893917,-28.028858138873318,100.72914196350479,0.24606887708368175,0.16305060852897946,0.44153399294299756,0.9238207037162893,0.8984508469668452,0.9494810450678633,12.126926196269261,8.847447961220416,18.794550408719346,16.052535570959837,-16.31320823743518,58.01151636832164,18.63436709703151,-24.842557666144586,157.23391198427868,10.760679425636589,2.2511917143644116,22.58585980772876,7.810349019809347,4.07112169964128,19.250843375863347,9.60858306919449,2.601359219720878,17.786540426355533,19
10.0,ticker,VOLTAS,27.37079375301957,-19.92374720768899,86.32873895213791,0.2493320276868207,0.14242491227978246,0.5816207243220191,0.9452430002458885,0.9152925822472822,0.9540990246643657,17.305359911937124,10.811721277893607,20.823390933130334,4.314374056231656,-5.26587062735686,50.527962917352156,34.16414317881893,-19.046975738882498,123.14331487257817,7.375061664672645,4.976000203651166,19.043870865501226,8.998424926750664,4.596910010421036,16.726404702697916,8.117972737123004,3.953899047360813,17.5525556856151,19
11.0,ticker,VOLTAS,27.192386131883072,-23.20701825812369,78.54199253258236,0.3580669313641054,0.1435721994800166,0.5287834846790922,0.9528034506213625,0.9230255379651593,0.9584509805522474,20.18844224942905,11.998146589456967,23.072669787474638,1.4371945961470114,-21.25253587516186,43.891705069124164,19.97336884154461,-31.784844163108044,81.75904473355908,6.599742484731522,1.4986209564941793,15.694551652176095,7.739299981308301,3.5564908829350435,12.482904808031018,9.799549990487078,3.552513904434818,16.363817625329684,19
12.0,ticker,VOLTAS,15.915119363395828,-23.35550955580193,70.36182086633393,0.2899561034868639,0.09695792469200307,0.425936652713379,0.9545793695206118,0.9325214700891834,0.9630719054849722,21.016427104722794,14.041247503923874,26.086668805848543,-4.304160688665058,-13.31919545269436,40.071994508438436,42.49857387336021,-36.171267418304566,111.23241147694984,5.3260702044061015,3.422711166864845,14.531455505608793,8.12289578331234,3.5988352206627017,14.038223145709273,8.32630215688204,3.20899234938269,14.396565958355449,19
13.0,ticker,VOLTAS,25.198533903481632,-21.175223602446447,74.83689026783006,0.30463410392101176,0.17009245909948978,0.4610973853261895,0.9594259500340958,0.9503216583273767,0.9674432241592045,23.646294881589,19.1294964028777,29.715572232645403,13.859275053305227,-10.710704941930452,23.43780889818823,35.775713794289956,-24.031306289370285,96.49726228889907,8.781072043830152,4.397221335123051,10.502560345398912,8.844913925951507,4.434475031975192,13.7008921396015,9.040628033359893,3.4927714436287602,15.517637396495177,19
14.0,ticker,VOLTAS,26.85865133560639,-12.575409554876082,66.56154376690527,0.33516701145350203,0.14128888013639543,0.5531769448576604,0.9664159884619347,0.9584541062801932,0.9707676586257084,28.7760736196319,23.069767441860463,33.208686440677965,10.395979214495537,-36.62903928984465,50.25636344876287,55.85019131176381,-40.828761079648544,85.04422406861448,8.11263649212909,0.06831396401285675,14.713913346574643,10.241361925564123,3.436642478465326,12.51821144208667,9.460312240417547,4.611752428311981,14.956155327805964,20
15.0,ticker,VOLTAS,21.750567912959,-14.146085010499508,90.66133027416579,0.3895962429626764,0.12954522677734384,0.5707421938772234,0.9684554157649562,0.9624242101904052,0.9770275378754835,30.701162790697673,25.612880396319888,42.53037974683544,-0.38051750380482896,-20.056490033483733,46.61882835758472,41.51859124346976,-5.024368815915077,102.38783937242277,6.189615824264485,2.8264588362607705,14.11634588863902,9.217200035492585,5.865161414657399,13.558435995232236,8.927805655627614,4.407260345873468,15.951223322808614,20
16.0,ticker,VOLTAS,52.552552552552555,-9.354797873838818,58.55672941819196,0.3235931127398902,0.13496843956225923,0.4965137926285909,0.9704964733494243,0.966967396334915,0.9810730428382795,32.94753360911304,29.282165730197207,51.91630757112409,0.0,-25.20787894947119,55.53210257503431,58.624099449074414,5.097563556934819,80.58808608189744,6.25,2.07305628455468,15.159096116830408,10.460170027428578,6.585448554428823,11.677004179860486,11.90654743589511,5.031323007787087,13.90580710193877,19
17.0,ticker,VOLTAS,49.719887955181434,-9.028567448911565,89.58201732559186,0.2611503040321012,0.1156727087961443,0.4734963577135763,0.9718097824482688,0.9685680231568193,0.9803830707445166,34.47329842931937,30.814734561213434,49.976377952755904,12.178881222372453,-14.879109367479618,53.9650560768217,70.4033115204537,-5.211979751241554,137.08721471002022,7.9607773226047644,4.1180483458672095,14.295480227662539,10.88085592994618,5.8674760443926814,15.173990904042595,12.747508725919726,5.125457443840697,17.141173785922444,19
18.0,ticker,VOLTAS,22.64964770620693,-24.930913354197095,75.76551024258217,0.2644344064787749,0.10778312968221797,0.4721594903402371,0.9739426961395342,0.9673320977463541,0.9776805619099086,37.377033620872076,29.611203796369736,44.24142878605769,-14.673625175261122,-32.380745027531376,58.33429967155398,24.845510723372968,-53.530977112656956,120.00214020051021,4.291931782654342,1.6320568076822763,14.286427891239866,7.8723160954436375,2.503212157510716,14.298616657292438,9.205952285390213,3.004191626026491,14.731184870895845,14
19.0,ticker,VOLTAS,0.5462839037442794,-34.84481771407049,61.97714309641901,0.18286629332597906,0.09839837770678961,0.5038626319528562,0.9725202192740838,0.966005949491145,0.9803149818550132,36.15880801617749,28.419910946690987,50.16471434997751,-33.01540719002201,-54.826250356889744,-16.659846817493822,-16.640127388534378,-67.3583399937292,43.806009849997324,1.7941575968320431,0.0,3.9653284598224054,5.271193744659983,1.7948491976206329,9.024012611054019,6.321213954050467,1.7156488255538251,14.142573352589991,11
20.0,ticker,VOLTAS,5.113024757804335,-5.975987396098816,50.2577319587626,0.1128344975490828,0.08991904174222068,0.5440657303028238,0.9736977997278962,0.9664504476986099,0.9843468223919329,37.97534544283759,28.820912916619907,66.97645130337438,-20.29220779220779,-26.487499192453704,5.886248252519716,4.835200257878446,-37.14764367397414,29.0065264684554,3.6985685776009984,2.9974960561749113,6.991073512043622,6.565227660965935,3.8332556972031107,7.9881585373934705,6.9166897533741025,5.471220033087787,12.591490955116392,9
21.0,ticker,VOLTAS,29.521087861293786,-11.02747211722058,53.51838638051098,0.24881015805760304,0.0783833681449714,0.4548574486156999,0.970212104187069,0.9667436138258743,0.9803947339452641,32.636832981609885,29.11315116400459,52.823425727695664,-17.66569888226079,-33.18974138721445,13.973857502953285,36.775486841722426,-44.25755888933109,49.959450848635974,4.2234820232738945,2.169545993883516,7.860228427258246,8.516094792758244,3.4712889513544423,9.457181832465668,10.106043348890035,4.813879114581623,13.176161798381207,8
22.0,ticker,VOLTAS,-5.6650804441423075,-25.520116912587216,73.35578123027409,0.35708881590311853,0.15875922185058544,0.655235259346602,0.9717853687952407,0.9682315750046355,0.978661658626812,34.67453828183541,30.495276750741297,46.507799154904255,31.150159744409674,-46.1753614079191,108.74409355090123,103.83386581469648,-74.14261719346453,166.7999011731011,9.808610542209678,0.8257786550434749,18.533898955399223,12.599582602131676,1.646559389565347,16.64305651013551,5.511725398757091,2.927508204681411,15.847696882484788,7
23.0,ticker,VOLTAS,-3.5317076540480787,-25.694935909962343,42.28748121490072,0.31597074433064387,0.2443994269084434,0.41875722640664315,0.9697697789574382,0.9644063274884465,0.9721180268934908,32.08130111924236,28.52778773249615,35.61751440354644,-22.748879291925093,-48.40037681940893,3.6908819417227496,-4.913384815588987,-62.83069021336128,56.185240777979075,3.8123459241820026,0.6707287950975838,6.646427635009612,5.968407290244588,2.562717207518664,9.701351755219253,5.792520994337197,2.904781400909486,11.775531574406235,6
24.0,ticker,VOLTAS,-32.605398847436724,-42.310881773221844,-1.8568579534530834,0.035394910764525715,-0.05790445414171836,0.38847197469644673,0.9762658110206168,0.9739791742134533,0.9785524478277803,42.75797354304463,38.542173584709126,46.97377350138014,-60.28473773447827,-61.42575052449553,-53.63033128649926,-95.3761635891958,-97.30640240528518,-63.29752281513288,0.0,0.0,0.6094021635744666,0.6617202230909329,0.5491802803262419,2.5529123267782468,2.006567551649748,1.003283775824874,6.014127970389511,3
25.0,ticker,VOLTAS,-0.26265596863069973,-19.004731004059835,18.479419066798435,0.4371973832097051,0.2556173202500801,0.6187774461693301,0.9950330446205,0.9950330446205,0.9950330446205,200.3305785123967,200.3305785123967,200.3305785123967,-49.3819411226137,-68.03679998961037,-30.72708225561704,-49.78574644326648,-87.27572233128633,-12.295770555246634,2.513374451880667,1.2566872259403334,3.7700616778210003,3.844335046162316,1.922167523081158,5.766502569243474,6.22491894146885,3.7818083162502356,8.668029566687464,2
0.0,ticker_ext,ASTRAL,35.02961594802879,-27.815029245215495,131.45197365248367,-0.09781458126985422,-0.19467523315251647,0.498285317395626,0.13628234171932754,0.0707394159821299,0.17385899634076124,0.15778575372722253,0.07612647936732754,0.21067743298213884,-3.758121118692239,-12.597210057559462,20.13468411647268,26.893638396074056,4.58408000772647,87.02495373601658,,,,9.3117342329051,6.847762960987463,15.611727662227397,10.464589602620403,2.629783587700873,21.603527744198303,11
1.0,ticker_ext,ASTRAL,114.44458812879749,87.24523280594941,151.3320530140664,0.4078294592555615,0.25312845025566494,0.8318676919343246,0.22111243471089526,0.19399426344091797,0.2710017127487243,0.2838823529411765,0.2408594994685953,0.37197758594369945,-0.03618670316941541,-17.151398104799917,41.493377457537946,120.50496423258804,73.33470301777427,187.8151331087061,14.257574562366832,0.0,50.70431515723994,19.95967555822063,14.421697006430616,27.878995755746182,20.315525519378095,15.522886060807705,25.411569868412613,11
2.0,ticker_ext,ASTRAL,123.54546760522946,31.14358910311801,207.300499346969,0.41866840303657143,0.2187944449598042,1.1006133913854206,0.39927596349649297,0.3724813333152543,0.4219325598127749,0.6646578782172002,0.5935885087334586,0.7299751414838527,-24.109767254680044,-42.51629780923899,-1.4862091437088827,110.43421146424171,2.240611830153635,173.0542464643783,0.0,0.0,6.162346799947956,18.696858573314607,6.578334292045478,24.689530280840653,22.191725542115073,9.82836925766621,30.601618502464717,11
3.0,ticker_ext,ASTRAL,59.24729010974183,-12.303182097935803,207.6945923470838,0.39313801468460335,0.21300957372166418,0.7212030009070033,0.6058446455505279,0.5944363240812633,0.6371111485245335,1.5370706974074428,1.4657255057737195,1.7589395314327865,7.387371090673463,-20.95797310262892,29.041172640765623,61.45684139796872,11.28119358889278,271.60184421005414,11.122016393149197,0.0,24.425854576010693,13.073272648832436,7.366711429844391,34.64212730358478,12.877517613589845,4.949678627859569,31.80469733924411,11
4.0,ticker_ext,ASTRAL,66.35441061670599,-10.800521154794618,171.71826615125502,0.1857314259884868,0.09878768628494447,0.577076423313472,0.8011116481391977,0.7898878887428493,0.842006368162842,4.027946537059538,3.764212548399084,5.351452689160831,-8.107371712294484,-15.550930302892798,84.50393301467382,27.854557532492052,-40.58643093172351,327.35763822939083,2.192720121432687,0.0,56.38217783928188,8.688348673107882,2.593008732010792,40.9333452647528,13.192877192287433,4.853735380283819,27.43349520482545,11
5.0,ticker_ext,ASTRAL,54.469090431814905,-9.839758225154245,154.94523854630805,0.24140317938730435,0.021581788422930445,0.5024369514526404,0.8434371665226892,0.8088543318483321,0.8689819780490793,5.38721194417397,4.231616091710551,6.663603952871313,10.701359338688748,-19.449553507596907,87.67101885007742,74.50377370848247,-39.49659712094578,263.6458724202628,11.400371940658005,1.4831825214382488,52.21112317316329,12.96031589593833,2.793080820704641,31.004720136025863,11.945874578524998,4.9858845401078655,25.350597962639327,11
6.0,ticker_ext,ASTRAL,74.40957618893562,6.577840112201658,153.49722810095872,0.26673806362479857,0.1639841699124591,0.5125188320907873,0.8667287467134093,0.8496342914826003,0.896673491310993,6.503493629264283,5.651132730664045,8.703350755257478,7.222596257198126,-26.445988578711834,66.57619410635893,101.37642586900144,-37.67967489818936,300.3797913175113,9.551944253153815,0.5971528172824238,33.98211725726842,15.126064045047471,2.7309558498004454,33.63714709992968,14.211449152141714,7.108611704862859,24.698043646017545,11
7.0,ticker_ext,ASTRAL,85.1472471190778,7.267597101274845,174.70413525678663,0.3037673199041722,0.17952050451656928,0.5015881477538837,0.8988837820091924,0.8602759855796734,0.9168955329646375,8.88961038961039,6.171799140481719,11.166029950036881,-5.269750893009456,-40.45940063964174,75.13583740471832,62.33486020261613,-39.41757293204238,277.4039526732523,5.394440450841471,0.0,30.917407457061156,11.322546192305149,2.3834860885830835,31.394912217088336,15.167661309395436,7.200333436604227,27.311003513315413,11
8.0,ticker_ext,ASTRAL,92.16589861751095,-1.5337509651690766,190.2650122186368,0.302249918345179,0.22457812952923223,0.4621759287750989,0.9105986151440697,0.8711035629752826,0.9265663510840491,10.185509056839475,6.7952501907216565,12.61929311036454,-16.319176319176638,-23.107111304864308,-2.857402031930505,67.80351040446662,-37.66497108215495,181.29715242259698,1.61025937400886,0.09592931075400914,5.2735197430515495,11.750459639269458,2.91949214734963,22.09549181076109,16.190158163737646,6.054184158134944,28.881825906061543,11
9.0,ticker_ext,ASTRAL,82.38993710691766,0.4337807401167062,194.4417903013242,0.3052933466405344,0.19163553618828183,0.4499462518760307,0.9043804474705939,0.8792610532733784,0.9314074354942543,9.692324436737895,7.299623669643193,13.596467524638657,-10.838764992409056,-34.38896967480297,13.655497144773497,59.22864512207269,-35.28230259151426,183.29104670164247,3.520202495157674,0.0,10.067811219117159,11.054837903599646,3.192405804816821,22.412394445641212,15.131439582348955,6.307602393555966,29.298659816413593,11
10.0,ticker_ext,ASTRAL,65.56221360592143,-6.596308398084965,146.18738788550445,0.21103497170077165,0.15120773835046575,0.3495597585918617,0.9346396545746603,0.9030821455553725,0.9381004586277863,14.316372989593187,9.46596672464522,15.155434720778583,-15.187251930837878,-47.172372075486734,9.922989937508301,2.6711250350425946,-43.80340196803854,177.3247409736485,2.433125625526648,0.0,8.367060814616762,6.3968208439328995,2.7327086702450414,21.446910231897938,13.109713829615927,5.490241725971329,23.934440160253548,11
11.0,ticker_ext,ASTRAL,57.97101449275301,-4.905731518941968,171.0863836122634,0.1659852814401751,0.12641414535261125,0.2497707825957643,0.9387355763668135,0.9151564898344056,0.9425206583908822,15.330018348276775,10.87051669688902,16.4018970941523,20.744070343082896,-34.39043203951052,69.35956066232427,81.66818091336256,-35.84050386519343,229.3941057640193,10.264431255370798,0.0,23.18778827475549,12.368537996756885,3.4112681531898748,25.688249638574632,12.491467649641773,5.851680417063951,26.825012793069682,11
12.0,ticker_ext,ASTRAL,80.61713809159869,-1.8037876297114188,142.92565470326707,0.1544045127650504,0.09511774549510338,0.3013887434013717,0.9407738700277835,0.9288955050603618,0.9441838968898306,15.884439359267734,13.090619107284637,16.91680774856327,-3.001190995086711,-41.88953603550077,44.03489087084938,47.33670104170357,-27.748406145340525,201.8844568163309,5.689506458083317,0.6193472731725544,14.814481632133862,9.598750273560846,4.3838383231227676,21.076750894131578,14.691287353662727,6.335308276758967,23.285601955170733,11
13.0,ticker_ext,ASTRAL,59.60264900662252,16.878187204473775,138.11032484215372,0.22216437303362263,0.11478789692629199,0.26780906419800043,0.9423237206201034,0.9389947841312958,0.952084745151389,16.338150289017342,15.403403376518884,19.93642027842141,-20.81254440578159,-36.94037527211522,-16.921719191181538,21.61678416217211,-30.332209661844832,115.64263541199313,2.149963009912426,0.037369604646567654,3.164396498224438,7.823948085633518,4.017182944214629,14.836925791566843,13.345356408961273,8.614485579005038,22.696811786813832,11
14.0,ticker_ext,ASTRAL,77.03081232492998,2.1546153925251303,136.40499164260802,0.15842009181051422,0.10418455780340162,0.25168839411866706,0.9471682738014396,0.9439273633400792,0.9551992278707605,17.9280205655527,16.856276875662374,21.38152102142803,-8.72798295220177,-37.18470317429611,3.500974720715195,19.927703921570885,-12.91253172263114,163.792406423039,4.657840535943917,0.032228265861979424,6.858896788652697,7.734984512829213,5.340304257611488,18.04919324614216,14.314313346371343,6.791831193639377,21.866845395554307,11
15.0,ticker_ext,ASTRAL,84.99372997074018,0.45602175501895204,113.59463339375083,0.17528535203472195,0.07058835743509738,0.2828930870494599,0.9501664879507873,0.9482800293921367,0.971053396961219,19.066817667044166,18.34220721056111,33.565010456936434,-23.894237054227524,-34.15244149666167,36.207031109230584,53.70142207380485,-54.11328388401911,158.7350444053592,2.493360627931399,0.4741165763267068,12.562074283456859,9.840686801577961,2.7972920196251896,17.849445606392365,15.151514300532448,6.663453219650178,20.650821838138853,11
16.0,ticker_ext,ASTRAL,37.76953715149018,1.12985920793529,139.9859335703801,0.14884400682295584,0.04839002426279269,0.20248944328690166,0.9560379221612471,0.9514412014281786,0.9776794156501704,21.76396946737277,19.593610249938273,44.86510444201286,-3.4251974705724684,-23.193182360639756,61.757687939544596,49.96562651756874,-45.54888802856283,153.62010221465067,5.670002284477718,2.867742584329594,16.533774959678855,9.64878262828139,3.129495568024393,16.198016979989845,11.12604804041217,6.687301456547566,22.64603670379884,11
17.0,ticker_ext,ASTRAL,76.60738714090319,-1.2700121873692858,155.25699433027233,0.20046364502348166,0.14420744001591726,0.31742080374509063,0.9695098953363855,0.95525556480848,0.9789205966513752,32.15023472136443,21.361353756145128,47.605100940052395,-5.081946385465344,-28.189143554202076,21.555316622930047,74.57070534309428,-35.43958070660976,195.63392681549703,5.563170643499866,1.9983182868206322,9.279904304288696,11.04303495188146,4.030979458636556,19.298805157233364,14.505691202518964,6.089473813247826,24.327539626604377,11
18.0,ticker_ext,ASTRAL,87.24311748739821,-33.91267486222943,145.1839199658388,0.18772549737149272,0.09276610888889054,0.4411706798723709,0.9728507746394371,0.959581122847164,0.980384478291488,36.14658782218996,23.805330651410173,50.14295737331711,-38.297872340426174,-46.39421436856079,131.78124313639356,23.414634146340873,-72.34042553191522,237.93835566293285,1.0825837838639087,0.0,24.873038794565755,7.805702287659083,1.4665075142554904,22.527297224228832,17.67266373882551,1.8367196828474577,24.657094952648414,9
19.0,ticker_ext,ASTRAL,79.26195426195456,5.9062996986414085,118.25109989118147,0.14061609142716322,0.09864852120227219,0.2926485760549078,0.9696313406390991,0.9607291336586264,0.9803744258770466,33.82128271219156,24.483042424405046,50.48564432429495,-15.755329008340777,-29.34690474439178,82.33219213611385,-6.553079947575361,-23.395660071374536,210.03510378510458,4.1217890236681765,2.2251602063127063,17.42711843145459,5.823019497153576,4.752632908938068,19.551366089199618,16.623527724555398,6.685642033191645,20.901696803211994,7
20.0,ticker_ext,ASTRAL,54.002324150660264,4.219409282699782,121.81079934549368,0.2432552028603441,0.15575593649592193,0.3304776892213448,0.9707328847898797,0.9619788242979026,0.9794931892676679,35.788048968919,25.347512735412163,48.11264119369684,-50.15114042319444,-52.19238355332975,55.94405594405595,51.633986928105166,4.122011541631692,60.1398601398595,0.0,0.0,13.311004155620266,9.56495247686657,6.4966958005415,10.11268797249599,12.063018318039337,6.800146211402993,21.67550076224898,5
21.0,ticker_ext,ASTRAL,80.48552941144564,-12.219614885835906,162.18768855701316,0.31918635171708254,0.2729932785235098,0.43298620685728567,0.9653624118024374,0.9642019215321038,0.9724585916103152,27.87037037037037,26.963847605567352,37.89076894153036,12.675186529542838,-58.85185290086948,87.49800828553259,56.20449934359694,6.815067224711882,134.5403123008283,7.477407478095152,0.9259950445955802,16.148536207415816,9.679290895805327,6.651980968240414,14.3656370795925,16.822869478557394,5.0976287502338105,27.36393079536364,4
22.0,ticker_ext,ASTRAL,-4.787634224745541,-37.056384553672466,59.717984129863254,0.2675843763101925,0.19324244534782586,0.4341186914025355,0.9684096767363857,0.9682907222271477,0.9685286312456235,30.657058774818616,30.537852970590297,30.776264579046938,-36.60454985479159,-43.27106394112863,-1.6015250978113045,28.629856850716056,-38.776794711137484,51.76811194595728,1.8045776140062322,1.3534864866729415,5.877584811018529,7.965554970050473,3.9827774850252364,9.320982187541349,5.626047032430816,2.813023516215408,14.085451032187722,3
23.0,ticker_ext,ASTRAL,-21.492740507775313,-47.5462745142992,4.560793498748573,0.30356515817013086,0.19795524368833128,0.4091750726519304,0.9714815420688151,0.9714815420688151,0.9714815420688151,34.06500956022945,34.06500956022945,34.06500956022945,-36.64663417648313,-51.9066428916815,-21.38662546128476,-58.3771692065428,-99.81898730198543,-16.935351111100164,2.7962455337740337,1.3981227668870169,4.194368300661051,3.847245059294356,1.923622529647178,5.770867588941535,5.123458768854751,2.5617293844273754,7.685188153282127,2
24.0,ticker_ext,ASTRAL,-59.7830985069249,-59.7830985069249,-59.7830985069249,0.17817768134255907,0.17817768134255907,0.17817768134255907,,,,,,,-45.56977305649418,-45.56977305649418,-45.56977305649418,-105.62530178657653,-105.62530178657653,-105.62530178657653,1.369063564636276,1.369063564636276,1.369063564636276,0.06434713046783794,0.06434713046783794,0.06434713046783794,0.0,0.0,0.0,1
25.0,ticker_ext,ASTRAL,-67.41306090933334,-67.41306090933334,-67.41306090933334,0.13077872608842037,0.13077872608842037,0.13077872608842037,0.9712689545091779,0.9712689545091779,0.9712689545091779,33.80555555555556,33.80555555555556,33.80555555555556,-57.64635603345335,-57.64635603345335,-57.64635603345335,-125.44802867383513,-125.44802867383513,-125.44802867383513,0.25556988529850044,0.25556988529850044,0.25556988529850044,0.0,0.0,0.0,0.0,0.0,0.0,1
0.0,ticker_ext,BDL,-53.211009174311506,-68.14514122783162,-32.19113133155258,-0.28378746831906365,-0.9533066010221672,0.048699742859432044,0.13792776566499193,0.12879670038446123,0.18792122956573443,0.15999560149549152,0.147846407665157,0.2354885423697817,29.923616032759913,18.315018315018314,44.265593561368206,-4.0241448692152915,-34.79853479853438,40.59845124426632,,,,5.81808311154868,1.8777873386044122,10.492456183421705,0.0,0.0,2.8254882211971695,7
1.0,ticker_ext,BDL,219.7452571825104,93.86707044763739,247.8552293047323,0.7290295130327729,0.4025143299314242,0.8527310354434252,0.2728475674058072,0.25533548181003746,0.2892574136726843,0.375228029603749,0.3428865989046257,0.40740391780699314,-31.98517322811148,-58.35395175922798,3.430047982278165,203.71480286115604,125.95426491234011,212.79220476323815,0.0,0.0,24.087870905283804,29.670024864651946,19.6393094281541,31.132149386362737,32.845575525361795,16.388342914407758,38.81139286205949,8
2.0,ticker_ext,BDL,123.362151725879,79.61152318781402,192.36628240417733,0.48584164006033526,0.29608370103419435,0.7903288045877399,0.4438446876747085,0.4256373907598854,0.46404305934736706,0.7982743106919153,0.7412136475804484,0.8669322630863141,-28.229432530201088,-30.571121236828965,-25.81881279114507,124.42123687918473,102.22873500545256,200.08377531655583,0.0,0.0,0.0,19.215615608588386,17.455675256100346,28.650520609324836,22.13318813560936,16.20198285449043,28.524949952889457,8
3.0,ticker_ext,BDL,109.52936395912457,73.26899086044784,155.31101471191008,0.4011426936782151,0.2998210750372257,0.5891821157973975,0.6438449834643891,0.609527784856819,0.6592854648468487,1.808739240810073,1.5651012634281891,1.9387689053420694,-0.3617945007232599,-17.48858955805394,0.0,107.87291139799655,89.46166930261697,224.59533659987474,6.029916307804546,1.4524581539022732,6.25,17.169368596675596,15.764028220639489,30.854143420368345,19.402673231173715,15.686431112771801,25.878059048561944,8
4.0,ticker_ext,BDL,101.9056622043395,94.29641834164207,159.75825829378954,0.48275829108298574,0.38428113026017197,0.5312436089055886,0.7348566338232245,0.7221596342108457,0.7440894858895658,2.7720224098129274,2.6036415034646847,2.9140638894978266,-1.699160217219708,-27.011008327167808,36.64401788272081,100.80629460486261,67.38661983669022,206.36640725519314,8.244868589618292,0.0,25.761474862423288,16.623659128939828,12.947382200809551,27.497156929043463,19.540843546502956,16.43729322069183,27.030867039474877,8
5.0,ticker_ext,BDL,93.99713692149268,77.27457378745122,121.86488942864239,0.4418561155725437,0.2943725461842505,0.44912796853013326,0.7687890398739716,0.7615492581844092,0.7829074985620764,3.3251421293048296,3.19616840153781,3.6173998084793024,22.229537364365548,4.577008162331396,40.49602015904535,123.62843403245427,85.77567831615303,176.38846538099327,17.854421013229633,8.638770179466151,25.192077910528234,18.229811849512203,14.842205196315243,23.191914082203198,18.561153708918766,14.446054117766163,22.031024881913,8
6.0,ticker_ext,BDL,99.16929478110639,78.24462419470929,136.40756845939276,0.3702821454809708,0.2898048839755215,0.45526961300666974,0.7938343521857344,0.7896785009182538,0.8111007873130927,3.8508172431090824,3.754656896007683,4.306679530900763,-8.976156431635408,-21.73162498081956,33.38250352117336,98.92077131604488,72.928507425969,190.4557589626245,3.851628450163294,0.0,21.513217450639388,15.98455975685584,12.656263858947767,24.086464670573896,19.24260864695451,14.497644708777731,23.982772400368514,8
7.0,ticker_ext,BDL,84.39894985815778,71.54095047618041,111.20255740434455,0.2920285514693183,0.22297097835870255,0.46667796157924674,0.8148758997047044,0.8070973794902528,0.8295608128445826,4.402592768189843,4.183966371007237,4.883489220061918,1.2637999976666647,-17.860564949101484,18.954297255203173,103.5744562527886,70.50876783599489,162.65327420254982,6.7118939816745105,1.3303648637495782,12.546340801195376,15.634002104137867,12.140319874178335,19.797109092604025,16.179032020357745,14.269603466803797,20.684588032227573,8
8.0,ticker_ext,BDL,105.71301769543554,64.62081285520173,119.72958287917344,0.3228812572085372,0.20308035755387374,0.42411325233068436,0.833452346832366,0.8207038954809931,0.8435999357674167,5.0081181729283255,4.577367818994551,5.411349412894631,-17.247320904946427,-20.566345749000995,-1.492779065563059,96.86386096450447,53.16714369463095,99.04835931146047,1.213364616494782,0.42211414289080973,5.856654020876041,14.821016894712923,10.662207396669533,15.270993820230633,19.298097066407585,14.002464933940615,21.091317862645695,8
9.0,ticker_ext,BDL,87.7103202044938,65.24712695223417,120.76125062611251,0.23139122044193228,0.18772862071962143,0.4028096291714165,0.8495123372631868,0.8367137576994763,0.8555416017428055,5.647291176034315,5.124652457381355,5.932189827533977,6.623326640391814,-11.266519550961318,17.304345570515583,83.44794835894933,47.142711856808944,116.05216896494767,7.949010281036453,3.2998342749785143,11.031482193402129,13.503555216244166,10.062182313420493,16.344157817691595,17.736188234471015,14.185955989551934,20.771854574476503,8
10.0,ticker_ext,BDL,72.96465078529397,67.09552846777092,101.54477169575846,0.19038414700315767,0.09223614883011291,0.3376256267517981,0.8618290012422958,0.843995594967075,0.8708570323343237,6.244096566123124,5.411984655553264,6.767883644430844,48.38022745463269,25.172224700729437,68.95954425951103,132.71557294573734,60.89817261332006,182.56476071336004,17.504832206552763,12.38178572168661,24.036193152003015,16.620495763522154,11.264748883331762,21.58411393740854,15.698807210431035,13.439207442334075,19.256836695521706,8
11.0,ticker_ext,BDL,63.20794644949217,47.280023736306134,87.57576588452179,0.10829079978936072,0.035076318655394775,0.3277193108357289,0.871689111824824,0.8619250694295887,0.8926725603987595,6.793835804458748,6.255519430545371,8.317374086769881,57.524745136497884,2.617089365168619,92.03367385040204,109.2839875019954,72.06461412309224,196.06718854969043,18.065966945492868,6.782274566084155,27.681415944216436,14.61803260461838,11.897636138992087,21.787263741018084,13.20374364937257,12.043566190386509,17.461088202768256,8
12.0,ticker_ext,BDL,68.2364970115084,45.93189933320454,89.4815536590283,0.1368245028368848,0.09255618177627106,0.21530390665960444,0.8775448083941364,0.868458930267182,0.9007324519947905,7.167976496781947,6.628487933634992,9.076224596844696,48.87001455548694,16.207485651701695,117.64290437942614,144.90925980211136,84.92404027241979,199.9230721475833,15.665165721110196,9.366567163113583,30.06997340220248,17.053872998682998,12.834656103085816,21.255733189839212,14.529274323465305,11.422874428118302,17.19574805984194,8
13.0,ticker_ext,BDL,96.46453462616725,36.26095832388613,103.83837987401635,0.21697780241752193,0.1294836711008681,0.35080732906603024,0.8875763860932852,0.8791747496026899,0.9041510973071907,7.894933528809465,7.296403358011922,9.449799942035519,24.056596271403215,-32.624472692567934,100.95351411014512,90.11144030830745,64.06804137594169,215.64830117468324,10.932271804158301,1.139033344184498,25.748444548732884,12.798961489222863,11.007810758451345,22.78438618142457,17.94163130252918,10.706507273248866,19.112374651186997,8
14.0,ticker_ext,BDL,65.74653384689495,33.45906738713224,118.67887470799451,0.2910282474579208,-0.0009324057738757385,0.33689674514052,0.9034534637267334,0.8923227412789181,0.9146601889349741,9.40187171557,8.292489508346364,10.72427859651802,16.336425940603462,-15.08145995566467,62.23534114758111,89.20695603524658,50.55770036239095,132.80551004289254,9.091880066622673,3.4749461522784397,17.604880763830323,12.837322612168691,10.00545787731618,15.554816882472606,14.294457674193053,10.31762279581054,20.81065441758221,8
15.0,ticker_ext,BDL,68.82681216013731,55.0793457169277,106.09855408599381,0.22898320490822613,0.006391768101674506,0.3093488578149502,0.9173814087272969,0.9054563330355483,0.9281757381944097,11.104217175431994,9.691329930470603,12.924309491256313,31.30000756258002,-27.16211641940876,89.83428104249015,89.54999755092041,39.041617545784554,165.65519018994615,11.724421027013506,1.7046242866156733,21.39123992512126,12.38825059647891,8.895860788492023,18.228476437035653,15.117737305937961,12.044631432650107,19.088429868140214,8
16.0,ticker_ext,BDL,74.05386243931422,34.881342062193305,102.71215361447273,0.1873543446249066,0.05214474383198362,0.1962631996955421,0.9296003282863626,0.9192724307707052,0.931525267891597,13.20552090945188,11.615744685398727,13.61239201410817,49.916123332839625,-20.64742690582062,92.825128873809,90.81245402199497,59.266222978283146,148.4899681729598,13.499959428734421,2.6925041923783146,21.33410689088413,12.298693802007193,10.132625183416847,16.46603614390257,14.822245769998974,10.654107777810864,19.55474577160064,8
17.0,ticker_ext,BDL,95.3161821567032,31.53743738062437,142.4359094778949,0.1761963574411704,0.05495713157337241,0.2932797078312249,0.9348431161402448,0.9293565498618164,0.9396117838575633,14.347942642739937,13.257129940479087,15.562507773580954,132.33556518314262,14.395778735199377,143.98384935337117,158.52521339932508,73.00974527403413,275.8493067256234,24.951898490477692,8.335337646732128,28.310672371728117,17.25476134475904,10.938176003032904,23.953457240458228,18.480677123736754,9.654256146203581,23.390921888177974,8
18.0,ticker_ext,BDL,94.51626003243035,47.22436592691424,140.92954554837408,0.2757031028088206,0.10220206653031817,0.5527584970868493,0.9386126344343632,0.9295843920009071,0.9459158833682816,15.301124492152976,13.321722596329785,17.49240146517318,74.30664113590926,33.471362340541475,166.30582711468588,159.40812506964528,127.96247442959876,321.92261730056674,16.543017781314525,10.76583003434671,29.654532584727882,16.382318825421393,14.492273661421939,25.95728382454232,18.67790185894492,11.344302229981968,24.75188118955377,8
19.0,ticker_ext,BDL,114.75769315108411,52.933027763547045,139.33008612169925,0.10779954333192557,0.08184996052870964,0.474362039612915,0.9374926565620961,0.925942767643015,0.9480857881454473,14.99812030075188,12.678224055950391,18.27239234272596,57.41279069767508,8.714251762654749,215.4993783671778,171.5116279069761,75.25944704111544,352.25859925404063,14.03372445198347,7.276480184152271,34.64899256044416,17.73087435588848,10.845597909385335,29.62385486143161,21.29598319179687,13.019562446016739,24.878022138209513,7
20.0,ticker_ext,BDL,49.847481586190156,32.5914149443554,54.81597494126859,0.011544106551430688,0.001782175652010964,0.08280641747659537,0.9394542686497248,0.9168248151298999,0.9544594901278463,15.516441005802708,11.022816679779702,20.95847176079734,108.54661557166514,-35.296838556074576,311.56904301474344,160.34585554788143,-7.0594126165158,387.29058554657666,20.894860446226332,2.033593317264449,47.02070451027877,16.797079437159166,5.834490085624566,31.884360092505762,12.764224685310294,10.505462083289855,13.168230867808173,5
21.0,ticker_ext,BDL,55.021834061134975,43.71212054854328,56.02856257513754,0.08209833603949643,0.04566814590790698,0.09690020082546354,0.9231408823987943,0.9205589528482002,0.9332346277073337,12.010818120351589,11.601261955324464,14.32816617177317,291.723399891496,149.5192562158448,433.9275435671472,346.14611038333777,205.22739602768175,487.0648247389938,40.496720181475624,23.77805601908421,57.215384343867036,27.87635158328182,18.962245854337187,36.79045731222646,13.442293938214117,11.96151858096422,13.445711736408363,3
22.0,ticker_ext,BDL,5.0676931607865505,3.2844282812115804,6.850958040361522,-0.030650293681276523,-0.03215873405984775,-0.02914185330270529,0.9508825711944529,0.9502165625814087,0.951548579807497,19.374356060956245,19.098089632688065,19.65062248922442,113.30125717833238,113.30125717833238,113.30125717833238,121.83765326711018,121.83765326711018,121.83765326711018,18.48265355570045,18.48265355570045,18.48265355570045,13.466753995606256,13.466753995606256,13.466753995606256,6.910860438448529,6.678281249926899,7.143439626970157,2
23.0,ticker_ext,BDL,43.58425057250565,43.58425057250565,43.58425057250565,0.12398894213975979,0.12398894213975979,0.12398894213975979,0.9516952759256632,0.9516952759256632,0.9516952759256632,19.701908957415565,19.701908957415565,19.701908957415565,,,,,,,,,,,,,11.943935707366988,11.943935707366988,11.943935707366988,1
0.0,ticker_ext,IREDA,63.48330113165864,-52.48226950354674,216.30615640599072,-0.059674314755376816,-0.710460443498349,0.1023058903892518,0.08343996587758584,0.06907862041546566,0.11418592154755508,0.09103600721307661,0.07420456972026479,0.1289050652107977,0.0,-14.557577650710531,16.8118113765097,24.055249476216517,-53.04898945320031,203.129061756513,,,,9.389551242609244,0.04550516158950274,30.39238133528283,14.26560949851609,0.46032243503417447,34.75648257982848,17
1.0,ticker_ext,IREDA,228.38858786674132,122.98231164973234,312.5990380941594,0.7638694340558032,0.44979117535024893,0.893499980856817,0.2258782030312943,0.18836724726862933,0.2517226345356294,0.2920477778816751,0.2321285901309467,0.3364151133636095,-8.196406170015653,-22.38557264022059,4.314496515401419,202.93654893247208,107.684849177028,276.63575182785235,0.0,0.0,16.388464836779498,29.72246612358834,19.88123058116291,38.248591547022905,35.602984535692805,21.941621204522257,42.66828546848969,18
2.0,ticker_ext,IREDA,252.50599364480146,103.6387456146936,336.49189803758554,0.7084350151799288,0.4377628566448091,0.8175596048321574,0.38722326544570085,0.3616294761318017,0.4363521203848971,0.6319159596265521,0.5664895813497367,0.7747697663088746,-8.7020156321746,-28.879383682424262,5.880204342906613,188.77010572216093,91.4696011045884,329.2480058277702,0.0,0.0,11.042618908619968,28.30040664743368,15.015297801419049,43.135439613521235,35.20824476478904,18.31571542068015,50.869111058640314,18
3.0,ticker_ext,IREDA,225.67491243524847,82.85894410212191,294.76559993633947,0.5265463991839645,0.263197894057547,0.7365266228576312,0.5704091266275084,0.5200836409361616,0.6036145076492597,1.3281029421577717,1.084010044119235,1.522798871117874,-3.082318686273603,-15.594393231540375,21.58928083741977,218.37802538215578,58.93901374730315,287.61800574363974,3.6105983510126096,0.0,21.07781990267015,28.582011058750567,11.963055903487676,39.066629717340525,32.658626123088126,17.0632321103159,45.25275976208127,18
4.0,ticker_ext,IREDA,186.3071728597403,87.01620617105785,253.53508090204954,0.3858347718403748,0.2882420399810611,0.587958883140535,0.6908300511224692,0.6460399880442895,0.7131002888442572,2.2346896606743525,1.8272721598839121,2.4856982724698784,10.335965762499761,-11.776318097025317,41.74988290355019,157.5131045784644,71.16629904121237,312.1243192711735,11.921045617793382,0.0,29.084789650791564,21.76000790287637,13.598585588774121,40.069817115254374,29.74599453950934,16.70959719205429,35.28980500429156,18
5.0,ticker_ext,IREDA,140.50484787094123,69.88196588785483,231.1422687999881,0.223491889486086,0.1646612538444804,0.44920569748664446,0.7304792982427213,0.6983295473765759,0.7486453149968919,2.7103426998291247,2.3156086213318434,2.980638815634543,-1.5501991161057118,-22.774590669851122,44.15265661189038,116.29507037113143,41.17614200721887,232.2811615526881,5.4914991846893635,0.0,26.59822174980155,17.478322322452485,10.431945175869508,29.05875751848967,22.864557162561926,14.095402020162274,35.26480291551617,18
6.0,ticker_ext,IREDA,145.19647966960702,95.07312156990372,214.70275172814416,0.2906530966012791,0.0902485973061621,0.4443463834796431,0.7597637770106125,0.7303532873081726,0.776134211492568,3.1628171042428272,2.7085888370957925,3.467123144129148,14.532498016167843,1.3619854721550153,52.18467135252431,139.59217637339944,90.16050694768651,229.16910994494793,11.076119196548607,6.862889144700544,30.12166629539441,19.207336106417195,14.733767064385216,28.387767635574374,24.059415184547355,17.544927834027778,33.8002250347768,18
7.0,ticker_ext,IREDA,123.73590525494635,69.93613397377159,213.85527464880767,0.19082726039164097,0.14051668571222856,0.43724289201082994,0.784612816199777,0.7607130629194117,0.7988204664029858,3.6428237936779766,3.1807993618830515,3.9708820552832593,12.275762257109218,-7.572441582237403,20.73451607222818,105.3934053131931,68.5811061375625,343.498799538146,10.183965645057878,3.9478685697231435,14.667735738659804,15.79495463441127,12.325029690089131,40.236609160352266,20.68949728335369,15.399109323093393,32.52020457184375,18
8.0,ticker_ext,IREDA,121.92030654331488,62.32444574608885,218.52362661925218,0.22397835625097606,0.1571858842831727,0.37140184953468763,0.7986093601905877,0.779930433283887,0.8205839609958014,3.9655918239791297,3.546295866291318,4.573640277135727,-6.233580216730358,-16.820414192129512,34.61215312137181,96.43805822618614,36.12736585576686,275.2156343159993,4.4099996182758705,1.6052167223815763,18.905413383386026,14.752755524807615,9.415367316733725,29.253955026938762,20.547324035637168,13.212376338234662,33.673980168569116,18
9.0,ticker_ext,IREDA,104.48014612639793,68.2349875009637,217.17659592137088,0.19935814943268684,0.09585340094469202,0.32134870880889477,0.8190882023875031,0.7949086643654544,0.8344957891084963,4.527555700728923,3.8784441808509365,5.0441508492269715,27.6526926915777,-13.032629418502083,53.938788119740735,136.36895694384907,58.73830081801361,231.9845100562639,13.64954012995873,2.787803629302896,20.638303763127333,17.279591528118928,11.369709202933539,25.353454403279205,18.19953908979667,13.91017998381622,31.221750006995638,18
10.0,ticker_ext,IREDA,96.87048273591014,36.52502245702764,191.4399399253238,0.15005113760408173,0.0882228776716865,0.26578285687631414,0.8381951412753621,0.8064187023317162,0.850647124772225,5.180290219475815,4.169948336206988,5.696333207022862,6.163603652843465,-5.676306965590559,129.5732344701666,128.58279879811994,34.14396061454936,257.28642127925445,7.709860510472273,4.869157394733752,34.26002788053719,16.631726285302697,9.169767496005964,26.558975459946254,18.07595833782757,10.688532085688756,29.518067352905923,18
11.0,ticker_ext,IREDA,81.53361135221917,33.5193880051362,182.48638227383836,0.11664326571297054,0.09820218108071005,0.20672307374087484,0.852798624551734,0.8215083956918905,0.8660632790922763,5.793488962060968,4.602537696350153,6.473351788388246,18.477035012443217,-11.27337808474216,85.14586384127264,124.05290110149981,27.13092246656003,264.0983956530045,10.504890484815338,3.5083625096748916,24.147949325326024,15.944218618930297,8.433963453927513,28.9819124568938,16.753697823166917,10.626860847324572,29.187954087243064,18
12.0,ticker_ext,IREDA,81.11630916393449,20.66922817081965,162.31074369957136,0.11167703405082549,0.019857741102771272,0.15613375544440986,0.8582211371774233,0.8366740611392998,0.8721811138050946,6.055888218284467,5.125172047664499,6.825986749750787,24.17197403016747,-3.438047284687685,73.7439875344084,85.29074455528188,20.459882695559163,241.96686723450833,10.85197258154406,5.5050826406849716,20.638203437257587,12.46308246543927,7.660715760587682,26.154162895334814,15.356795304449662,8.947518770717588,27.276382915153768,18
13.0,ticker_ext,IREDA,86.13397066132654,32.55882645135182,162.80927023613077,0.13415862175544435,0.04139765423034241,0.18036032759079235,0.8710086181099641,0.848260601058699,0.8780836482299896,6.752741346639697,5.590302704621829,7.202402338767106,4.6718401178883395,-5.712557847111464,120.82317805209343,97.66445261362821,27.731889131113643,277.37977509761674,7.0986930444492735,5.176515578285064,29.03392865160087,13.250192765619875,8.158438137214489,27.81780437138152,17.336339308320188,10.5012344370701,26.611170323799413,18
14.0,ticker_ext,IREDA,102.89156635344384,26.53439329853311,158.71862857569303,0.13531414787036328,0.058191831373484305,0.22947350486554827,0.8780602775753296,0.854810932235118,0.8871569475247006,7.20077313705352,5.887570912841671,7.861865910786964,30.299339388934342,0.22122853694128963,83.90692814014892,138.06913334948393,34.587697979483174,206.34447331368972,11.788226459921763,6.296127676561896,20.91032869768213,16.210492123649836,8.863612817281137,21.697406420450747,18.529847057117685,9.116785830447986,26.78327496420754,18
15.0,ticker_ext,IREDA,139.0167222201514,43.114915092011785,199.029288026707,0.15923368652210118,0.08365349978152418,0.25493912337677405,0.8895415923633694,0.8660622295487327,0.899864970506716,8.05318138651472,6.466153846153846,8.986515259048971,42.9032576124567,-7.507995377777185,176.6150151885877,173.35730266366895,10.631545333822315,330.5550678196743,13.386846405843148,4.945597024099008,36.631735960874366,18.65371362305354,6.943385555357162,31.13610545655054,24.499883511810328,11.266603547699019,27.600330592028037,18
16.0,ticker_ext,IREDA,99.53113432590227,38.90528575261688,198.4268859492312,0.17928444895252613,0.07396368585753853,0.3477561096822926,0.8959393611261505,0.8763912829352376,0.9106411355625417,8.609781477627472,7.09004432491658,10.190831556503198,7.178750897345494,-19.308602597263885,111.61705508829047,37.51655141974334,25.136458152832926,280.26224630708344,7.258148089176634,3.433693199877564,23.351310386228263,8.724114162643906,7.951263493474869,25.249992827199307,19.28959476477922,10.561552952820518,30.371384755192636,17
17.0,ticker_ext,IREDA,121.82072598567699,18.918389979776375,185.1694555338492,0.10739915136156564,0.01021313270607153,0.245954382477031,0.9005704627086415,0.8823399720731976,0.9122340425531915,9.057373565660859,7.4990630855715175,10.393939393939394,35.66291114187698,-11.45584087258133,165.0169518063576,141.76401083594297,8.1627427216714,336.88632255632126,11.134590874663123,4.608505602792531,32.06834306226414,15.567136566496963,6.8000358664557545,30.092437379853205,22.227721469659866,8.71848298834601,28.49025104995504,17
18.0,ticker_ext,IREDA,138.9519571337754,56.46036916395231,175.71884984025576,0.14644258560421952,0.09656295804154398,0.2517380114366783,0.9007229406374097,0.8875811688311688,0.9100134559318233,9.072820512820513,7.8953068592057765,10.112772585669783,60.89193825042828,3.2952208954873754,111.02941106512183,195.614964544787,31.23767444884611,247.12345547178427,14.211964743156031,6.821930370900249,21.638521816364744,19.360371819900383,8.346807181096567,23.182936909395917,23.38653582538508,12.15469471941082,25.579367922894434,13
19.0,ticker_ext,IREDA,126.5104916459455,64.5999237514735,167.52294055223808,0.12770970013484062,0.0586448333433549,0.2570370466490541,0.9053354299438083,0.8946171109094144,0.9143448400664755,9.574503250176473,8.49449819427167,10.704934954239858,155.00581684766837,-4.9191650135340765,238.0356115797543,301.3527811366388,78.58192511511112,321.4998310420426,27.79998684276524,5.677116658324726,35.46297818579027,25.810023142913984,10.99150103834695,27.047272374875238,21.059573586176754,14.457911567365809,25.582975193654175,12
20.0,ticker_ext,IREDA,154.225296128469,40.19404019404106,167.71488469601678,0.11864285623974558,0.059089614109385326,0.20870115157392446,0.904780876494024,0.8989487962021024,0.9128903375039428,9.502092050209205,8.895973154362416,10.47978273989137,83.99474612395986,-4.704137070016314,176.95596275946164,279.23415829965813,19.017515423772096,348.3788657158499,15.972225643907995,5.6372404502494184,30.110344537901106,23.20159572166765,7.494822255797471,29.06899780967362,24.127535729654916,11.500138536054207,28.298245326259142,9
21.0,ticker_ext,IREDA,47.288776796973075,11.275647174317939,105.35773514419405,0.030053487703840278,0.0185848149098533,0.05957570048385409,0.901184122748499,0.8981116864372818,0.9092980063665833,9.119831223628692,8.818985767012716,10.051290712002652,10.405341080266975,-28.411064611625946,160.90086390129898,133.40596076928816,-21.32441229632415,357.36723178343686,7.48937907533457,2.6795778170464817,24.319854496580007,14.25045368742129,4.887915848903779,28.9134502594391,12.429051363616516,7.629807109530852,20.074238458880814,7
22.0,ticker_ext,IREDA,33.61008400756949,-15.240439227564819,146.67345997299174,0.022828598575463568,0.012270857975463826,0.05428466312833136,0.9024556291574015,0.9021501585861511,0.9048982441977146,9.251805852659391,9.21974225234143,9.516908233881788,9.222965183306782,-26.385224274405665,122.22853894258094,58.412112827608894,-52.77044854881133,139.994314951677,7.240569308358068,3.0440253737605443,20.277597074978193,9.698860205518574,2.9378326445514116,14.82649491334495,10.640295797488744,4.267207008168719,25.532692560207636,6
23.0,ticker_ext,IREDA,69.00008005143974,-31.629520479356547,242.75690032175294,0.04757432267349479,0.030165635200328306,0.28575641617214687,0.9031969102598219,0.8742544020692951,0.9052113671480672,9.333397509578543,7.81956058116503,9.550162052244643,-61.047519944501936,-64.30754375603492,78.62821315957149,-89.8942420681552,-105.64778006980427,304.0992985413096,0.0,0.0,14.972579742290042,0.7135934786077867,0.35679673930389333,24.78297385381246,15.330770683108838,2.521719371167642,38.427209329596856,4
24.0,ticker_ext,IREDA,-6.432748538012494,-6.432748538012494,-6.432748538012494,0.14834455347441955,0.14834455347441955,0.14834455347441955,0.9039735099337748,0.9039735099337748,0.9039735099337748,9.413793103448276,9.413793103448276,9.413793103448276,-73.63770250368188,-73.63770250368188,-73.63770250368188,-80.11782032400669,-80.11782032400669,-80.11782032400669,0.0,0.0,0.0,1.552180309109922,1.552180309109922,1.552180309109922,5.41171487483918,5.41171487483918,5.41171487483918,1
0.0,ticker_ext,KPITTECH,-48.73130566291341,-58.84483070794858,-13.45090419967086,-0.17207960465430572,-0.6629531083919085,0.18145864500612294,0.12723880597014925,0.0944307439375257,0.20148698884758365,0.14578879863189398,0.10427777147395892,0.25232774674115455,13.157894736842104,-20.217147135904497,25.438819638768763,-33.69524522650693,-40.32324565020098,-23.74289832951713,,,,1.8829224531145008,1.1362774752378804,3.627004193792348,0.8097316414349971,0.0,4.497756758472383,9
1.0,ticker_ext,KPITTECH,27.717434861192466,-22.14846965405096,91.75476329710273,0.5243818867713024,-0.01704338166721797,0.7873799723949672,0.26827665045346305,0.23566156576482084,0.2964277962500361,0.3667886503919629,0.30832247704351595,0.42135247026414036,-19.72195607124773,-28.183232953047156,-5.092998840573317,-4.1173132814441935,-32.2000674779067,69.76245607623534,0.0,0.0,1.3205483937600622,5.651726742312274,2.291177108063006,15.06130521370855,9.629497289129144,3.9709341135145073,18.269009530000325,10
2.0,ticker_ext,KPITTECH,11.267378211690257,-3.1068332989454683,44.55202112302369,0.41259890291352186,0.26349647386954755,0.4459692437022592,0.4843885895938236,0.4445199834617606,0.5069556737485392,0.9401964524480627,0.8008838077920819,1.0282208109086943,-11.669555021733501,-19.244067621008483,3.8800141328802686,19.448893835579373,-21.626145656395508,60.99054706097806,0.0,0.0,12.818919101383287,8.258453926360525,4.1633582776032,13.586570973643802,7.719721005893494,5.927919602751156,11.815089757861738,10
3.0,ticker_ext,KPITTECH,20.346881509848707,2.5533630551215447,130.55392643233697,0.3851582427068415,0.18097585565226262,0.576401831092171,0.6731389822570568,0.6000376328855704,0.7138393674331336,2.0599606820820586,1.5084966838694887,2.4946830102420074,2.3205754427614926,-22.946501366472834,38.464566612904335,13.767001611653253,7.3811479991391655,160.12788560700176,7.994995400658905,0.0,40.500862137533815,7.7011022548537165,6.948470021937928,23.470933318492953,8.905414210928058,6.520321410892034,22.169948595580948,10
4.0,ticker_ext,KPITTECH,42.706051756307346,-5.771791180409241,88.86017757854987,0.3910388627640796,0.126491508036212,0.8973661498257459,0.8132833566502338,0.7647674361817628,0.8482766243247436,4.390938994119694,3.2664808906669016,5.62280351873635,-8.888210643555992,-19.71217580659915,14.602847378954284,35.78492080242201,-10.907190413154762,117.8291540559519,2.432930043148539,0.0,15.140450215619222,10.012727160989819,5.219277770457094,18.368407726745097,11.44151544873766,5.477674290273427,17.885857756599407,10
5.0,ticker_ext,KPITTECH,42.992481690851726,18.779481088721962,71.20967651153269,0.4032314182727976,0.20147334600073025,0.7224517433825837,0.8255593987220664,0.7980052675666779,0.8695096356020218,4.732657959673519,3.969859088129266,6.681245297101246,6.07638888888872,-14.247872279659733,33.982300690487946,29.776184764189765,1.1070070671838779,88.84259608206277,8.856411982430409,0.2715822632860774,21.782557032022673,9.046726848276734,6.339462076471612,15.298586562168925,11.298108160937067,8.306139134331197,15.566883840326508,10
6.0,ticker_ext,KPITTECH,51.254863387963844,-6.057595505500603,83.95005875469141,0.42262897018044854,0.19296869901776342,0.6845267741223711,0.878433889161522,0.8230787044569744,0.9025278041487962,7.229049305999187,4.6948766443118215,9.262164893825803,-4.682898493331516,-32.29467846227292,14.06584337978255,8.556378477907117,-16.910992525927664,107.74616387675806,4.114171892665297,0.0,12.584403528141392,7.088319560754011,4.753378809325418,16.191166274672984,12.208397061617383,5.611344566197159,17.167924003980573,10
7.0,ticker_ext,KPITTECH,49.99952675749448,-16.42699878457489,71.97804071157448,0.46948575070013754,0.04239679921618775,0.6827981861243524,0.8994928538497003,0.8420496995289914,0.9198952879581151,8.94954128440367,5.331105398457583,11.483660130718954,1.075568948639305,-11.719925309119292,17.10451260710245,40.51750729310294,-1.4669795716936882,71.8764236909447,6.607089857531113,2.631116542016698,12.438953439945255,10.079113708592846,6.105663113273154,12.833527789044066,12.784948095762891,4.4477784505510884,14.600995698607452,10
8.0,ticker_ext,KPITTECH,29.199583470811405,5.339722051385592,65.46518285792854,0.24874889667670672,0.21903153767887687,0.6647221785168731,0.9096689152516089,0.8601855586930214,0.930122240467068,10.07038626609442,6.152336987882285,13.310704960835508,5.614125502851085,-15.738684900906547,26.10745982048648,29.08154180623441,-10.361243768266041,85.53554814217006,7.434189592665813,1.6369392707825303,14.830502724439562,8.922569210475263,5.4429350540650745,13.663899091237564,9.901028960813449,6.8334750771305,14.812048075872532,10
9.0,ticker_ext,KPITTECH,31.25329463351698,20.168563631523,84.48440366124687,0.39454463743328727,0.16219135827371375,0.6081344321994451,0.925513698630137,0.8792598021253206,0.938266000907853,12.425287356321839,7.282245827010622,15.198529411764707,4.1946043026008555,-13.216046937432719,33.345936140828556,58.17505028075131,-2.8539636777994977,105.9506754996836,7.344319398636906,2.933096881708708,15.209073754836641,10.887511335253507,6.025542245885973,15.50710903902397,9.914042619441094,8.637391567844896,16.81942711767303,10
10.0,ticker_ext,KPITTECH,20.32965213653314,3.7020472120911174,73.02746990185305,0.2553945307778678,0.0621864050601947,0.36440947692464654,0.9297595520421608,0.8841687907108468,0.9442156992960552,13.23681125439625,7.6332518337408315,16.926190476190477,22.797764480656213,-8.70565718289735,42.469978719092296,37.64306419459763,11.89876883518175,86.33678383975575,11.242319342959714,3.913169902133426,16.74288478168995,8.974820392239893,7.247939235796716,13.610789925699972,8.396495833427757,6.69141642195469,14.140341633616066,10
11.0,ticker_ext,KPITTECH,21.355232106726614,0.8366560473236535,55.577839597536,0.27976377396568347,0.25112183986902803,0.35527649518699567,0.9369221798771324,0.8917783651123278,0.9459978070175439,14.853433077619478,8.240296554731792,17.517766497461928,16.204784049374865,-10.157490473165996,39.342144377694716,27.10768878354898,-18.56887594718875,102.88673186497802,9.548731959496667,4.270015074490498,14.052852273882003,8.394976318394896,4.8216125457832195,14.439738274101488,8.881007720582641,6.299761149837197,12.062146269532173,10
12.0,ticker_ext,KPITTECH,33.42190857043016,23.03137244487114,48.87054086123719,0.41937416255716337,0.2494444151688528,0.5148412304146868,0.94207430193219,0.9262484967411795,0.9500962507553761,16.334938830654792,13.014556131290428,19.07676044849495,51.627570209665976,21.5361509839966,88.3093558740112,77.326915924461,24.688340503164795,164.6451296910627,16.12286994659781,10.935496335586011,22.415784913113082,11.826499853560652,8.122464641222521,17.232386381441035,10.213329110949223,9.06422030032314,12.390917931540102,10
13.0,ticker_ext,KPITTECH,26.88877606075141,6.241298628927948,77.44441329593658,0.39755474804054136,0.2552114099057252,0.5580015425516813,0.9408638272345531,0.9378987664823479,0.9461512773417933,15.910123757354432,15.102739726027398,17.570542635658914,15.865538427666884,-25.791645146361542,48.49616179362579,49.55207778551631,-7.804370447450573,129.12111702008497,9.516916023288353,1.6194363605591657,15.122264854312714,10.04710015712074,5.712808652604596,15.858076935991292,9.473293879692989,6.928394138919986,15.365094987187858,10
14.0,ticker_ext,KPITTECH,21.46611591280898,4.8941204966586405,83.15694620615659,0.33841919722360353,0.24370254122325447,0.5254957099854074,0.9443298468706773,0.94065628882555,0.9611095751543637,16.96294681778553,15.850985221674877,24.713270142180093,46.84764582882649,-2.050874723095932,103.16212332786841,62.74500949606089,22.43566992014187,148.0591168091169,14.041762993968218,5.877147246358968,24.17495463498614,10.718269563732981,7.849887893056085,17.361381127510143,8.8282866335161,6.851076491039054,15.182837425271693,10
15.0,ticker_ext,KPITTECH,0.17118803999587273,-31.13523710430314,42.38611921052196,0.18339936555849512,0.10290465070071972,0.2551734653855937,0.9518508279928011,0.9462957669937012,0.9634695802244919,19.860328199760765,17.632300035101487,26.499100005091908,13.195302353574593,-3.2533506588844716,45.43266329880881,13.905576507680347,-19.336254334240103,91.20450275991882,8.544991407774527,5.684947187431187,13.806870932125545,7.242523944266431,4.93412364691311,12.962010228599716,6.280733700587808,2.197668639088848,11.787609939499154,10
16.0,ticker_ext,KPITTECH,7.229156259524467,-31.296655798574747,16.544709637091543,0.16641842168519902,0.09698063262752442,0.29822456347847714,0.9526697023253359,0.9419276728523875,0.9611861322779321,20.134227560589032,16.333956953642385,24.786573464748287,7.619415272528842,-12.40694789081886,58.52190534879574,6.908429145288499,-26.589030354813417,65.93727401386593,7.460036633256493,4.282698078871679,15.081017243202385,6.666100951824612,4.4698714195219935,10.838713508194163,7.10373196121882,2.176800740256576,8.32818375533154,10
17.0,ticker_ext,KPITTECH,2.457639084133855,-43.61220204027358,49.53788789142593,0.1385194924674396,0.047174368412946484,0.3156809661205942,0.9533409867017104,0.9467575557748371,0.9647865922106784,20.433129372866805,17.99457683694596,27.4369541182974,21.48064408500347,-38.938504726331274,78.36225518219355,46.14775668332676,-71.56586753503846,106.1363183127138,9.418721911425532,1.6489392254073674,18.411084694238113,9.364602930875838,1.3047886753003932,13.283389833400763,6.571158913740547,0.7368664787869261,11.596154283782589,10
18.0,ticker_ext,KPITTECH,-0.8334722453753661,-34.33540401503639,87.97255128523534,0.1559256227421181,0.11181794266473832,0.2924063950228146,0.955812335120074,0.9460834733154808,0.9611865675514439,21.741311474142023,17.65016336270191,24.793151770342256,74.0215765020875,-1.2571113488545942,100.1649245827036,46.46035120875731,-22.117645970857204,187.3850080114269,16.976248125786903,6.115404596604249,20.80862539026503,9.518758544591396,4.714335807322366,18.4733454728274,6.141355466989281,1.7820806272608278,17.481396116231892,7
19.0,ticker_ext,KPITTECH,31.81949667341582,-10.321556173084195,122.21601836342232,0.19353804969763036,0.14850288221400887,0.4942531188285403,0.9529734439447795,0.9308004060583297,0.9580579761643928,20.302001391107968,16.232839099607205,23.314488939015575,31.658092599920856,25.371287128712307,119.09298780487805,147.27722772277198,21.369212504946937,150.53353658536543,10.536493807363623,9.56153116973801,23.069175564844915,15.477081635297086,7.669656035439108,15.9207091708847,9.671362747995797,4.905205326797508,22.279887172031465,5
20.0,ticker_ext,KPITTECH,17.158854872210455,-28.66470260370976,101.64853065745838,0.05672059546518972,0.023583100326384773,0.0728706356825333,0.9580653804930332,0.9528277960943444,0.9644502041805739,22.84664536741214,20.198924731182796,27.12955677943876,63.296146847060676,-16.282225237448706,114.008941877794,34.812880765884096,0.9045680687463504,238.45007451564828,14.527328730660017,4.050674376314833,21.19724875784268,8.523012641163836,6.304128242448312,21.98013212106589,8.093635724377776,2.5186965516677104,19.568417171831502,5
21.0,ticker_ext,KPITTECH,-12.873119317723944,-34.63048044895922,22.110770516963484,0.03948694362702085,0.0013069834985030698,0.1081199744872353,0.9601760495059213,0.9589579679157825,0.9613941310960602,24.204838265255,23.433906474399652,24.97577005611035,-12.342471092632607,-24.42185506275876,-0.545582568739098,-1.6073294221654382,-47.35111632182578,21.60766437817313,4.843054971416298,3.2536488578992757,6.254982435697211,6.147082790329171,3.231659996686298,7.564961870827485,4.57297614104995,2.286488070524975,9.143500534707615,3
22.0,ticker_ext,KPITTECH,-24.057738572574177,-41.11248041629577,34.02679227039427,0.036685942678832476,0.032031863582632006,0.06993137205553675,0.9601540249966805,0.9599664388977873,0.9603416110955735,24.09886282267393,23.980702889000195,24.217022756347667,16.01281024819856,-5.466087116427495,92.41778934143404,-8.00640512409928,-46.63767167764021,125.68631878335756,8.199786742075117,5.587944537420079,16.364067687077828,5.746350237360815,3.326518221055318,13.733886231524465,3.117668268024053,1.5588341340120264,10.715339928689268,3
23.0,ticker_ext,KPITTECH,-22.300984039840408,-24.739294846391193,-19.862673233289623,0.19254188229636726,0.16967763647190173,0.21540612812083276,0.960398671694523,0.9583024389503646,0.9624949044386814,24.537901340176788,23.18609352723125,25.889709153122325,-24.141607984171298,-31.85252295525057,-16.430693013092025,-46.50395082836776,-56.67625917953161,-36.331642477203914,3.412339350185892,2.5066271158121176,4.318051584559666,3.3809979262593473,2.754606213257358,4.007389639261336,3.34629849262642,3.0291544997146778,3.6634424855381624,2
24.0,ticker_ext,KPITTECH,-36.31729800809315,-48.949340348630756,-23.685255667555538,0.09643423789578247,0.05028887596060438,0.14257959983096055,0.9611700598849399,0.9591583249516155,0.9631817948182643,25.03282815504504,23.684097004351788,26.381559305738286,-24.413260100390506,-38.19842211585841,-10.628098084922598,-60.88887437282538,-87.38698164605732,-34.39076709959343,3.636418921147519,2.160141577066326,5.112696265228712,2.8927673735873256,1.4463836867936628,4.339151060380988,2.404965207290953,1.2024826036454765,3.6074478109364296,2
25.0,ticker_ext,KPITTECH,62.58549931600609,62.58549931600609,62.58549931600609,0.8491321953350937,0.8491321953350937,0.8491321953350937,,,,,,,-36.72810901726501,-36.72810901726501,-36.72810901726501,26.0872550029189,26.0872550029189,26.0872550029189,2.426799572981035,2.426799572981035,2.426799572981035,7.763379311509219,7.763379311509219,7.763379311509219,14.434103984669328,14.434103984669328,14.434103984669328,1
0.0,ticker_ext,RVNL,211.34774833360427,100.62130373718847,320.0628083798539,0.20018910235937415,-0.1860083532901056,0.8807893296501391,0.06610478890744553,0.048625296250390755,0.07639821917954451,0.07078394676647952,0.051111558051536915,0.08271849277697099,16.231131309852298,-24.745137324406187,19.25954348776915,227.23583833793214,98.6211107808223,323.12591508052725,,,,33.58881453742216,17.709293828200394,48.313455198538264,31.000189449164512,18.47865525818184,47.98080374121369,11
1.0,ticker_ext,RVNL,306.2622309197666,244.32715187937936,433.8109035204445,0.7665015702288994,0.30059460910708224,0.9053599007423696,0.17445109780439122,0.15143095799894346,0.2168073986401257,0.21131528046421663,0.17850193461970537,0.27787195247001767,-5.847953216373936,-17.78838369483909,8.244372677011063,329.2508350564664,235.22199173460731,576.4618539746023,0.0,0.0,36.355662831161396,44.16727509577104,33.09853534956957,69.77642732780564,44.42219336558369,35.01504128060847,64.10226042759793,11
2.0,ticker_ext,RVNL,284.35409161091127,223.56686980383802,573.4150209230484,0.6489672928078949,0.49958292728504966,0.7572387677551435,0.40121149022762764,0.3321221175566412,0.4126315709719627,0.6700387259938354,0.49730095391877827,0.7025140801262617,0.0,-11.595567148700056,5.818461740869756,266.24203821656096,229.86234905838108,559.1796378465391,6.25,0.0,11.215849268523478,35.18476938235424,30.76684398653905,70.96200130431293,40.74547683176124,32.01615364536001,83.23807086825968,11
3.0,ticker_ext,RVNL,217.0767004341534,190.24992346851195,469.69886391849263,0.4492628111504022,0.3706912974503259,0.6400259864798692,0.5810797489567247,0.5536114319006663,0.5954411092032889,1.3870891834653698,1.2402223445095188,1.4723736857015095,-4.537205081669003,-10.191654340153951,11.107512287411888,249.8194945848369,192.56514530259267,483.99128076541734,2.9385914605689756,0.26315252527342736,13.799582984494407,34.23255331699189,26.032749528812737,57.27785253835413,34.859153283991496,29.37953249922825,59.074822686113805,11
4.0,ticker_ext,RVNL,222.2222222222219,161.7493898488689,378.6453647790722,0.40867821788363584,0.1888465242148,0.46193864299060305,0.7260270496587075,0.7139253366854386,0.7420944040232419,2.649995369084005,2.4959165941375483,2.8784594672508907,22.425897035881363,15.790311856410009,103.54655160697641,356.59859798841956,203.47427720992235,445.589786208271,19.90774078164982,15.205892972286312,60.524411854428635,39.383973717120966,25.89039386598298,54.52862873596172,35.54497280714771,24.23820932932712,49.304920979229834,11
5.0,ticker_ext,RVNL,213.72328458942695,150.5694475909985,336.8118810988571,0.2809073431120966,0.13806900925633464,0.38068953571167674,0.7596805785746572,0.749242926271938,0.7766855090032968,3.161128526645768,2.9896476048304312,3.479432078181273,25.418060200668595,9.320099515871586,39.96201400776053,324.43036064584277,175.18221363153754,415.40849050168987,19.520575587327095,11.112032315027873,24.519536855026523,35.61111488038029,24.169318193984402,45.04274316511244,34.41238825294803,24.01558031234366,45.82558661450692,11
6.0,ticker_ext,RVNL,216.57392089035912,154.28451757462625,335.8007308447365,0.23862108111647223,0.14719385465450552,0.42802427219037875,0.7835142640747286,0.7692276548500256,0.7984593375872945,3.6192419825072886,3.3380555221104764,3.965146066813799,34.35912757693389,-4.003736821033116,75.8048550078943,261.6324612251282,162.61588237499024,426.99764117686516,17.67061461401,4.4240260497891635,33.982998590072896,31.062132105460172,21.574212082184232,45.17030456667352,34.79215979066069,24.756629167646082,45.262109815894604,11
7.0,ticker_ext,RVNL,207.24677463628908,167.68418942185048,316.8128012297939,0.29274042572428044,0.1654173248345644,0.3651978110863142,0.8084166774905832,0.7856927119797464,0.8171228931750976,4.219661016949153,3.6672343304383554,4.468634248951135,8.19672131147541,-3.2371746316612757,69.61231941236315,213.11475409836063,152.80411438876743,401.43817767803523,9.52104915344566,5.17643568777908,30.430656142638433,25.90693244446376,19.841553473491736,40.770635296123686,33.54997641076399,26.426859178216098,44.757057313719805,11
8.0,ticker_ext,RVNL,198.4469370146678,158.65293877142898,291.19021440351764,0.19879947692534872,0.11708205634970076,0.40325189304442355,0.8240239056907366,0.8038022861510029,0.8308904116812491,4.682590035454376,4.0969861185635565,4.913326301921554,35.38834047308581,4.258794028899828,71.40731027187854,238.01760678187193,184.95242634750397,402.1906380683067,16.203579572067603,7.386449556625568,25.622757812310766,27.695618741847394,21.854596621678922,40.08197039739191,31.601933469543837,24.709251493589342,40.7672335515621,11
9.0,ticker_ext,RVNL,173.48016292050082,155.22755660236618,401.2189332738252,0.21568538481594027,0.07395798916138788,0.3299418601119668,0.8329824350336862,0.8215386075279976,0.8446590765187745,4.987394201332613,4.604453694302715,5.438823125816869,35.66066066066024,17.609312930949997,68.19926012729488,231.65397699659738,175.23101773371428,407.47860831542835,15.563860481014572,10.972417235562279,22.90200706611507,26.61867958457766,20.91122233039419,39.819618440553015,29.06283424250946,24.64529311899343,53.28710395634968,11
10.0,ticker_ext,RVNL,202.0947042336618,174.89384288747362,296.8345354283914,0.21676661190807156,0.13667239534423828,0.3787125668255584,0.8501920600552378,0.8440591867278548,0.8603555227672228,5.675213612634446,5.412966929977239,6.161680214952657,62.93266205160478,19.297982794598425,70.32260682046483,253.3039647577096,171.73679044392642,351.20442097186185,20.563778504347233,10.851730744195876,22.974641535412843,25.3616484930159,20.680973058361737,33.78670679686218,32.864334126463845,27.290935586906837,40.97158437694554,11
11.0,ticker_ext,RVNL,196.36015325670428,173.3382475104849,256.8854742465563,0.12832927774448705,0.06333671472389373,0.22003653241185844,0.8616644295302014,0.8548383080873035,0.8752724161224512,6.228798758005046,5.889003189052259,7.017473047505726,59.15159709312151,37.23758872144579,77.47870501714605,272.2529644268779,220.22451570737007,313.56387730601,18.658486445846258,14.033055779228842,24.288185492815874,26.40002345260019,23.72733703961555,31.10392762707473,32.10159864125888,26.65130064488707,36.454202910550684,11
12.0,ticker_ext,RVNL,196.0784313725497,142.37769381677444,260.2208345965001,0.19644692495133592,0.04997083055827635,0.3149738356355855,0.8725967291583566,0.8685167254131938,0.8836455542785939,6.84909204758923,6.605920982838677,7.608966604357894,41.42011834319459,12.917223376880317,67.98758418001856,236.68639053254438,183.31911530217974,300.315242270361,14.666522278357172,8.99554050462555,19.357599582679633,25.241362018762437,20.51884633044091,28.423119095877876,32.06413915394861,22.859706164975123,36.374844792302,11
13.0,ticker_ext,RVNL,216.3538020999049,171.69229411237356,274.90761939189474,0.20420092408761184,0.07657996382351018,0.2560534837882107,0.8856978541389597,0.8780565245645584,0.9165127174929363,7.74874213836478,7.200714863573559,11.063878100023151,77.91266533792272,33.37683515354152,171.68512176176625,306.221646143877,252.27724081946212,413.0921873727903,20.524743081870053,12.544026943887923,38.84561719836448,28.181847975705043,24.290945652912935,38.67256871223984,34.685555042853274,28.673316975288692,38.28791405735004,11
14.0,ticker_ext,RVNL,178.34703061212156,128.44945535905404,227.47494535147814,0.11940307490817421,0.0721640282769458,0.22133248128303096,0.8990785657452324,0.8806593413310704,0.9312555782048824,8.908697863682605,7.393688788551588,13.54827672058784,84.47562357852573,56.1770710310401,126.23579273543005,276.8205133702038,203.9275171650916,373.30084325451634,21.52360811286202,16.145608775877754,28.342404853002524,27.377039281208653,21.383206805452954,31.822911054222153,29.708671149565873,20.46716761007989,33.58612659395015,12
15.0,ticker_ext,RVNL,175.46903515633466,127.30920194192157,241.98218269373433,0.12414597234956756,0.05694941888579175,0.23290070307888744,0.913347670250896,0.886609818604827,0.9338151209843881,10.540370615486433,7.828316594129766,14.109195075617155,93.81748931228272,32.784916949736065,183.62703581049104,341.7919707912054,159.67649688387954,450.23293093011813,22.2711334576133,11.347860294788196,36.135473625490114,31.879826223457982,17.272365832861432,38.433842765795404,29.32684472411443,20.152179831777367,35.92525310706477,12
16.0,ticker_ext,RVNL,178.49832404598104,131.9041810151489,274.26155659603364,0.13061465812189074,0.06203600389829554,0.20246443736608935,0.9202688018388068,0.8970188613740081,0.9352582777266604,11.542178967457424,8.710906529959054,14.45188140901875,147.8127976313719,77.74035371377661,170.63223204973502,331.6493336654629,212.22611762827648,406.36459558569203,27.991839508091815,17.830994222372826,33.797989606730376,29.62324877873735,20.73608313215519,33.18965117209879,29.33989895387994,21.9171407111042,39.36468817356588,12
17.0,ticker_ext,RVNL,181.26346634114657,118.69832582981418,286.4614491759682,0.1715405412061315,0.0643500465284742,0.25710293332492434,0.9281458508400524,0.9004844302371793,0.9373543387974009,12.931898274917852,9.048688753335593,14.984437919463087,122.04294620902402,32.13811229937148,263.84684904850803,312.8317410856423,219.58048692263316,463.0677132529742,23.169955391196726,10.607830534675209,42.79029158018149,26.37960098157133,19.575217020108937,37.727482640566414,30.095765118204753,18.812820850137598,40.38655284366737,12
18.0,ticker_ext,RVNL,199.17267452796864,117.63852965553093,318.06456063065855,0.18146032648708266,0.1016733670871105,0.38729319410349294,0.9119528802478045,0.9087082571546898,0.9329792138951263,10.359331349964567,9.96570242094937,13.952483095020938,142.90296024441037,36.51576808051654,430.3410591918461,391.03108421661807,153.6247835708269,665.2605830976013,25.739047692492967,11.22462293484881,66.3839503809413,31.190168131342283,15.450199396163992,51.99451378988096,32.479524611380256,18.725748608681418,42.3419988074881,8
19.0,ticker_ext,RVNL,187.38977588711148,92.0185285839249,260.2306741454388,0.17805065607040588,0.1027038394443265,0.2473001969000448,0.9151003263190951,0.9079398758420592,0.9197224446934933,10.778751325090557,9.883693204816838,11.46843387290254,225.37853812603188,25.388516677576508,630.7214488848972,408.51581281547783,77.99449729249703,935.1651909421358,36.73686556776245,9.538539282006798,92.59554473205844,33.750879700846724,11.419610774631192,66.90976518638085,30.909474924816266,18.319381087489738,39.664438650057484,6
20.0,ticker_ext,RVNL,161.158532637319,79.81982080017615,233.58735377351422,0.041572494103151315,0.006748625865343952,0.09756705400146694,0.9244381092450851,0.9113821896245693,0.9364568821953262,12.234975166441647,10.367234735345825,14.890498273194668,198.817582786019,55.22515906159701,244.04481638935636,393.01845128596307,110.90738969405601,426.2275593573156,32.86643441605844,13.72027061862222,37.59715359855572,31.537518266758248,13.592823092354994,33.36622987723082,27.42994603107581,16.70814326957598,32.62327018445219,6
21.0,ticker_ext,RVNL,137.16314345651122,31.91217768700536,188.58878056576742,0.03169160363409843,-0.09531649499508038,0.17510159013056362,0.9261605414989693,0.9084197448272566,0.9287388910092144,12.542894548529794,9.91938429428646,13.032899770466718,203.92032880177013,28.00407331975618,329.2117465224104,338.28643692696767,59.826883910387544,511.591962905719,32.18113665438832,9.779595069350759,44.43273155078969,28.287081845652217,10.092525571304895,38.19616635769869,24.253953650889784,10.416632162614563,31.068663279880482,5
22.0,ticker_ext,RVNL,101.31645703110328,50.39840138273512,153.76452918897684,0.05887817843380047,-22.491410312612945,0.22786464122693817,0.926276050438434,0.9148522856310546,0.9357975396078104,12.57953257044184,11.074274732960065,15.329542479771538,147.6711011418779,1.8179139054148088,302.528326439706,224.37339554997118,29.625431969166506,451.5500641918791,23.38304041566645,6.554728622053744,40.971264203250875,20.20612782622557,8.10672923698897,34.2283110568826,19.53511681364769,12.83892903146837,26.45334302001327,4
23.0,ticker_ext,RVNL,139.4422310756972,61.531623286368486,170.48277850198733,0.22071574995287838,0.16124509120025327,1.3447016847661966,0.927935534826602,0.9123955636309498,0.9445131804667013,12.876464601434952,10.785804862383998,18.78867218341542,73.16590864148682,57.28558920154614,159.6289224371339,211.5878979632191,118.34100042452046,327.12191678845073,14.133450776135223,12.634354070463676,23.56632443651629,18.84005421579865,13.322218556710641,25.872007795500508,24.55521553538997,14.335922279323142,28.671766159981342,3
24.0,ticker_ext,RVNL,-30.052592036062826,-30.052592036062826,-30.052592036062826,-0.00029968253626244505,-0.00029968253626244505,-0.00029968253626244505,0.9613627463777574,0.9613627463777574,0.9613627463777574,24.881756756756758,24.881756756756758,24.881756756756758,-71.8880060537274,-71.8880060537274,-71.8880060537274,-102.15664018161209,-102.15664018161209,-102.15664018161209,0.0,0.0,0.0,0.2664509220125726,0.2664509220125726,0.2664509220125726,2.338304855993006,2.338304855993006,2.338304855993006,1
0.0,ticker_ext,SBICARD,80.617084267939,-16.12067050590496,139.92234969790206,0.39463240790683496,-0.5146772204553943,0.6632979353361453,0.1301704966641957,0.06969168659881742,0.19341787426418222,0.14965058803477074,0.07491970731141312,0.24022583633319583,8.553765021726754,-30.04694856554439,27.984497424394586,50.130595115636254,-35.14354485509153,165.1980459048757,,,,12.675821162361174,1.6768592701223284,26.58951962969968,16.803935272126978,4.348997040566161,21.72317563889361,16
1.0,ticker_ext,SBICARD,106.13124941347095,48.235079525903636,155.51064114711784,0.33729869816516495,-0.32222781660430766,0.5952653135318666,0.2716288269880577,0.21604573777590821,0.3250405192408793,0.3737785092550764,0.27562816642430094,0.4815775625011877,-30.387780236128027,-38.39869986027289,-5.7760316080971945,83.64457642074066,16.02920260415208,170.3966871082341,0.0,0.0,0.8938793732127766,16.488012375086633,8.174956584559798,23.742453447203076,17.43761853147733,12.55371847865063,24.519897356248606,16
2.0,ticker_ext,SBICARD,134.76969634977834,68.96489365431694,191.18961447011344,0.45532873164757853,0.24319453190275836,0.6783682901128616,0.46682588415190795,0.3967015582302008,0.5280994920988417,0.875565830716206,0.6575813257263974,1.119829961959014,-18.98251857193172,-33.108797059620784,36.43777096107338,136.6870120591419,77.07879493714367,195.91872266138654,0.0,0.0,38.840244174200066,20.78305933752406,14.472606513238933,26.067256719793843,20.126337474986872,14.94404208138578,29.868683834396254,16
3.0,ticker_ext,SBICARD,119.17432959478153,90.40012609039528,190.5956089095509,0.4320728613549403,0.3051330297969302,0.7241435983173126,0.6680723430807791,0.604629746900391,0.6899565844803087,2.016183910669743,1.5292790805571626,2.2256744629475085,16.948858823884347,-22.348047624817283,39.9633234822478,130.65106239744887,67.23927908718983,213.74716963540223,17.0319398309936,0.0,33.20929942809593,19.841088411904394,12.82763877886601,28.55049135990539,20.34910031127255,16.027901214975586,28.595816480881957,16
4.0,ticker_ext,SBICARD,121.5738916256159,82.33198396376604,197.8733858060712,0.6093087004168557,0.34667537312010366,0.6906865082429016,0.8035329709773357,0.782003355840989,0.837561070880894,4.089912566879812,3.594992059165803,5.160857096034087,12.174466700054392,-15.926611235949075,33.06043152991938,137.33942687746992,62.98903688675347,176.2444648211085,13.66074276739879,0.0,26.12207041262998,20.153177641109288,11.90945972854076,22.589255586848225,20.786629261087064,15.295005744726955,24.816653699933212,16
5.0,ticker_ext,SBICARD,111.73184357541899,75.71345369831101,165.63819421890224,0.4902717751545278,0.22282615308159265,0.7366096931219935,0.8573717948717948,0.8311170212765957,0.878917496092786,6.01123595505618,4.921259842519685,7.258831521739131,22.667401825645076,-5.190311418685645,31.572904707233064,135.35031847133757,61.42365097589004,191.89765458422175,16.60374114174761,3.544325435639486,21.290662982746415,20.066735751765474,12.496880736131862,24.174061788638124,20.783038093523317,16.052384740568705,24.180660820628695,17
6.0,ticker_ext,SBICARD,113.51826684786988,82.23779463716942,134.4485265379508,0.6242154907058761,0.3300936351997328,0.7247834425014801,0.8748426123738384,0.8507762468121354,0.8964010147717014,6.9944362088004475,5.702159338767076,8.667712294234299,22.037572254335462,-20.311778687479155,37.5082248568168,103.30554412095623,70.60888789659194,178.69774186795618,15.197501091216035,0.0,20.182682304340034,15.871465985684871,12.265014770467005,21.466317504316983,19.963708320207388,17.014607742612757,22.438807805059064,17
7.0,ticker_ext,SBICARD,113.46704871060145,67.4249530956848,159.15119363395226,0.534800426039896,0.24135602848765242,0.5956543584836672,0.8936022042703424,0.8699373035448439,0.9237062953742097,8.42051949322301,6.688599681515221,12.231805803287042,-13.69040017289904,-24.120013642835925,24.99587635295486,108.25038454058438,55.484699774857496,186.49563908332846,1.887393914486082,0.0,14.32574619800822,15.421388422884233,10.854375670253102,20.38041361390814,18.671107498370834,14.799758216782891,23.47276637297084,17
8.0,ticker_ext,SBICARD,102.7766736698649,84.03361344537788,163.71077762619402,0.4834349814017888,0.32443621791200405,0.6045715304320673,0.9012145665426361,0.8783306199365052,0.9147311579148347,9.19396514100995,7.227826229013774,10.759456394669161,15.649153478100548,-12.220432894629525,36.76601213165888,112.85919276287066,68.57451403887688,208.7371512481649,11.05409039006911,2.3548008249751726,16.80798866256993,16.231991863041287,11.836797395953898,22.46155961933841,19.02084267925579,15.05053444497308,23.970282587121705,17
9.0,ticker_ext,SBICARD,108.86469673405911,72.59834543305809,163.69157840159923,0.4715341986310054,0.18214137738954944,0.6209383227252321,0.9161340987868284,0.8979014896161792,0.9300942712110225,10.923797223119147,8.794462193823216,13.304979253112034,-4.113102585397282,-14.096218218075704,26.224785028032997,88.33542647513568,47.07345155853112,204.36495426135687,5.177913579991231,2.44267264186512,13.622882750430708,14.14929656457211,10.270189579256481,22.20025309267365,16.01852324184651,15.748232554524305,23.439274900684516,17
10.0,ticker_ext,SBICARD,84.84445183829682,56.68671911152218,111.85334783284208,0.2848245903699797,0.11076004292524402,0.524760484549636,0.9267983652357021,0.9119811402469191,0.9406142429290439,12.663719063035954,10.399758275823892,15.88024458877884,0.948766603415416,-26.473127546533554,10.285267333370578,66.50600377781029,30.003552007313047,130.94003586761517,6.4664579188581,0.7362951923707937,8.933038314060447,11.974776181468709,8.433064911489748,16.693021328486182,15.962316277641248,10.965539071462748,20.91304209751714,17
11.0,ticker_ext,SBICARD,84.03361344537815,42.65885648796523,114.07591949124672,0.27299013212968004,0.09092507607700251,0.39356023753404856,0.9320717605300372,0.9184700037038378,0.9474512051410316,13.722029380247116,11.28333375954174,18.031670102448775,-10.00597526989581,-24.29174091012701,39.42415864547992,57.45652004023172,20.92845386867018,153.69455451914385,3.9869881570066577,0.5014359640516983,15.2373888570162,10.617896101716111,8.028622493348703,18.253885146554193,14.196381118311335,11.630878190836475,20.504902313945575,17
12.0,ticker_ext,SBICARD,76.39820376742367,28.248587570621467,108.06792841214529,0.18987811078048017,0.056662194343781384,0.2369143526993459,0.9363855725068458,0.9215126089710671,0.9479628351341538,14.744382750590013,11.740906428312318,18.2266473450524,-17.11967169233624,-27.53129765088101,26.917152335922868,55.880974574308226,1.636221923600523,134.11628631263767,3.048222258481766,0.18487838587106958,12.108346853211717,10.388461197713578,6.342830118754277,13.967653231871463,13.129020863599926,9.937616118479877,17.581279378891917,17
13.0,ticker_ext,SBICARD,77.88689468337323,31.04884513441809,128.2638570774169,0.14915128391962057,0.07886617190731149,0.30048149585130207,0.9400713412186743,0.9272066863206764,0.9504067728367942,15.7210954748043,12.791287978573937,19.170897503375365,-15.227211438076015,-25.40055374001428,9.491032423988464,56.64580190395009,9.191176470588236,116.96138882256236,3.4585992884939802,1.5573634477884444,7.983442088424501,10.44255247245366,6.9493409827877635,14.38116978872091,14.630291028982235,9.49298815377349,18.91037029582935,17
14.0,ticker_ext,SBICARD,82.05128205128128,44.47231883231759,104.25909494232451,0.18304529911724726,0.11388504114430385,0.29774741927374143,0.9470141660796744,0.9294048635753065,0.9556950392233245,17.872968980797637,13.360468515687657,21.6355426716141,-19.333208374379122,-41.37691721764231,26.86061782761707,70.54262227699661,13.63101175133877,158.0308216334692,2.892992373638032,0.0,11.038752338684903,11.271461886957361,7.25304295826068,16.442154266176523,15.846912599640262,11.938296545135604,19.880936153537082,17
15.0,ticker_ext,SBICARD,80.4753309265931,18.229324907334266,114.80961427273553,0.1637163758637345,0.010221912032195943,0.38006336042812977,0.9523300757313893,0.9345798386346476,0.9602340704396609,19.977587343441,14.593962180468758,24.15014801230465,-7.848704801635936,-17.421924562949886,21.125253838514887,73.32051354783547,-9.710967983727683,178.51039965982227,5.060098187392402,3.2690697242246856,9.842140080719675,11.602591685823938,5.592647219411881,17.180022930134815,14.223850379954033,8.628491284917052,21.302830071860267,17
16.0,ticker_ext,SBICARD,82.51715894192986,34.015635256907835,114.28571428571429,0.13042896312721972,0.06484972700781108,0.25458817907210096,0.9524774585387671,0.9392685255729332,0.9569108484260055,20.048218190078657,15.656231261853094,22.242277330234508,-24.14674422208401,-32.569717494088486,2.0896687487276004,55.71679782396869,-4.088088442770442,151.43345512029904,2.7189857902949575,1.043828983770971,6.681834563110112,9.996573436669701,5.950080725629177,14.377919292617113,14.528733118456715,10.691739744626231,21.233744608547582,17
17.0,ticker_ext,SBICARD,53.79453956501593,21.07266671198361,99.99173622014635,0.1038113591178465,0.016774491774026505,0.17909598386858874,0.9548317322984923,0.935855616670249,0.9611926289389329,21.13943661971831,14.808293901156677,24.771108328256503,-13.135473655299382,-40.17810960818589,4.81223065873224,61.19016587925222,-13.024767425515687,156.7895140162483,4.407385243903056,0.6224387543356981,6.938556866537333,10.477077722047323,5.329159942484413,16.45908930818691,13.281432114034633,8.999870999365605,19.350242542655035,17
18.0,ticker_ext,SBICARD,96.3897901472613,59.495329152705146,104.40704277775924,0.2722621074775989,0.143641349413196,0.47637013750926116,0.9550287866838457,0.9313325128444303,0.9591833633831581,21.23957583124497,13.562998465981806,23.559728804218345,-18.755965499887267,-39.47428357266881,33.18269813139078,72.52453759766223,18.763924450504042,137.23009104553344,3.716936274537436,0.662768507072695,10.848874564903296,11.121480123534958,7.526922123047726,14.433901930321278,16.935106545322128,14.031085815007032,18.705804091197148,12
19.0,ticker_ext,SBICARD,68.89933532797892,30.524040309939892,106.72788651080799,0.2031126751971865,0.07030349180030943,0.3139139732759644,0.9551593725477233,0.9481364463523875,0.9647329334829609,21.306492183115093,18.2895184290185,27.356901831915962,-6.216430261248002,-36.73847179327879,6.452424010908632,71.29236840994518,-18.816312856351843,96.89892542566943,5.409947067977641,1.4701583271489058,7.122613979875569,10.998317273881366,5.007881804190051,12.118325630304637,15.262610603994691,10.235940107712219,17.72622364397618,10
20.0,ticker_ext,SBICARD,45.27772463490791,-3.5123971114264574,110.54348860399085,0.06333775910335898,0.04817166057416464,0.2214450685257358,0.9554494348062624,0.951823624775973,0.9620636404764855,21.44640434192673,19.821708136472452,26.054637869012424,-0.6377551020402363,-30.50674375424155,94.94225118264771,44.64285714285714,-34.033350800044275,204.20776854664393,6.163787707515205,2.3523789259018706,17.420524301998206,8.927233351059332,4.0669981409727285,18.910843656337626,11.121734303285614,5.794093929749999,20.415939005893257,7
21.0,ticker_ext,SBICARD,33.59933560487685,-11.146090857640829,82.13539436792675,0.12304045035340239,0.08643800335133392,0.1612024402646698,0.9560990647710874,0.9498379931676876,0.962804915183098,21.844674620605055,18.97784535126683,25.99916440477668,38.90308536816231,-54.097931346162184,277.9635527246993,69.30199430199433,-62.54914165902213,397.771949133988,11.50015782835007,0.1410769820149281,37.96401115407118,10.755571934817787,2.410755200318549,31.14512278436433,10.645700876422236,4.798009891313746,17.001506251907557,6
22.0,ticker_ext,SBICARD,20.27027027026976,-1.4939867035186785,82.97166198621393,0.21071583305091537,0.18799909358768013,0.2534126259818537,0.9528354508831732,0.9495882924022868,0.961632993126432,20.202365308804204,18.83666191155492,25.064060803474483,-73.74520279930735,-79.45516458569807,201.43884892086368,-59.02383654937622,-75.25020693806907,319.744204636291,0.0,0.0,28.095829078168066,2.7286278972761577,1.532155392166855,25.381161167006272,8.895056224196491,6.055262708246881,17.11106941251746,5
23.0,ticker_ext,SBICARD,7.396449704142012,-20.199643206542092,15.010442046641142,0.19577871151008974,0.13011418710968561,0.22295501531001363,0.9684566590119961,0.9668593329545639,0.9700539850694283,31.030962469733655,29.408943704600482,32.65298123486683,-83.53221957040607,-88.42092760924714,-64.49338251247576,-76.07398568019127,-108.81266885888436,-49.400629203731995,0.0,0.0,0.6906887715178716,1.5615389748833468,0.7807694874416734,3.237540281710413,7.214536802104857,3.624431765268904,8.20856736580426,3
24.0,ticker_ext,SBICARD,-26.27318675073781,-44.59112727636612,-7.9552462251095,0.14299610039775842,0.08285311233273418,0.20313908846278264,0.9596177073998127,0.9574189029324578,0.9618165118671677,24.060524008332365,22.695985528822607,25.42506248784212,-14.980910844814483,-32.07538517975094,2.1135634901219724,-41.41871144805819,-76.90348088367121,-5.933942012445165,4.724436818336065,2.9296440870741662,6.519229549597965,3.996130670462191,1.9980653352310955,5.994196005693286,3.800775814072735,1.9003879070363674,5.701163721109102,2
25.0,ticker_ext,SBICARD,-5.512110854579285,-18.5035808161574,7.479359106998828,0.2087822951991484,0.15912534672774653,0.25843924367055027,0.9596050660778421,0.9588696080314517,0.9603405241242325,23.78844739871073,23.33713181710737,24.239762980314087,-70.58918284169599,-73.50702665400847,-67.67133902938352,-76.15536606846713,-92.15799391506273,-60.15273822187154,0.0,0.0,0.0,1.9061561800248066,1.0103708698701404,2.801941490179473,5.536050398610729,3.8434486668420167,7.228652130379441,2
0.0,ticker_ext,VOLTAS,61.032446360438485,32.41035060565484,119.0169439452632,0.12329386265739747,-0.1619788524963178,0.5874927459844106,0.10324850924714263,0.07057786081482546,0.15482517156868525,0.11513671888310523,0.07594044339855587,0.18328796749217835,19.16517640938266,-30.27789122466353,30.61020763011944,84.79166639700499,25.830583120874234,148.4105678067826,,,,16.33737827770184,9.621597991993719,22.527900668972848,14.230520495359315,9.771020674384797,19.773385032859863,12
1.0,ticker_ext,VOLTAS,72.46821929806974,65.127638196988,168.7658347322877,0.5530670669284221,0.28906694840471847,0.6707375130784984,0.23204787757796347,0.21799734642849072,0.26323805072791806,0.3022018896997813,0.27876887481224233,0.3572907097139724,-8.126053967571687,-24.36800001804256,0.0,72.31842161772546,32.70935367343123,150.4713972170268,0.0,0.0,6.25,14.629205483197705,10.233651240620619,22.17692606401061,15.377268753114596,13.537759888715964,24.96777380221107,12
2.0,ticker_ext,VOLTAS,80.5192753281992,42.24134346499914,127.87321576387137,0.33133678520900567,0.21147860805395366,0.6019254582478125,0.4458474052767052,0.39474278301763016,0.4679073648978386,0.8051304280020972,0.6523190053284051,0.8793812451352245,0.3393167261483894,-16.889198271623556,9.2828163599021,68.25336641946573,51.187649417290615,147.46376378980636,6.210244697432764,0.0,14.72510254069646,13.64567882119906,11.461318453075979,21.176581906503163,15.567869838246013,11.59674067339219,20.641671113547353,12
3.0,ticker_ext,VOLTAS,104.66714062599299,80.79897547726404,170.53310982296236,0.5515455198778676,0.24242692324413684,0.7220711499104369,0.6523630623093881,0.6086971887757165,0.6759730324772655,1.8792580962318883,1.5565163203375025,2.0865526150687734,-9.30216365962282,-17.353715678323695,0.9674922600619196,99.80670446343046,69.1121944520737,182.5718215598106,1.7775398480165177,0.0,6.8386717059498885,17.0891981913313,12.94285429360721,24.13179284549036,18.87141132070669,15.678318475242406,26.28023238847479,12
4.0,ticker_ext,VOLTAS,107.88093807869456,41.81555471335449,147.21585422776343,0.5626672928923997,0.3078890473051866,0.651263435304688,0.8258895968873294,0.7590518354465775,0.8361988488500873,4.743841181459299,3.1532367791337776,5.1052136934795715,5.155583431623603,-10.525711444839475,48.001498412899366,140.99800049401202,57.8982535244764,209.62106429860927,9.005468937140574,1.5995134184991675,33.694659031685866,20.27604959734918,11.812727098312466,25.11084692156343,19.69518417663091,10.9281993299671,24.763156874990177,12
5.0,ticker_ext,VOLTAS,87.52505666036711,40.0192707254948,158.1023090239681,0.4484596784768552,0.26435550554242987,0.6623279293738098,0.8485483801592939,0.7981767068960769,0.8732267164189265,5.624345291961536,3.954993289037659,6.890401519140893,3.6101083032490973,-4.418281828068107,17.11635483698451,114.71791839080078,57.94041839856365,159.51251229841773,7.897706824973522,4.054344962659354,15.183525782779522,17.276697639221865,12.01520157137005,22.48379341803617,17.714516131679638,10.660473717773712,24.33462849803123,12
6.0,ticker_ext,VOLTAS,90.74569395185875,17.940397379241595,165.11564487873838,0.446964800994506,0.2771207192722319,0.548810970207401,0.8629510577876965,0.8255641505388883,0.8913524463795696,6.311695904524997,4.733274832393622,8.212854596277364,15.70034481919167,-15.624608052175649,47.5880573494557,129.67108351725273,29.113735872996052,187.77987041168024,13.266113746049825,0.0,27.263186387116377,18.22732741757466,8.978750759262628,24.09870455911909,18.136947187209444,8.518962433932662,25.05932122451293,12
7.0,ticker_ext,VOLTAS,73.34473475853672,28.891625850890474,152.50180206104466,0.26589591215839414,0.2256529020333628,0.6455602496630961,0.8857766329688377,0.8555623896249538,0.902079362288242,7.809085993588073,5.934351348639558,9.263492701465607,-8.64202779180092,-13.306756834895083,51.67867360091603,120.73655480509049,50.0475746321457,159.20607142626966,3.3838153982293218,1.7268806327589223,25.37993679973652,16.899360426329196,10.800431112578119,21.0744803813569,15.846493741545569,9.50940687665849,23.64343802890099,12
8.0,ticker_ext,VOLTAS,99.19917935808425,37.35480469756428,140.58971540428138,0.23591653514635996,0.21701310687693395,0.627639730198377,0.9043392150593397,0.8763339318326218,0.9306173929681429,9.45697031476848,7.0865251729051115,13.463540733227177,46.434583536264874,-7.340181370353212,65.00976761466524,117.82388035199908,48.25698752772891,185.92744832137646,19.90189616080727,4.090297881983567,24.72868935256702,16.942333658514038,10.298222174096479,21.62131628792499,18.603576728650907,10.554018679217581,23.18525943181402,12
9.0,ticker_ext,VOLTAS,83.10159150794868,27.376976671814997,130.57195332147748,0.2891921477301608,0.18653281521733203,0.4932091083240341,0.9193293859281026,0.8856735706431664,0.9389784418835667,11.396180891109328,7.749427974947114,15.407153851487827,48.62594372609661,4.14645601962029,103.78446700428555,134.71975863485002,18.353739569399117,188.76472432400675,19.936096133869412,7.285360195021864,32.932949282432006,17.500056346130222,7.782383520035987,22.999231750187164,17.128171799427726,9.519457720654032,22.26790056233815,12
10.0,ticker_ext,VOLTAS,72.83299608552345,23.077381514628716,127.472517676304,0.2109883759778981,0.11816178885965661,0.36777512342907137,0.9327995833569125,0.90664555832661,0.9479069206164311,13.96734493692113,9.769682363087567,18.196412359127322,18.104291905494016,0.7378106765443744,54.66714818209637,98.14954026162674,29.508505046118696,151.0403940284859,10.549423844829494,6.491679897340429,20.29004080051212,14.708544534442659,8.457609813377744,18.504225883988873,15.635766795520551,8.856131964147961,22.45719597187536,12
11.0,ticker_ext,VOLTAS,69.42336246499329,34.13710017817125,116.95529681667007,0.23107674248682047,0.06480261538280364,0.6365824025225876,0.9419003838392205,0.9216868801144528,0.955212785998143,16.411478345149646,11.769942193264784,21.34678131302998,10.96358298213943,-4.038547242727588,67.10967497717364,75.55866239287094,18.984603290197185,164.68090169092193,8.72313844624513,5.47586610005488,20.680841974501643,12.207040246995959,7.659543467281006,18.692306894129562,15.166193664505368,10.16677170864768,20.83546177803624,12
12.0,ticker_ext,VOLTAS,66.40715606232799,34.309851195979995,78.0509226553182,0.164336434565992,0.04465210889091794,0.30537651918904046,0.9536011850779942,0.9366178016922907,0.9627747555338015,20.561857867230202,14.954337009310466,25.868710028967676,33.14196084360203,-7.69923926880962,62.00339317713262,95.99920382438734,51.33142553945251,115.05433735916972,12.981715044799515,4.819324625489052,17.923993221977998,12.948638856585555,10.24519084565479,15.096557150140093,13.71702744017402,10.594347130415153,16.464437106820775,12
13.0,ticker_ext,VOLTAS,72.09519690825167,39.45879746300822,96.59617345181383,0.2353922045235033,0.10904912522518372,0.3111554664138969,0.9590015900569583,0.9457370766483806,0.9668272972621359,23.393803289340816,17.77269192241144,29.148775526329814,14.641927415649725,6.093161049176639,30.202933702143717,93.09064860640775,32.370556745515984,127.93100548371868,8.99468994807629,7.420977120314701,12.090337857880385,13.111810676539054,8.665317666994785,15.24564179598256,15.515372331496414,11.279774584083711,18.09160932077576,12
14.0,ticker_ext,VOLTAS,61.806433487849105,30.825276726916705,107.50360750360815,0.20332520118722228,0.12732454334264356,0.3855232388520196,0.9666404233155703,0.9532608819238776,0.9704811669889866,28.977756435984176,21.063956670612644,32.88049707602339,30.656934306569674,8.203445447087777,52.96167247386696,75.74694908121724,55.124392543701575,125.76356449874237,11.853484188706737,7.67642210557936,15.479705736739819,11.389422113443251,9.918375304482835,15.873915597984457,13.534190645380361,10.135725114471947,17.52178753240674,13
15.0,ticker_ext,VOLTAS,65.63329143974369,35.130387785434706,110.98354381936471,0.23444716055237147,0.026859217139326687,0.3932524042401182,0.9691732592857422,0.9614715128872307,0.9749212053092778,31.456968430620524,25.480569758948135,39.185803970838904,0.0,-10.248901903368163,43.06563521812019,76.19047619047686,33.11034529360153,122.75317843051262,6.25,4.4695554649056985,13.410409859011253,11.235001082078123,8.534024092201802,14.446759774604356,14.833968971310247,10.679368124647365,20.798379377192227,13
16.0,ticker_ext,VOLTAS,53.83580080753701,52.552552552552555,82.93224731580929,0.2059085550743573,0.09084059015834205,0.40745061040484654,0.9716653103499298,0.9679463902551745,0.9797560824614623,34.29242819843342,30.19773429454171,48.39755351681957,0.0,-15.748031496062993,55.22827687776142,58.624099449074414,37.00787401574839,133.29361828877867,6.25,3.639313530399334,14.335676933517883,10.460170027428578,8.956586147915898,14.842865326113325,13.177765261338553,11.90654743589511,17.10588845161337,13
17.0,ticker_ext,VOLTAS,63.207408496250984,49.719887955181434,100.87524106215795,0.1751379852257771,0.07277967486399382,0.2611503040321012,0.9745992162451015,0.9700572272475539,0.9803830707445166,38.36886395511922,32.39704069050555,49.976377952755904,13.231197771588377,-9.783938035059482,63.79707916986898,73.35475757999161,69.7759823723834,156.80245964642654,8.10868651402335,4.698090638211514,15.59421202500078,11.320409662397463,10.864893202655496,15.974326145480234,14.515687419423518,12.747508725919726,17.8755868227109,13
18.0,ticker_ext,VOLTAS,54.755043227665055,25.680933852139724,94.03686842301767,0.12970945563088457,0.06943832841744561,0.30751446963260104,0.9739797884005571,0.9673689709211214,0.9764833574529667,37.43166287015946,29.645677694770544,41.52307692307692,-3.763643206624012,-20.0,67.88866259334691,47.240551889621734,16.357688113412596,133.6573511543122,5.700611470469299,3.645460814729764,15.458835690795143,9.392483297483745,7.356563836654242,15.345164977996292,13.407323902353674,9.601999130867059,17.357671211815795,9
19.0,ticker_ext,VOLTAS,61.37446499232746,10.477872345387247,67.87527645391415,0.18286629332597906,0.06550111878033167,0.5038626319528562,0.9764718877720093,0.9662029458627976,0.9793076015167692,41.502347417840376,28.592399212969603,47.78946768630979,-22.964664049188155,-28.650502915014243,16.359109410922237,37.23791791467586,-4.1467089591148465,84.35864852579549,3.0298105848369254,2.382542275130926,8.493144005175722,8.725856296425606,6.014581963791768,11.665807154632452,14.13397236279969,7.628875520357054,14.213213395490286,7
20.0,ticker_ext,VOLTAS,40.00024861603743,10.161972670563616,68.60560033777983,0.10636893151436333,0.05644205988348401,0.18593019939677977,0.9736977997278962,0.9675542757327966,0.9812702648565745,37.97534544283759,29.86250647109577,52.93544035033396,-6.161690499714357,-23.288808312261278,20.507095058053785,26.45493969911576,9.602238425852864,85.06047570511276,5.434738455138902,3.3941737098329767,9.01186160430389,7.835076643588128,6.844419433170147,11.693061434028829,11.362225110436622,7.513467345140336,15.1681693412331,6
21.0,ticker_ext,VOLTAS,50.890585241730605,47.27746984023439,61.40178979685212,0.17617102817562902,0.07921881812577654,0.32144928793957706,0.9715330894579315,0.9688911189162067,0.9833486154410416,34.12850467289719,31.14516129032258,59.05506607929515,-9.791122715405072,-25.54027504911651,1.4134275618377772,37.532637075717275,36.01833660772757,52.29681978798651,5.018271939220872,3.4286921073269165,6.42790949067094,8.65792733263517,8.374262252881318,9.607618754239345,12.900889062935217,12.427570418671408,14.001980004719178,5
22.0,ticker_ext,VOLTAS,73.35578123027409,48.314168841898976,85.920463979369,0.4676313482516402,0.17116333005479492,0.7315541838220068,0.9717853687952407,0.9690841171343912,0.9771693630268233,34.67453828183541,31.363796353918804,46.42685226264419,69.5746478756608,9.991621691546598,108.37161477890658,143.157808819757,58.10138806158733,194.1008559522768,14.034471085012155,7.356457906657258,18.397115291606926,15.02654569854448,9.772683518922408,18.11743849979159,15.847696882484788,12.575266413841172,17.501667506070984,4
23.0,ticker_ext,VOLTAS,50.62089693901656,10.55672220787605,67.25129741014078,0.37474182634813646,0.21236097338414378,0.40408542638714096,0.9699940582293524,0.9697697789574382,0.9742419955576291,32.32673267326733,32.08130111924236,38.90829613382555,-4.74796233283144,-27.84926633751855,0.8779338502046867,45.89696921737718,-17.355697900816757,68.11397095064552,5.740413244340678,3.003312718231507,6.344422838119968,8.958218710854924,5.120710755700202,10.2751272719592,12.865553920193607,7.637355304318021,15.048125513049676,3
24.0,ticker_ext,VOLTAS,-32.605398847436724,-32.605398847436724,-32.605398847436724,0.035394910764525715,0.035394910764525715,0.035394910764525715,0.9716925374062898,0.9716925374062898,0.9716925374062898,34.32637362637362,34.32637362637362,34.32637362637362,-62.56676331451279,-62.56676331451279,-62.56676331451279,-95.3761635891958,-95.3761635891958,-95.3761635891958,0.0,0.0,0.0,0.6617202230909329,0.6617202230909329,0.6617202230909329,2.006567551649748,2.006567551649748,2.006567551649748,1
