date,ticker,cid,sessions_left,F1_dte,spread_bps,oi_share_f1,oi_ratio,spot_f1_bps,spot_f2_bps,b1_pct,b2_pct,b12_pct,spread_norm,tier,htb,ticker_ext
2024-07-03 15:15:00+05:30,SBICARD,1,70.0,120,,,,-88490.18374903935,,0.0,,,,EXT,HTB,SBICARD
2024-07-16 15:15:00+05:30,SBICARD,1,69.0,107,,,,-78070.04369197162,,0.0,,,,EXT,HTB,SBICARD
2024-07-24 15:15:00+05:30,SBICARD,1,68.0,99,,,,-60465.100671140935,,0.0,,,,EXT,HTB,SBICARD
2024-07-26 15:15:00+05:30,SBICARD,1,67.0,97,,,,335.7846538087976,,19.102202659118834,,,,EXT,HTB,SBICARD
2024-07-29 15:15:00+05:30,SBICARD,1,66.0,94,,,,215.64482029598244,,14.715046285032091,,,,EXT,HTB,SBICARD
2024-07-30 15:15:00+05:30,SBICARD,1,65.0,93,,,,215.77742315964693,,14.81138733172324,,,,EXT,HTB,SBICARD
2024-07-31 15:15:00+05:30,SBICARD,1,64.0,92,,,,191.36779789357715,,13.915895867542988,,,,EXT,HTB,SBICARD
2024-08-01 15:15:00+05:30,SBICARD,1,63.0,91,,,,247.8822385779756,,16.31783321288006,,,,EXT,HTB,SBICARD
2024-08-02 15:15:00+05:30,SBICARD,1,62.0,90,,,,232.89970625262245,,15.807106445383107,,,,EXT,HTB,SBICARD
2024-08-05 15:15:00+05:30,SBICARD,1,61.0,87,,,,275.9601706970125,,17.990388859504154,,,,EXT,HTB,SBICARD
2024-08-06 15:15:00+05:30,SBICARD,1,60.0,86,,,,223.0164403145107,,15.822373709932819,,,,EXT,HTB,SBICARD
2024-08-07 15:15:00+05:30,SBICARD,1,59.0,85,,,,377.3716517857137,,22.768460853663182,,,,EXT,HTB,SBICARD
2024-08-08 15:15:00+05:30,SBICARD,1,58.0,84,,,,434.3279419966549,,25.54469533664847,,,,EXT,HTB,SBICARD
2024-08-09 15:15:00+05:30,SBICARD,1,57.0,83,,,,320.3952011291467,,20.57032165325187,,,,EXT,HTB,SBICARD
2024-08-12 15:15:00+05:30,SBICARD,1,56.0,80,,,,265.01892992356693,,18.504600654122967,,,,EXT,HTB,SBICARD
2024-08-13 15:15:00+05:30,SBICARD,1,55.0,79,,,,247.90401850245703,,17.84815620074593,,,,EXT,HTB,SBICARD
2024-08-14 15:15:00+05:30,SBICARD,1,54.0,78,,,,272.4637681159414,,19.176822423054656,,,,EXT,HTB,SBICARD
2024-08-16 15:15:00+05:30,SBICARD,1,53.0,76,,,,256.46536284834286,,18.727785341054997,,,,EXT,HTB,SBICARD
2024-08-19 15:15:00+05:30,SBICARD,1,52.0,73,,,,224.75918658580093,,17.6161758913362,,,,EXT,HTB,SBICARD
2024-08-20 15:15:00+05:30,SBICARD,1,51.0,72,,,,220.0282087447112,,17.52875006616617,,,,EXT,HTB,SBICARD
2024-08-21 15:15:00+05:30,SBICARD,1,50.0,71,,,,227.01635645798115,,18.055069191241607,,,,EXT,HTB,SBICARD
2024-08-22 15:15:00+05:30,SBICARD,1,49.0,70,,,,264.5206438068576,,20.228569192535524,,,,EXT,HTB,SBICARD
2024-08-23 15:15:00+05:30,SBICARD,1,48.0,69,,,,244.1065699539685,,19.323102498240765,,,,EXT,HTB,SBICARD
2024-08-26 15:15:00+05:30,SBICARD,1,47.0,66,,,,250.5030879189502,,20.280051436229485,,,,EXT,HTB,SBICARD
2024-08-27 15:15:00+05:30,SBICARD,1,46.0,65,,,,219.81004070556372,,18.730858233463234,,,,EXT,HTB,SBICARD
2024-08-28 15:15:00+05:30,SBICARD,1,45.0,64,,,,158.9041095890414,,15.385275408395522,,,,EXT,HTB,SBICARD
2024-08-29 15:15:00+05:30,SBICARD,1,44.0,63,,,,40.9182328871634,,8.625522955742271,,,,EXT,HTB,SBICARD
2024-08-30 15:15:00+05:30,SBICARD,1,43.0,62,10.359116022099448,0.9624145785876993,25.606060606060606,6.211608806681557,16.564290151149773,6.615797042855559,6.9223309775863395,7.6010846902044324,0.22505995943688314,EXT,HTB,SBICARD
2024-09-02 15:15:00+05:30,SBICARD,1,42.0,59,-9.3833780160864,,,-23.5136042996305,-32.91904601948331,4.79705235190783,4.871181812406684,5.027383175600965,0.17053574161204346,EXT,HTB,SBICARD
2024-09-03 15:15:00+05:30,SBICARD,1,41.0,58,-11.108207004703463,0.9039017341040463,9.406015037593985,10.443864229764419,-0.6527415143597197,6.907586627051899,6.2222973398517345,4.802769530651309,0.16577216152413496,EXT,HTB,SBICARD
2024-09-04 15:15:00+05:30,SBICARD,1,40.0,57,-1.3058239749284766,,,48.08317089018903,46.783625730994444,9.336436308850919,8.26365792074813,6.07978763068173,0.19284408397143057,EXT,HTB,SBICARD
2024-09-05 15:15:00+05:30,SBICARD,1,39.0,56,-23.43749999999941,0.8931972789115646,8.363057324840764,-13.690592607079397,-37.16017993350165,5.358277003487073,4.6382944175385505,3.1983292456417596,0.13172149621297755,EXT,HTB,SBICARD
2024-09-06 15:15:00+05:30,SBICARD,1,38.0,55,-1.2470382840756047,0.899607843137255,8.9609375,-28.764382191094978,-30.01500750375159,4.343831176073873,4.932039864218832,6.0874497873606925,0.19300643649927463,EXT,HTB,SBICARD
2024-09-09 15:15:00+05:30,SBICARD,1,37.0,52,-14.972861688189305,,,-13.118440779611047,-28.110944527736134,5.329789822608049,4.96923748589568,4.299640289144208,0.1550988761037316,EXT,HTB,SBICARD
2024-09-10 15:15:00+05:30,SBICARD,1,36.0,51,-10.651629072681988,0.8815184049079755,7.440129449838188,-36.47339957238055,-47.16387875738901,3.6443977294795857,4.076032016908761,4.862223040440279,0.16703312452969052,EXT,HTB,SBICARD
2024-09-11 15:15:00+05:30,SBICARD,1,35.0,50,-19.424775988469886,,,0.0,-19.424775988469886,6.25,5.34190179292701,3.720297851725243,0.14280371498697925,EXT,HTB,SBICARD
2024-09-12 15:15:00+05:30,SBICARD,1,34.0,49,-11.818860413038635,,,-22.44389027431365,-34.289276807980045,4.580032521971571,4.62737955321157,4.710236857881721,0.1638095006182187,EXT,HTB,SBICARD
2024-09-13 15:15:00+05:30,SBICARD,1,33.0,48,-18.529956763434217,0.8642728904847397,6.367724867724868,-54.65159607502146,-73.28282200968796,2.10551639314483,2.743329348079716,3.836722985111067,0.1452749994278068,EXT,HTB,SBICARD
2024-09-16 15:15:00+05:30,SBICARD,1,32.0,45,-36.68697923143802,0.8744010951403148,6.961852861035422,-50.621836135242404,-87.49453159177553,2.15436433041059,1.8943007477974714,1.4763414185979615,0.09512948862349306,EXT,HTB,SBICARD
2024-09-17 15:15:00+05:30,SBICARD,1,31.0,44,-26.35376796134809,,,-38.422776518015475,-64.87780297304221,3.068763729119686,2.9716788731973387,2.8191169567479566,0.12366743631291499,EXT,HTB,SBICARD
2024-09-18 15:15:00+05:30,SBICARD,1,30.0,43,-26.141290487120052,0.8831207356867399,7.555837563451776,-53.84615384615442,-80.12820512820512,1.6915997355190455,2.1471489565919955,2.846742403239508,0.12425425011998888,EXT,HTB,SBICARD
2024-09-19 15:15:00+05:30,SBICARD,1,29.0,42,-36.89113987369531,0.8911174785100286,8.18421052631579,-58.49056603773556,-95.59748427672986,1.1816992663571835,1.2889496283616346,1.449825171368166,0.09456564398926577,EXT,HTB,SBICARD
2024-09-20 15:15:00+05:30,SBICARD,1,28.0,41,-25.3324889170361,0.9012931034482758,9.131004366812228,-19.03553299492386,-44.41624365482234,4.556984144381801,3.9056476028064413,2.9519048097854896,0.12648797362518702,EXT,HTB,SBICARD
2024-09-23 15:15:00+05:30,SBICARD,1,27.0,38,-25.703717635258833,0.9421932234432234,16.2990099009901,-20.731247644176122,-46.488252293002205,4.260770356766979,3.6850162465589293,2.9036356684192857,0.12546272547487416,EXT,HTB,SBICARD
2024-09-24 15:15:00+05:30,SBICARD,1,26.0,37,-43.92106938255946,0.9589508913325593,23.361064891846922,-62.12771408441712,-106.32165503106474,0.14014493655812657,0.31114593020872133,0.5371115289613676,0.07515059910723632,EXT,HTB,SBICARD
2024-09-25 15:15:00+05:30,SBICARD,1,25.0,36,-31.495050777735514,0.961075982170623,24.691078561917443,-76.42487046632095,-108.16062176165833,0.0,0.11458555971547435,2.150846935073305,0.10946839825634469,EXT,HTB,SBICARD
2024-09-26 15:15:00+05:30,SBICARD,1,24.0,35,-62.90906780199443,0.9640153163345226,26.789600967351873,-49.169859514687396,-112.38825031928423,1.1348513558122664,0.0,0.0,0.022710124267709943,EXT,HTB,SBICARD
2024-09-27 15:15:00+05:30,SBICARD,1,23.0,34,-47.79573611722619,0.9652620068971318,27.786924939467312,-93.3096356480882,-141.55135203757746,0.0,0.0,0.03432672843295126,0.06444966270928149,EXT,HTB,SBICARD
2024-09-30 15:15:00+05:30,SBICARD,1,22.0,31,-49.96796925048017,0.961632993126432,25.064060803474483,-107.48510748510688,-157.99015799015712,0.0,0.0,0.0,0.05845045550198594,EXT,HTB,SBICARD
2024-10-01 15:15:00+05:30,SBICARD,1,21.0,30,-50.12209227605677,0.9584608291067611,23.073662966700304,-94.05202049685411,-144.6455211779202,0.0,0.0,0.0,0.05802480323119846,EXT,HTB,SBICARD
2024-10-03 15:15:00+05:30,SBICARD,1,20.0,28,-57.025396193887254,0.9545080279950597,20.981900452488688,-50.64978340553089,-107.96401199600163,0.0,0.0,0.0,0.038959469043996345,EXT,HTB,SBICARD
2024-10-04 15:15:00+05:30,SBICARD,1,19.0,27,-54.816498429038155,0.9499617379474534,18.984706881903143,-47.01457451810061,-102.08879038216011,0.0,0.0,0.0,0.04505993551244163,EXT,HTB,SBICARD
2024-10-07 15:15:00+05:30,SBICARD,1,18.0,24,-78.87936896504921,0.94698060472601,17.861022364217252,-69.15439917836295,-148.5792536802468,0.0,0.0,0.0,-0.021396166338656878,EXT,HTB,SBICARD
2024-10-08 15:15:00+05:30,SBICARD,1,17.0,23,-65.05828137706789,0.9433962264150944,16.666666666666668,-71.6674629718108,-137.19200054603877,0.0,0.0,0.0,0.016774491774026505,EXT,HTB,SBICARD
2024-10-09 15:15:00+05:30,SBICARD,1,16.0,22,-76.7883605011457,0.9432548635647695,16.622655663915978,-30.403351124923994,-107.42517397473206,1.2134601649510226,0.0,0.0,-0.015621282945558751,EXT,HTB,SBICARD
2024-10-10 15:15:00+05:30,SBICARD,1,15.0,21,-67.43088334457181,,,-44.70333243023509,-112.43565429422858,0.0,0.0,0.0,0.010221912032195943,EXT,HTB,SBICARD
2024-10-11 15:15:00+05:30,SBICARD,1,14.0,20,-58.352558013299884,0.9381738832791374,15.17439446366782,-40.87750374710451,-99.46859245128857,0.0,0.0,0.0,0.0352941540138638,EXT,HTB,SBICARD
2024-10-14 15:15:00+05:30,SBICARD,1,13.0,17,-67.5219446320054,0.9357883205527935,14.573490813648293,-33.87533875338754,-101.6260162601626,0.0,0.0,0.0,0.009970421746225184,EXT,HTB,SBICARD
2024-10-15 15:15:00+05:30,SBICARD,1,12.0,16,-65.36828627265865,0.9333196805242678,13.996928746928747,-26.351351351351965,-91.89189189189128,0.24650451449475946,0.0,0.0,0.015918329709534336,EXT,HTB,SBICARD
2024-10-16 15:15:00+05:30,SBICARD,1,11.0,15,-59.96900478404482,0.932509544726795,13.8169099756691,-8.09225166902568,-68.10978488097585,4.281681726177132,0.48818761923027154,0.0,0.030829900629266882,EXT,HTB,SBICARD
2024-10-17 15:15:00+05:30,SBICARD,1,10.0,14,-62.75303643724666,0.9298766838956494,13.260591990713872,0.0,-62.75303643724666,6.25,0.8135023615783568,0.0,0.023141046931409857,EXT,HTB,SBICARD
2024-10-18 15:15:00+05:30,SBICARD,1,9.0,13,-57.35492577597841,0.9237647258242224,12.117287381878821,6.069188751770793,-51.25092723716979,7.9545587740135915,1.6990694877011978,0.0,0.038049384295893385,EXT,HTB,SBICARD
2024-10-21 15:15:00+05:30,SBICARD,1,8.0,10,-58.65921787709561,0.9094596855135497,10.044803695150115,-18.18945011893038,-76.95536588778508,0.0,0.0,0.0,0.0344472301561489,EXT,HTB,SBICARD
2024-10-22 15:15:00+05:30,SBICARD,1,7.0,9,-58.95723824406844,0.8987372708757637,8.875301689460981,-4.974770805202512,-63.96133892402815,4.232955737391976,0.0,0.0,0.033624166597226904,EXT,HTB,SBICARD
2024-10-23 15:15:00+05:30,SBICARD,1,6.0,8,-60.04521051144391,0.8940898730055357,8.441967717140662,-6.361772814023211,-66.44518272425152,3.348364033210702,0.0,0.0,0.030619437975856843,EXT,HTB,SBICARD
2024-10-24 15:15:00+05:30,SBICARD,1,5.0,7,-44.20742404041949,0.878917496092786,7.258831521739131,-7.724719101122957,-51.966292134832095,2.2236656693634282,0.8446906674562535,0.49994691697962323,0.07435975354790027,EXT,HTB,SBICARD
2024-10-25 15:15:00+05:30,SBICARD,1,4.0,6,-43.604651162790695,0.8196903502720932,4.5460148777895855,43.41534008683068,0.0,32.71849715881807,6.25,0.5781791802534346,0.07602447329481618,EXT,HTB,SBICARD
2024-10-28 15:15:00+05:30,SBICARD,1,3.0,3,-32.41124594859391,0.553446042675029,1.2393710403785971,84.45440956651686,52.3168908819133,109.43922014451522,12.426061732153856,2.0317947594008015,0.10693807838037933,EXT,HTB,SBICARD
2024-10-29 15:15:00+05:30,SBICARD,1,2.0,2,-14.662756598240469,0.3981080906566798,0.6614278817786837,144.50867052023122,130.0578034682081,271.9024343792866,22.177500190370004,4.3400048911617635,0.15595531488194564,EXT,HTB,SBICARD
2024-10-30 15:15:00+05:30,SBICARD,1,1.0,1,180.97889800703433,0.1649841949627817,0.19758212235926242,-0.7327617791449332,180.25939766981855,3.575517492851106,29.144796446649007,30.057984980713236,0.6962724688685487,EXT,HTB,SBICARD
2024-10-31 15:15:00+05:30,SBICARD,1,0.0,0,209.31753761174636,0.07210689045936396,0.07771034154468642,14.514841425357426,223.52855795050567,,35.71914486713348,33.82565709348484,0.7745372593088213,EXT,HTB,SBICARD
2024-11-01 15:30:00+05:30,SBICARD,2,17.0,27,2.2217285047763795,,,,,,,6.378733492222802,-0.31652232044033995,EXT,HTB,SBICARD
2024-11-04 15:15:00+05:30,SBICARD,2,16.0,24,93.26577072776709,0.9943098165612192,174.74125874125875,95.28658713994697,187.6636601687515,20.810985826997594,14.198059080795266,11.678848891765767,0.0946295193397772,EXT,HTB,SBICARD
2024-11-05 15:15:00+05:30,SBICARD,2,15.0,23,89.76791709239492,0.990370955011839,102.85245901639344,170.02654422842417,258.2681684482387,33.464493895523276,17.355415739940085,11.474323714885887,0.07883332968969077,EXT,HTB,SBICARD
2024-11-06 15:15:00+05:30,SBICARD,2,14.0,22,97.7011494252867,0.9882376159463193,84.01677852348993,60.69260978222063,157.800785433773,16.35013699598341,13.080184661825628,11.938296545135604,0.11465954071273227,EXT,HTB,SBICARD
2024-11-07 15:15:00+05:30,SBICARD,2,13.0,21,138.84892086330902,,,77.09880068532235,214.87721302113013,19.702431043429467,15.68870174169269,14.350791974447144,0.30048149585130207,EXT,HTB,SBICARD
2024-11-08 15:15:00+05:30,SBICARD,2,12.0,20,96.8783638320775,0.984942638623327,65.41269841269842,18.623307785974568,115.32125205930744,9.651922407493686,11.35082479858242,11.890158890991573,0.11094386858161161,EXT,HTB,SBICARD
2024-11-11 15:15:00+05:30,SBICARD,2,11.0,17,92.44547161635097,,,5.774505557962912,98.16659448534817,7.490178416303574,10.750979488748222,11.630878190836475,0.09092507607700251,EXT,HTB,SBICARD
2024-11-12 15:15:00+05:30,SBICARD,2,10.0,16,81.06116433308769,0.9840094525403702,61.53694581280788,-22.156573116691288,59.08419497784343,1.2011229852072363,8.987935813486978,10.965539071462748,0.03951392637572192,EXT,HTB,SBICARD
2024-11-13 15:15:00+05:30,SBICARD,2,9.0,15,163.69157840159923,0.9815054269033345,53.06991525423729,173.94468704512437,334.78893740902475,48.94898971312938,22.18465654135791,15.812196262364669,0.4126701037217479,EXT,HTB,SBICARD
2024-11-14 15:15:00+05:30,SBICARD,2,8.0,14,206.18556701030928,,,29.36857562408223,234.94860499265783,13.918072754628113,17.520093383357455,18.32054241196403,0.6045715304320673,EXT,HTB,SBICARD
2024-11-18 15:15:00+05:30,SBICARD,2,7.0,10,190.73569482288895,0.9754242246928028,39.69047619047619,-14.75035032082012,176.2666863338011,0.8700889368277829,15.141934183964572,17.407306445414832,0.534800426039896,EXT,HTB,SBICARD
2024-11-19 15:15:00+05:30,SBICARD,2,6.0,9,196.07843137254835,,,25.000000000000668,220.58823529411765,16.40158366236983,17.557779850998433,17.722950735088205,0.5589280450275581,EXT,HTB,SBICARD
2024-11-21 15:15:00+05:30,SBICARD,2,5.0,7,247.72422026563234,0.9678380212653646,30.0926143024619,92.40777703851556,337.8428328528133,54.65806532812023,24.17054081698296,20.783038093523317,0.7921586947418882,EXT,HTB,SBICARD
2024-11-22 15:15:00+05:30,SBICARD,2,4.0,6,238.34044431366843,,,13.95724674942969,251.96503342393268,14.746589269160978,19.749376982565607,20.225832955270775,0.7497818774067708,EXT,HTB,SBICARD
2024-11-25 15:15:00+05:30,SBICARD,2,3.0,3,222.89329882082254,0.9509664202369288,19.394187102633968,-12.958963282937038,210.22318214542867,0.0,17.99992164640057,19.309752746177246,0.680023086675806,EXT,HTB,SBICARD
2024-11-26 15:15:00+05:30,SBICARD,2,2.0,2,238.9469165832012,0.9235085646780863,12.073359073359073,-7.875707023698067,231.25939715042568,0.0,19.38861848467812,20.261828860264025,0.752520685826363,EXT,HTB,SBICARD
2024-11-27 15:15:00+05:30,SBICARD,2,1.0,1,218.590831918505,0.8586723768736617,6.075757575757576,-11.331444759206153,207.5070821529742,0.0,18.208899727178927,19.05485619521222,0.6605932905102508,EXT,HTB,SBICARD
2024-11-28 15:15:00+05:30,SBICARD,2,0.0,0,222.737492973581,,,-9.846673231116128,213.11014207342774,,18.73031900515017,19.300520183766984,0.6793194726975849,EXT,HTB,SBICARD
2024-11-29 15:15:00+05:30,SBICARD,3,43.0,62,47.99999999999934,0.9087232813402657,9.955696202531646,178.57142857142856,225.71428571428507,16.857668562060653,15.50885868051511,12.522208228521498,0.4301459547530351,EXT,HTB,SBICARD
2024-12-02 15:15:00+05:30,SBICARD,3,42.0,59,59.536618606986266,,,90.27580324139926,149.27495024168326,11.860220647265384,12.55989823378101,14.034218862510459,0.4812932110879576,EXT,HTB,SBICARD
2024-12-03 15:15:00+05:30,SBICARD,3,41.0,58,49.39508912592233,,,78.83522727272663,127.8409090909091,11.230841593682909,11.710786472716697,12.704958007858036,0.43633104100442865,EXT,HTB,SBICARD
2024-12-04 15:15:00+05:30,SBICARD,3,40.0,57,37.453183520598934,0.7681091251175918,3.31237322515213,57.612590458793264,94.84999648703716,9.949895575724044,10.342409516392499,11.141455752753284,0.3833869567861113,EXT,HTB,SBICARD
2024-12-05 15:15:00+05:30,SBICARD,3,39.0,56,65.06226388694684,0.7517513134851138,3.0282186948853616,128.4530386740325,192.67955801105037,14.676623443430062,14.704096235194598,14.75904181872361,0.5057909955062475,EXT,HTB,SBICARD
2024-12-06 15:15:00+05:30,SBICARD,3,38.0,55,53.9215686274513,0.7503115911923556,3.004991680532446,65.3958536246006,118.96479755113494,10.604159416739254,11.512952215361336,13.298080926940248,0.4563990535864915,EXT,HTB,SBICARD
2024-12-09 15:15:00+05:30,SBICARD,3,37.0,52,35.68929321203575,,,69.49270326615705,104.93398193189651,11.14488090286089,11.062909208316077,10.910676061304352,0.3755668014327803,EXT,HTB,SBICARD
2024-12-10 15:15:00+05:30,SBICARD,3,36.0,51,13.023510864350476,,,-7.545616682673456,5.487721223761521,5.710174211070331,6.503616208621913,7.948814132733719,0.2750787278245814,EXT,HTB,SBICARD
2024-12-11 15:15:00+05:30,SBICARD,3,35.0,50,20.449897750511248,,,-25.285314016264916,-4.783708057131453,4.406501767441264,6.026200520064359,8.91851972117697,0.30800339376428143,EXT,HTB,SBICARD
2024-12-12 15:15:00+05:30,SBICARD,3,34.0,49,45.68077998227344,,,-59.670781893004424,-13.717421124828531,1.8183445414311585,5.600204183338706,12.218458556676874,0.41986376160920796,EXT,HTB,SBICARD
2024-12-13 15:15:00+05:30,SBICARD,3,33.0,48,-47.83381167145004,0.8706581352833638,6.731448763250883,-64.64924346630049,-112.79229711141741,1.3497865206046713,0.8633235126254573,0.029386927518133127,0.0052695938283768085,EXT,HTB,SBICARD
2024-12-16 15:15:00+05:30,SBICARD,3,32.0,45,17.737754127438322,,,-52.119050884651685,-34.28884926621863,2.033544236470635,4.538490147836943,8.56429607681866,0.29597918547309077,EXT,HTB,SBICARD
2024-12-17 15:15:00+05:30,SBICARD,3,31.0,44,-5.566379070414379,,,-56.67902875936,-62.27695752571613,1.5614914219559184,3.1026943270365814,5.524584606448854,0.19266100230875596,EXT,HTB,SBICARD
2024-12-18 15:15:00+05:30,SBICARD,3,30.0,43,67.89388954994082,,,-59.850725249964796,8.449514152936526,1.1847904885150418,6.684560048735161,15.130634730501624,0.5183449238767307,EXT,HTB,SBICARD
2024-12-19 15:15:00+05:30,SBICARD,3,29.0,42,27.700831024931393,,,-13.51351351351416,14.224751066856332,5.076404117325918,6.9922472021023045,9.866011829266935,0.34015019132154645,EXT,HTB,SBICARD
2024-12-20 15:15:00+05:30,SBICARD,3,28.0,41,6.560244915810853,0.9469054351240968,17.83431952662722,38.48388033691515,45.01887888469391,9.682613239685466,8.636810064130193,7.1054554142099215,0.24642402998872476,EXT,HTB,SBICARD
2024-12-23 15:15:00+05:30,SBICARD,3,27.0,38,24.777729193995707,,,70.19321224401219,94.79701859758401,13.01601705714924,11.51756952194124,9.48396215273026,0.3271907060743353,EXT,HTB,SBICARD
2024-12-24 15:15:00+05:30,SBICARD,3,26.0,37,15.372227508966468,0.9598816317903192,23.926238145416228,175.47644732110817,190.5789284430061,23.71419424300273,17.055030575036035,8.25542144236571,0.28549169338864355,EXT,HTB,SBICARD
2024-12-26 15:15:00+05:30,SBICARD,3,25.0,35,20.470829068576943,0.9581341499850613,22.885816235504013,-64.75349521707103,-44.150110375275936,0.0,3.697726800334139,8.921253862148152,0.3080961921419521,EXT,HTB,SBICARD
2024-12-27 15:15:00+05:30,SBICARD,3,24.0,34,10.36269430051881,0.9552200984651028,21.331447049312853,19.20803782505843,29.550827423167853,8.314022280859865,7.992261340924382,7.60155162814547,0.2632820765278069,EXT,HTB,SBICARD
2024-12-30 15:15:00+05:30,SBICARD,3,23.0,31,7.396449704142012,,,-83.53221957040607,-76.07398568019127,0.0,1.5615389748833468,7.214536802104857,0.2501313191099375,EXT,HTB,SBICARD
2024-12-31 15:15:00+05:30,SBICARD,3,22.0,30,-1.4939867035186785,0.9495882924022868,18.83666191155492,-73.74520279930735,-75.25020693806907,0.0,1.532155392166855,6.055262708246881,0.21071583305091537,EXT,HTB,SBICARD
2025-01-01 15:15:00+05:30,SBICARD,3,21.0,29,-2.2066936373663446,0.9485382240784456,18.431898376852505,-55.47337278106509,-57.69230769230736,0.0,2.5662839321943998,5.962373456288163,0.20755606800371984,EXT,HTB,SBICARD
2025-01-02 15:15:00+05:30,SBICARD,3,20.0,28,13.475177304965184,0.9491392215568862,18.661515820456216,-28.449502133712663,-14.935988620198499,2.5466695871952423,5.277219889786867,8.007770192378807,0.2770811775893688,EXT,HTB,SBICARD
2025-01-03 15:15:00+05:30,SBICARD,3,19.0,27,24.03846153846154,0.9544689877121123,20.963052208835343,-66.37168141592856,-42.17367256637105,0.0,3.457086968770466,9.387357539843629,0.32391318485552484,EXT,HTB,SBICARD
2025-01-06 15:15:00+05:30,SBICARD,3,18.0,24,27.259097723865338,0.9544953724107537,20.975786924939467,-58.95256375102918,-31.53276665752767,0.0,4.040124686302623,9.808270064060563,0.33819177983625964,EXT,HTB,SBICARD
2025-01-07 15:15:00+05:30,SBICARD,3,17.0,23,21.07266671198361,,,-42.32370810294094,-21.16185405147047,0.0,4.737075401688558,8.999870999365605,0.3107644214791588,EXT,HTB,SBICARD
2025-01-08 15:15:00+05:30,SBICARD,3,16.0,22,11.511375947995974,0.9514603988822111,19.60173501577287,-33.29030504789635,-21.740607378217394,0.7360087919679563,4.664658352152514,7.75145443515457,0.2683747225337304,EXT,HTB,SBICARD
2025-01-09 15:15:00+05:30,SBICARD,3,15.0,21,10.898440160751372,0.9495414619045777,18.81825153374233,-41.03686478353054,-30.093700841256354,0.0,4.011692626833837,7.6714642488812075,0.26565728990506915,EXT,HTB,SBICARD
2025-01-10 15:15:00+05:30,SBICARD,3,14.0,20,16.635475150759625,0.9470141660796744,17.872968980797637,12.46105919003084,29.07580477673967,8.525561392077957,8.464193189519232,8.42035875912015,0.29109226433151497,EXT,HTB,SBICARD
2025-01-13 15:15:00+05:30,SBICARD,3,13.0,17,23.716517857141906,0.9480279849311909,18.24112426035503,-60.35087719298181,-36.49122807017576,0.0,3.2955432606358763,9.34528943330421,0.3224858570955614,EXT,HTB,SBICARD
2025-01-14 15:15:00+05:30,SBICARD,3,12.0,16,41.57295713214686,0.9469951333609989,17.866192170818504,25.152957171992153,66.62134602311322,11.995246885162311,11.795034939348136,11.680628113168536,0.4016518508707676,EXT,HTB,SBICARD
2025-01-15 15:15:00+05:30,SBICARD,3,11.0,15,50.53908355795148,0.9483161920320796,18.348419540229884,-22.963663379711544,27.691476428474328,0.6685812854022644,8.603816095656965,12.854834744007688,0.4414029063797201,EXT,HTB,SBICARD
2025-01-16 15:15:00+05:30,SBICARD,3,10.0,14,28.713129731141287,0.9517085375466977,19.707594038325052,-42.59781112785897,-13.762369748999994,0.0,5.054806779754366,9.998345469679625,0.3446381876034614,EXT,HTB,SBICARD
2025-01-17 15:15:00+05:30,SBICARD,3,9.0,13,26.351351351351965,0.9484662576687116,18.404761904761905,-13.531799729364007,12.85520974289642,2.453255259576767,7.395163432430679,9.689620798398455,0.3341673132240134,EXT,HTB,SBICARD
2025-01-20 15:15:00+05:30,SBICARD,3,8.0,10,38.86949074379136,0.9416388017511806,16.134672179562905,13.815789473683612,52.63157894736842,11.296249857405986,11.318752215284158,11.326788771669186,0.38966611284226743,EXT,HTB,SBICARD
2025-01-21 15:15:00+05:30,SBICARD,3,7.0,9,55.35055350553416,0.9358296071270096,14.583510638297872,60.25674613570897,115.27377521613774,30.761381348318018,17.687652608204132,13.485382656024564,0.4627344156494939,EXT,HTB,SBICARD
2025-01-22 15:15:00+05:30,SBICARD,3,6.0,8,104.64962246655156,0.9186701662292214,11.295611015490534,27.74108322324997,132.1003963011889,18.924457519155002,19.73276369775137,19.963708320207388,0.6813003753229006,EXT,HTB,SBICARD
2025-01-23 15:15:00+05:30,SBICARD,3,5.0,7,92.83819628647214,0.8995164075993092,8.951873496046751,78.29462464635891,170.4059477597216,47.23571252282402,24.174061788638124,18.408649105091605,0.6289347677654433,EXT,HTB,SBICARD
2025-01-24 15:15:00+05:30,SBICARD,3,4.0,6,103.17460317460257,0.8330757341576507,4.9907407407407405,39.52569169960474,142.29249011857647,30.342440731256172,21.635238972877023,19.76941002465295,0.6747609210517347,EXT,HTB,SBICARD
2025-01-27 15:15:00+05:30,SBICARD,3,3.0,3,164.67164870048188,0.6844318546856292,2.1688876550064777,-39.837992165194876,125.48967532036296,0.0,21.11888821244361,27.89483333806081,0.9474062479456649,EXT,HTB,SBICARD
2025-01-28 15:15:00+05:30,SBICARD,3,2.0,2,54.52276161072032,0.5136994120668988,1.056341334585363,-54.8216644649931,0.0,0.0,6.25,13.376877981257884,0.45906442484210325,EXT,HTB,SBICARD
2025-01-29 15:15:00+05:30,SBICARD,3,1.0,1,56.20547676622384,0.3276044915782907,0.48721992856148816,-26.210602188585284,30.14219251687248,0.0,10.049487839062602,13.59745311650284,0.46652469256258355,EXT,HTB,SBICARD
2025-01-30 15:15:00+05:30,SBICARD,3,0.0,0,99.38445755321878,0.1784607624126252,0.2172273145914653,-55.448098001288905,44.48742746615146,,12.062192018385405,19.27028232247379,0.6579574228823322,EXT,HTB,SBICARD
2025-01-31 15:15:00+05:30,SBICARD,4,19.0,27,49.980776624374954,0.9736629427145234,36.96931407942238,1.2813941568429361,51.255766273705795,6.423236605843879,9.660266310448806,12.781687811317987,0.4203480463818044,EXT,HTB,SBICARD
2025-02-01 15:15:00+05:30,SBICARD,4,18.0,26,70.24073962898508,0.9765022930357903,41.55734406438632,-39.175506268081,31.340405014465073,0.7611061236664912,8.371705723043688,15.438691065322521,0.7350927098184844,EXT,HTB,SBICARD
2025-02-03 15:15:00+05:30,SBICARD,4,17.0,24,29.605461905624214,0.9750493957634517,39.079189686924494,-40.03639672429426,-10.312405216864093,0.17328771388004233,5.526521456083031,10.115007520828323,0.1038113591178465,EXT,HTB,SBICARD
2025-02-04 15:15:00+05:30,SBICARD,4,16.0,23,34.015635256907835,,,-32.3295216428192,1.796084535711875,1.1277210655066094,6.3785548501213984,10.691739744626231,0.17232473828005537,EXT,HTB,SBICARD
2025-02-05 15:15:00+05:30,SBICARD,4,15.0,22,18.229324907334266,0.970196116317264,32.55267423014587,-22.533495736906488,-4.263093788063614,2.515693977401132,5.938860469610101,8.628491284917052,-0.07292037577829207,EXT,HTB,SBICARD
2025-02-06 15:15:00+05:30,SBICARD,4,14.0,21,66.87116564417234,,,-50.561104945122985,16.648168701443122,0.0,7.4911521213853085,14.996410930203435,0.6827453570847429,EXT,HTB,SBICARD
2025-02-07 15:15:00+05:30,SBICARD,4,13.0,20,37.28378460974213,0.9631742474405338,26.15491009681881,-25.122549019607284,12.254901960784313,1.6708843514142375,7.182454643717017,11.119290566790404,0.22309642862739554,EXT,HTB,SBICARD
2025-02-10 15:15:00+05:30,SBICARD,4,12.0,17,28.0723643169058,,,-53.938785750124865,-25.715002508780163,0.0,4.166904767825493,9.91457928580261,0.07999422359459987,EXT,HTB,SBICARD
2025-02-11 15:15:00+05:30,SBICARD,4,11.0,16,42.65885648796523,0.9515094141159146,19.622559652928416,-42.199488491048015,0.6393861892577306,0.0,6.303041686423912,11.822781542823302,0.3065997987408717,EXT,HTB,SBICARD
2025-02-12 15:15:00+05:30,SBICARD,4,10.0,15,74.22857493405257,,,31.188845401175005,105.1859099804308,13.851145433043937,15.225861331851492,15.962316277641248,0.7970449394769873,EXT,HTB,SBICARD
2025-02-13 15:15:00+05:30,SBICARD,4,9.0,14,73.80288238028851,0.8799818091615678,7.332070272132277,-5.814629608093965,68.03116641469965,4.73448356068343,12.182434801107373,15.906410421319347,0.790431676682209,EXT,HTB,SBICARD
2025-02-14 15:15:00+05:30,SBICARD,4,8.0,13,85.45007608568366,0.8712945590994371,6.769679300291545,25.685931115003452,110.91652072387625,13.471097126227892,16.17944496566797,17.436892176836626,0.9713743596452651,EXT,HTB,SBICARD
2025-02-17 15:15:00+05:30,SBICARD,4,7.0,10,67.4249530956848,,,-22.329298389939797,45.24620989540514,0.0,10.605879329008035,15.069089099957223,0.6913486129249478,EXT,HTB,SBICARD
2025-02-18 15:15:00+05:30,SBICARD,4,6.0,9,82.23779463716942,0.8596988410455968,6.127524871872174,19.075144508670256,101.15606936416185,13.993418520062239,16.27972387766804,17.014607742612757,0.9214705941178333,EXT,HTB,SBICARD
2025-02-19 15:15:00+05:30,SBICARD,4,5.0,8,75.71345369831101,0.8402220851326342,5.258687258687258,0.0,75.71345369831101,6.25,13.95571119582854,16.157342966065265,0.8201129809533931,EXT,HTB,SBICARD
2025-02-20 15:15:00+05:30,SBICARD,4,4.0,7,64.66784244562022,0.8009451579709592,4.023741144935861,-12.950317871438932,51.801271485754384,0.0,11.666172972939606,14.707290481218063,0.6485160636545075,EXT,HTB,SBICARD
2025-02-21 15:15:00+05:30,SBICARD,4,3.0,6,49.0959166566881,0.6793458013560838,2.118624375508307,12.557555462536081,61.59181964958413,13.89398006335043,12.882509440189827,12.665765735226769,0.4066014786978053,EXT,HTB,SBICARD
2025-02-24 15:15:00+05:30,SBICARD,4,2.0,3,11.348703858559855,0.5230663133824544,1.0967275494672755,16.10113900650036,27.431570159223185,25.8555069131458,9.484284269629606,7.730224700681481,-0.1798129083924459,EXT,HTB,SBICARD
2025-02-25 15:15:00+05:30,SBICARD,4,1.0,2,-31.476422377954357,0.32418586179507547,0.4796967738144209,-34.56495828367077,-66.15017878426644,0.0,0.0,2.153267658219562,-0.8451142192032245,EXT,HTB,SBICARD
2025-02-27 15:15:00+05:30,SBICARD,4,0.0,0,61.849710982659225,0.1301704966641957,0.14965058803477074,-76.30030869590487,-13.978682509172716,,4.429051314064966,14.33758822178017,0.6047355375682483,EXT,HTB,SBICARD
2025-02-28 15:15:00+05:30,SBICARD,5,18.0,27,10.127487191706292,,,-56.314402108793814,-46.12988257848098,0.0,3.1956925854214417,7.570859256846732,0.5578942379816928,MOD,HTB,
2025-03-03 15:15:00+05:30,SBICARD,5,17.0,24,4.186853280698878,,,-66.22915286892649,-62.014570413630885,0.0,1.9104959516306717,6.795900519479243,0.4198362311764654,MOD,HTB,
2025-03-04 15:15:00+05:30,SBICARD,5,16.0,23,16.73240109955887,0.9727898415408419,35.75098039215686,-26.963868416322125,-10.186350290609491,1.9767099524716523,5.521347943247656,8.433014864241919,0.7113898519007162,MOD,HTB,
2025-03-05 15:15:00+05:30,SBICARD,5,15.0,22,7.102693104469046,,,-10.072283445906182,-2.9624363076193863,4.579757626706242,6.033774175724363,7.17621574995291,0.4875992073610641,MOD,HTB,
2025-03-06 15:15:00+05:30,SBICARD,5,14.0,21,12.473271560940303,0.9707883369330453,33.23290203327172,-39.95467827538802,-27.43157015922183,0.0,4.209425467448891,7.876994951333145,0.6124093485343284,MOD,HTB,
2025-03-07 15:15:00+05:30,SBICARD,5,13.0,20,-22.061892552620865,,,-53.95359990408249,-76.13452430909446,0.0,0.48253130138528544,3.3772424802816765,-0.19017434768962185,MOD,HTB,
2025-03-10 15:15:00+05:30,SBICARD,5,12.0,17,-32.65063817156426,,,-23.80243975007438,-56.53079440642666,1.1455486839517546,1.6776362789667703,2.000689461654406,-0.43625265122053336,MOD,HTB,
2025-03-11 15:15:00+05:30,SBICARD,5,11.0,16,2.374873834826715,0.9619127781577148,25.255524861878452,-45.327130673345906,-42.941492216854805,0.0,2.6954344989478867,6.559618534457467,0.3777265381005072,MOD,HTB,
2025-03-12 15:15:00+05:30,SBICARD,5,10.0,15,29.904306220095695,0.9556081985786383,21.526682134570766,-2.3929169657818314,27.51854510648426,5.667793194175988,8.589096407866705,10.154080272343965,1.0174997711467757,MOD,HTB,
2025-03-13 15:15:00+05:30,SBICARD,5,9.0,14,11.41758307793921,0.9549333197077309,21.189342403628117,-21.680216802167475,-10.237880156579617,0.603776120989536,5.36073459458199,7.739213831378463,0.5878755614076192,MOD,HTB,
2025-03-17 15:15:00+05:30,SBICARD,5,8.0,10,-4.724781478856334,0.9417753259779338,16.174849267872524,-36.75163011262623,-41.49377593360996,0.0,2.272659676048799,5.634236441752514,0.21273332756196953,MOD,HTB,
2025-03-18 15:15:00+05:30,SBICARD,5,7.0,9,-2.97000297000297,0.9420429382882449,16.254152823920265,-20.833333333333332,-23.80952380952381,0.0,3.9040143842888972,5.862896380653192,0.2535136932512368,MOD,HTB,
2025-03-19 15:15:00+05:30,SBICARD,5,6.0,8,-12.973227974997322,0.9290111940298508,13.086727989487516,-43.82847666429675,-56.85856432125035,0.0,0.5015004681213644,4.559943105330879,0.02104265960366162,MOD,HTB,
2025-03-20 15:15:00+05:30,SBICARD,5,5.0,7,-25.585857998487313,0.9015748031496063,9.16,-3.4901983596075645,-29.084986330056424,4.430428370175423,3.2212538455983624,2.9189602144541418,-0.2720699252988325,MOD,HTB,
2025-03-21 15:15:00+05:30,SBICARD,5,4.0,6,-24.973864560343564,0.8288256541273896,4.841996911991766,-16.288539848749007,-41.30308318789942,0.0,1.8251243130149337,2.9985367621141368,-0.2578474373432203,MOD,HTB,
2025-03-24 15:15:00+05:30,SBICARD,5,3.0,3,-25.116822429906275,0.659887053628296,1.9401997503121098,-1.1683607898121595,-26.288117770767613,4.828577407500126,3.1588473848211174,2.979947739534035,-0.26116972227520036,MOD,HTB,
2025-03-25 15:15:00+05:30,SBICARD,5,2.0,2,-56.8775391758558,0.4847503160556258,0.9408066247508051,-37.86775415088844,-94.96067579376611,0.0,0.0,0.0,-0.9992763476517537,MOD,HTB,
2025-03-26 15:15:00+05:30,SBICARD,5,1.0,1,-62.14396685655075,0.31974112453705433,0.4700285965684118,11.494913500775906,-50.57761940341373,48.2305670523559,0.0,0.0,-1.1216660655627373,MOD,HTB,
2025-03-27 15:15:00+05:30,SBICARD,5,0.0,0,-69.3807339449536,0.12588563331352562,0.14401506039847303,2.866150759529951,-66.49469762109435,,0.0,0.0,-1.289845700077388,MOD,HTB,
2025-03-28 15:15:00+05:30,SBICARD,6,15.0,27,-8.542141230068337,0.9885553659271158,86.37719298245614,5.122659229324896,-3.415106152882401,6.942685071187111,6.048983718482023,5.359556960680986,0.7026298326118499,MOD,HTB,
2025-04-01 15:15:00+05:30,SBICARD,6,14.0,23,-19.069633054030366,0.988156275635767,83.43290043290044,-61.04651162790697,-80.23255813953462,0.0,1.2210296053964405,4.2632034683244076,0.38233214843053415,MOD,HTB,
2025-04-02 15:15:00+05:30,SBICARD,6,13.0,22,-1.7507002801131066,0.9889055162805098,89.13488372093023,-32.786885245901104,-34.54332552693262,0.819255677664888,4.041826810080426,6.0674429504559715,0.9092586141772337,MOD,HTB,
2025-04-03 15:15:00+05:30,SBICARD,6,12.0,21,-31.641861010196244,0.9882185872823858,83.87946428571429,-49.464138499586994,-81.26251324932254,0.0,0.9748302414377032,2.9554155179739783,-0.00017638890158199318,MOD,HTB,
2025-04-04 15:15:00+05:30,SBICARD,6,11.0,20,-15.846000352132274,0.9879398038907241,81.91739130434783,-51.91434133679536,-67.84260515603799,0.0,1.762921623661759,4.5987964380822905,0.4804107892250065,MOD,HTB,
2025-04-07 15:15:00+05:30,SBICARD,6,10.0,17,14.072442486540515,0.9879036499421479,81.66956521739131,-14.705882352941734,-0.6127450980386584,3.0948799266682827,6.206991325195794,7.718588290194897,1.3906758472064498,MOD,HTB,
2025-04-08 15:15:00+05:30,SBICARD,6,9.0,16,-7.633587786259275,0.9837568899078094,60.56456456456456,-42.45783700908153,-50.12383535794316,0.0,2.671666417901583,5.454229535704381,0.7302724628672947,MOD,HTB,
2025-04-09 15:15:00+05:30,SBICARD,6,8.0,15,-31.8640467339344,0.982308982766509,55.525862068965516,-4.132231404958946,-36.00944510035365,5.244698050839106,3.6260320588710657,2.9323180623134215,-0.0069363630684104675,MOD,HTB,
2025-04-11 15:15:00+05:30,SBICARD,6,7.0,13,-32.21272109640389,0.9796380090497737,48.111111111111114,-19.95305164319302,-52.23004694835734,0.6533786674234494,2.288676204463306,2.8960724325068417,-0.01754473899497025,MOD,HTB,
2025-04-15 15:15:00+05:30,SBICARD,6,6.0,9,-46.28845611064096,0.9697926534049047,32.10452961672474,-31.14382785956965,-77.57644394111011,0.0,0.0,1.433913173140395,-0.44579729939574797,MOD,HTB,
2025-04-16 15:15:00+05:30,SBICARD,6,5.0,8,-42.720629567172054,0.9603996844596371,24.252324037184597,-29.88103963466175,-72.72932288436525,0.0,0.09880604532029463,1.8043379580148873,-0.3372466019891137,MOD,HTB,
2025-04-17 15:15:00+05:30,SBICARD,6,4.0,7,-55.06607929515419,0.9165272072620315,10.979951397326852,-27.609055770292656,-82.82716731087797,0.0,0.0,0.523147920881617,-0.7128554387539339,MOD,HTB,
2025-04-21 15:15:00+05:30,SBICARD,6,3.0,3,-27.99890200384249,0.753555163119249,3.0577031868753535,-8.241758241758241,-36.263736263735765,0.0,2.7730732153706286,3.3341945706559266,0.11066020473477738,MOD,HTB,
2025-04-22 15:15:00+05:30,SBICARD,6,2.0,2,-52.333187963366264,0.540198775401544,1.1748528418411657,-18.569087930093342,-70.999453850355,0.0,0.0,0.8066271740336126,-0.629707545663343,MOD,HTB,
2025-04-23 15:15:00+05:30,SBICARD,6,1.0,1,-65.02732240437209,0.3846020159888773,0.6249646992375035,-14.227864725839494,-79.34770712487688,0.0,0.0,0.0,-1.015925073269101,MOD,HTB,
2025-04-24 15:15:00+05:30,SBICARD,6,0.0,0,-84.48873483535478,0.13189448441247004,0.15193370165745856,8.658008658008166,-75.75757575757576,,0.0,0.0,-1.6080362272624045,MOD,HTB,
2025-04-25 15:15:00+05:30,SBICARD,7,23.0,34,-7.535795026376338,0.987580088713652,79.51587301587301,26.594207087935114,19.078452910909142,9.108769371515956,7.374239764988247,5.268025242776071,0.596175651900553,MOD,HTB,
2025-04-28 15:15:00+05:30,SBICARD,7,22.0,31,-13.79627500574897,,,-68.87769867453761,-82.76899924755429,0.0,1.1506195007207884,4.452796459028057,0.4199396858582679,MOD,HTB,
2025-04-29 15:15:00+05:30,SBICARD,7,21.0,30,-6.252131408434177,0.9860411012020163,70.63888888888889,-23.357830570273666,-29.624565601321972,3.411444449866416,4.388451459526506,5.435244684162221,0.6323114910896821,MOD,HTB,
2025-04-30 15:15:00+05:30,SBICARD,7,20.0,29,6.852835360629423,,,-56.279790960776175,-49.38838798598827,0.0,3.0951943842751883,7.143622265378366,1.0012235371480755,MOD,HTB,
2025-05-02 15:15:00+05:30,SBICARD,7,19.0,27,-6.219960418433186,,,-54.007959067652074,-60.26151222285338,0.0,2.2628285354236257,5.4394357889097495,0.6332171222106252,MOD,HTB,
2025-05-05 15:15:00+05:30,SBICARD,7,18.0,24,-45.26385515566375,0.9858780528326965,69.81176470588235,-2.2084805653702713,-47.48233215547653,5.914163997015924,2.9249932528649403,0.36284690073551673,-0.46589005962540125,MOD,HTB,
2025-05-06 15:15:00+05:30,SBICARD,7,17.0,23,-49.94108074743332,0.984095658230787,61.87591240875913,-36.607343996395585,-86.73124577607621,0.45118117392042645,0.06952721214982943,0.0,-0.5975565409941049,MOD,HTB,
2025-05-07 15:15:00+05:30,SBICARD,7,16.0,22,-35.56382338458172,,,-25.78167855183788,-61.437191442677154,1.9780896371241516,1.7788058842880206,1.6222257927740527,-0.19282881265232027,MOD,HTB,
2025-05-08 15:15:00+05:30,SBICARD,7,15.0,21,-37.336652146856984,0.983379338697363,59.1660777385159,-19.83902051921551,-57.24974492687852,2.8052052296793493,1.9976389320887202,1.3919642088959059,-0.24273492058279236,MOD,HTB,
2025-05-09 15:15:00+05:30,SBICARD,7,14.0,20,-35.801557083593536,0.9834823278669114,59.541218637992834,-34.21337743057535,-70.13742373267921,0.01671563449405916,0.9352498367493807,1.5913456955028937,-0.19952114746437927,MOD,HTB,
2025-05-12 15:15:00+05:30,SBICARD,7,13.0,17,-38.80266075388027,,,-76.5234876836287,-115.62307993073811,0.0,0.0,1.2015842849706428,-0.2840038718351441,MOD,HTB,
2025-05-13 15:15:00+05:30,SBICARD,7,12.0,16,-43.74404127642971,0.9810670215339947,51.81789137380192,-41.10823290911113,-85.03209820925856,0.0,0.0,0.5600876966682211,-0.42310646026979337,MOD,HTB,
2025-05-14 15:15:00+05:30,SBICARD,7,11.0,15,-43.093922651933454,,,-44.39511653718091,-87.68035516093205,0.0,0.0,0.6444689283876058,-0.404805262245411,MOD,HTB,
2025-05-15 15:15:00+05:30,SBICARD,7,10.0,14,-41.566396849704155,0.9801260300533204,49.31707317073171,-22.474373732391253,-64.13418845584633,0.39718416323793815,0.6942303786055627,0.8427534862895381,-0.3618045680019364,MOD,HTB,
2025-05-16 15:15:00+05:30,SBICARD,7,9.0,13,-38.314176245210724,0.9790004985044866,46.62017804154303,-27.442371020856204,-65.86169045005488,0.0,0.40592713725634694,1.2650171427954695,-0.2702527633633149,MOD,HTB,
2025-05-19 15:15:00+05:30,SBICARD,7,8.0,10,-44.73540643753435,,,-47.689524749219125,-92.6382722140004,0.0,0.0,0.4314253652349088,-0.4510139366044513,MOD,HTB,
2025-05-20 15:15:00+05:30,SBICARD,7,7.0,9,-56.00532327825168,0.9738864246891985,37.29425837320574,-33.38155112940915,-89.57382886391403,0.0,0.0,0.0,-0.7682683145729392,MOD,HTB,
2025-05-21 15:15:00+05:30,SBICARD,7,6.0,8,-40.85237937506825,0.9718169347798977,34.482300884955755,-18.805309734513777,-59.73451327433603,0.0,0.21160120961720638,0.9354487726689252,-0.341704582085818,MOD,HTB,
2025-05-22 15:15:00+05:30,SBICARD,7,5.0,7,-33.1945538426908,0.9540572792362768,20.766233766233768,-14.649537976110752,-47.89272030651342,0.0,1.2673954768420772,1.9300188348435525,-0.12613256765106226,MOD,HTB,
2025-05-23 15:15:00+05:30,SBICARD,7,4.0,6,-55.64210994880926,0.9160016310362905,10.90499306518724,-29.017857142857395,-84.82142857142883,0.0,0.0,0.0,-0.7580436589227929,MOD,HTB,
2025-05-26 15:15:00+05:30,SBICARD,7,3.0,3,-28.127068166776468,0.6893168931689317,2.2187137891077637,12.668686312310408,-15.422748554117073,21.67334008363781,4.4354946083875415,2.588582593182117,0.016519950437447032,MOD,HTB,
2025-05-27 15:15:00+05:30,SBICARD,7,2.0,2,-58.434820599639814,0.45951726245035135,0.8501978518937253,9.275425578350314,-49.10519423832388,23.18550709702216,0.29015571995662726,0.0,-0.8366600048015993,MOD,HTB,
2025-05-28 15:15:00+05:30,SBICARD,7,1.0,1,-48.282673104357414,0.25697275262819136,0.3458456651988739,16.43295354951797,-31.7703768624024,66.2796171711424,2.257653201639377,0.0,-0.550871450708315,MOD,HTB,
2025-05-29 15:15:00+05:30,SBICARD,7,0.0,0,-43.6323970548132,0.16124378906876102,0.19224154404739155,-58.70089971472485,-102.58942286592082,,0.0,0.5745780128040917,-0.41996361382440034,MOD,HTB,
2025-05-30 15:15:00+05:30,SBICARD,8,19.0,27,-36.679432547602104,0.9878966511977926,81.62176165803109,-78.28214188638266,-115.24870888828511,0.0,0.0,2.4318572697346177,0.04939513059254385,MOD,HTB,
2025-06-02 15:15:00+05:30,SBICARD,8,18.0,24,-33.46286701209006,0.9875957217897602,79.61734693877551,-34.11860276198188,-67.6956404007582,1.0699609316199565,2.076161014370302,2.76612678539909,0.07810934652205208,MOD,HTB,
2025-06-03 15:15:00+05:30,SBICARD,8,17.0,23,-34.75993917010571,0.9886557005104935,87.15,-46.92786205391322,-81.85092218705664,0.0,1.1200030185376284,2.6313205317776527,0.06653040941966044,MOD,HTB,
2025-06-04 15:15:00+05:30,SBICARD,8,16.0,22,-27.999366052089144,0.985240524781341,66.75308641975309,-47.23991507431046,-75.37154989384312,0.0,1.4416740624026667,3.334146312172652,0.12688190985537395,MOD,HTB,
2025-06-05 15:15:00+05:30,SBICARD,8,15.0,21,-49.54147781174166,0.9844413012729845,63.27272727272727,-60.44538706256676,-110.28632025450666,0.0,0.0,1.0962872121676828,-0.06542408914109635,MOD,HTB,
2025-06-06 15:15:00+05:30,SBICARD,8,14.0,20,-19.09355843633783,0.9837070584336683,60.376271186440675,-16.10468042274809,-35.22898842476094,3.313259951628006,3.9161847108402634,4.2607131446757025,0.20638387556447096,MOD,HTB,
2025-06-09 15:15:00+05:30,SBICARD,8,13.0,17,-31.8893195309817,0.9806145251396648,50.585014409221905,-30.016730636747905,-62.00177147918467,0.0,1.9113888019737415,2.9296908453175945,0.0921563732805746,MOD,HTB,
2025-06-10 15:15:00+05:30,SBICARD,8,12.0,16,-33.820750024869106,0.979287590884096,47.28023598820059,-37.943085371941635,-71.8921617573644,0.0,1.123183551873197,2.728929837038261,0.07491453205519724,MOD,HTB,
2025-06-11 15:15:00+05:30,SBICARD,8,11.0,15,-34.58646616541399,0.9782293178519593,44.93333333333333,-46.32893544163584,-81.07563702286302,0.0,0.35534199593089055,2.649348778277241,0.06807899944826862,MOD,HTB,
2025-06-12 15:15:00+05:30,SBICARD,8,10.0,14,-45.95404595404618,0.9774081429990069,43.26373626373626,-10.0,-56.00000000000023,3.644159845889647,2.0902080055637913,1.4686272694335687,-0.03339915700245534,MOD,HTB,
2025-06-13 15:15:00+05:30,SBICARD,8,9.0,13,-28.87583391416998,0.9777628853417814,43.96986301369863,26.812313803376817,-1.9860973187690711,13.788183050255387,6.09898884536472,3.243002426405321,0.11905769885478658,MOD,HTB,
2025-06-16 15:15:00+05:30,SBICARD,8,8.0,10,-11.390085673252882,0.9744518708226623,38.141809290953546,2.970444081390843,-8.416258230604575,7.334373151172491,5.567635051236943,5.062852736969489,0.2751526221931927,MOD,HTB,
2025-06-17 15:15:00+05:30,SBICARD,8,7.0,9,-0.503169970815684,0.9548984282785612,21.172176308539946,-39.909067946451586,-40.41424602172266,0.0,2.904210923772484,6.197527880295031,0.37233990000078476,MOD,HTB,
2025-06-18 15:15:00+05:30,SBICARD,8,6.0,8,-21.56943303204625,0.9520671433012123,19.862516212710766,-36.59605174991051,-58.24442039070245,0.0,1.320339239731521,4.003038683387803,0.18428179277751539,MOD,HTB,
2025-06-19 15:15:00+05:30,SBICARD,8,5.0,7,26.556192904185256,0.8823400405723998,7.499068033550792,-25.55910543130966,1.0649627263048214,0.0,6.342555260649586,9.023115346934771,0.6138982888877708,MOD,HTB,
2025-06-20 15:15:00+05:30,SBICARD,8,4.0,6,-20.552276559865575,0.8696244617648662,6.670150501672241,-26.948480845442056,-47.556142668428,0.0,2.026378412928462,4.108890639452909,0.19336192817467687,MOD,HTB,
2025-06-23 15:15:00+05:30,SBICARD,8,3.0,3,-25.126943412029284,0.6675488069414317,2.0079603288529295,-22.560335781741628,-47.74396642182534,0.0,1.6749791952533386,3.6329053626819876,0.15252396906942847,MOD,HTB,
2025-06-24 15:15:00+05:30,SBICARD,8,2.0,2,-42.732868698172986,0.4710483640179338,0.8905320108205591,-1.0175527855509818,-43.75476977868181,4.393060641457004,1.943066676910625,1.803067021793646,-0.004643772337911412,MOD,HTB,
2025-06-25 15:15:00+05:30,SBICARD,8,1.0,1,-46.948356807511736,0.3212568436086646,0.47331135582520867,26.014568158168576,-20.811654526534863,101.32689668765376,4.142122132891384,1.3654142884695721,-0.042275350020210406,MOD,HTB,
2025-06-26 15:15:00+05:30,SBICARD,8,0.0,0,15.360983102918587,0.24315459212778096,0.3212737893348408,-26.18204219929108,-10.78084090559017,,5.1263179086764525,7.853162718267328,0.5139588758521385,MOD,HTB,
2025-06-27 15:15:00+05:30,SBICARD,9,24.0,34,72.25887527489766,0.9729105741111282,35.91477272727273,226.20266120777916,296.8270214943705,30.812384166524925,23.989088181504403,15.703657342550981,1.0812380558645518,MOD,HTB,
2025-06-30 15:15:00+05:30,SBICARD,9,23.0,31,31.847133757961785,0.9710722682203823,33.56890459363957,61.194344798480216,92.8465921080392,13.477276643066261,12.0207306249273,10.408126104844836,0.4982663916430623,MOD,HTB,
2025-07-01 15:15:00+05:30,SBICARD,9,22.0,30,13.91937469886041,0.9646959637474971,27.32537313432836,-42.47311827957038,-28.49462365591373,1.0933804260871192,4.459353835700732,8.065753917429674,0.23964414122442534,MOD,HTB,
2025-07-02 15:15:00+05:30,SBICARD,9,21.0,29,21.85792349726776,0.9591057797164667,23.453333333333333,-10.940919037199125,10.940919037199125,4.873706052411998,6.9509862519320285,9.102455030006452,0.35416405129985584,MOD,HTB,
2025-07-03 15:15:00+05:30,SBICARD,9,20.0,28,-3.2794053345000895,0.9570793137311536,22.298788694481832,-41.161297404094185,-44.45420119642246,0.895343559823309,3.3589598655582615,5.822576171293354,-0.008462004224060331,MOD,HTB,
2025-07-04 15:15:00+05:30,SBICARD,9,19.0,27,-8.19448238186288,0.9557069846678024,21.576923076923077,-35.6359649122807,-43.859649122807014,1.4411088777954848,3.3456786746789904,5.182228121673592,-0.07936591824808505,MOD,HTB,
2025-07-07 15:15:00+05:30,SBICARD,9,18.0,24,1.6488046166526769,0.9518884369552586,19.785024154589372,-18.721436044271194,-17.0695446286005,3.4054434806957676,5.052870703434871,6.464951180068453,0.06263136243157875,MOD,HTB,
2025-07-08 15:15:00+05:30,SBICARD,9,17.0,23,-3.7934211239367337,0.9511226148197195,19.45935960591133,-25.535151581006442,-29.338259263284208,2.2028475028188437,4.1533751172843125,5.7555942291668005,-0.01587709273437415,MOD,HTB,
2025-07-09 15:15:00+05:30,SBICARD,9,16.0,22,12.793176972281934,0.9539148268789963,20.698952879581153,-42.82655246252677,-29.978586723768252,0.0,4.064836940094558,7.918749656399162,0.22339783907902613,MOD,HTB,
2025-07-10 15:15:00+05:30,SBICARD,9,15.0,21,14.934926392148252,0.9518125552608311,19.75229357798165,-14.957264957264714,0.0,3.65222719514286,6.25,8.19832960364284,0.2542942859228628,MOD,HTB,
2025-07-11 15:15:00+05:30,SBICARD,9,14.0,20,13.129102844639446,0.9492913385826771,18.720496894409937,-13.146362839614872,0.0,3.8523644460312534,6.25,7.962596824263238,0.228243838224627,MOD,HTB,
2025-07-14 15:15:00+05:30,SBICARD,9,13.0,17,58.972198820556024,0.94516743806153,17.23733862959285,126.98236664079012,185.2057225241216,33.68844204123814,21.413094014988964,13.960204141909008,0.8895671306876721,MOD,HTB,
2025-07-15 15:15:00+05:30,SBICARD,9,12.0,16,51.477170993733466,0.9358030372756557,14.577060931899641,14.526762766789078,65.92915409542941,9.5663271146553,11.737231378048655,12.977748099987618,0.7814453650429526,MOD,HTB,
2025-07-16 15:15:00+05:30,SBICARD,9,11.0,15,48.57892679658298,0.931758530183727,13.653846153846153,6.13839285714235,54.687499999999744,7.7441342213096105,10.904818139612951,12.5980416672754,0.7396358765252401,MOD,HTB,
2025-07-17 15:15:00+05:30,SBICARD,9,10.0,14,43.69710714088219,0.9238857142857143,12.138138138138139,12.705778367031016,56.34736493205196,9.564684159729344,11.160702620755378,11.958711851268392,0.6692117269517709,MOD,HTB,
2025-07-18 15:15:00+05:30,SBICARD,9,9.0,13,63.12849162011148,0.9131727964308185,10.517127799736496,-19.591379792891125,43.66078925272855,0.7547246112482766,10.145385121809646,14.505334644570222,0.9495249755960189,MOD,HTB,
2025-07-21 15:15:00+05:30,SBICARD,9,8.0,10,37.230495665702485,0.9023146331894861,9.236947791164658,10.546766583403224,47.73799611434865,10.101601257127367,10.846339905709751,11.112317994489167,0.5759256889823502,MOD,HTB,
2025-07-22 15:15:00+05:30,SBICARD,9,7.0,9,74.72674548293604,0.881619937694704,7.447368421052632,-12.283640424344195,62.53489670575123,1.2713585498996691,12.438352683383084,16.027743654859826,1.1168390556794159,MOD,HTB,
2025-07-23 15:15:00+05:30,SBICARD,9,6.0,8,49.02506963788276,0.8654696430497142,6.433266533066132,-27.932960893854748,21.229050279329353,0.0,8.404677718140112,12.656484787487942,0.7460718435217141,MOD,HTB,
2025-07-24 15:15:00+05:30,SBICARD,9,5.0,7,14.137872532941243,0.8360284116669185,5.098617511520738,9.604519774011557,23.728813559322294,11.260477571918214,8.727516861838215,8.094276684318102,0.24279614708167135,MOD,HTB,
2025-07-25 15:15:00+05:30,SBICARD,9,4.0,6,21.862212007400025,0.813780260707635,4.37,0.0,21.862212007400025,6.25,8.599542005730118,9.103015292672286,0.3542259164854428,MOD,HTB,
2025-07-28 15:15:00+05:30,SBICARD,9,3.0,3,58.73187102960539,0.5599711958233944,1.2725785005625447,8.981498113885397,67.66061912460304,17.18239957343813,14.243565329519726,13.928690231957136,0.8861002102583594,MOD,HTB,
2025-07-29 15:15:00+05:30,SBICARD,9,2.0,2,49.39024390243847,0.3920107719928187,0.6447659825778828,-0.6097932800774989,48.783462406244276,5.137161193595056,12.199845791888416,12.704323263195072,0.7513397740970318,MOD,HTB,
2025-07-30 15:15:00+05:30,SBICARD,9,1.0,1,27.605668363904055,0.267381136188184,0.3649662183102957,5.518087063151999,33.1085223789092,26.396576820099725,10.424020729140317,9.853572297320255,0.4370798639979855,MOD,HTB,
2025-07-31 15:15:00+05:30,SBICARD,9,0.0,0,-31.69867611411467,0.15317024463305043,0.18087489682820423,31.59851301115185,0.0,,6.25,2.124386524606318,-0.41843269493061774,MOD,HTB,
2025-08-01 15:15:00+05:30,SBICARD,10,17.0,27,-24.832381425378696,0.9607875579086698,24.50210970464135,-13.67648887231161,-38.54283227651403,4.402404462312427,3.909818007136251,3.506792725628342,-0.035166249237940546,EXT,HTB,SBICARD
2025-08-04 15:15:00+05:30,SBICARD,10,16.0,24,-16.039481801356626,0.9553989317768845,21.42098765432099,-57.703046472668326,-73.83508097040307,0.0,1.5393334137445078,4.477357337547542,0.008509273437566888,EXT,HTB,SBICARD
2025-08-05 15:15:00+05:30,SBICARD,10,15.0,23,-11.769807346838203,0.9530064856546114,20.27953216374269,-14.267990074441405,-26.05459057071989,3.9873458027297546,4.55400746881722,4.948953478514505,0.029717324413821977,EXT,HTB,SBICARD
2025-08-06 15:15:00+05:30,SBICARD,10,14.0,22,17.579105976895747,0.9506897889079727,19.279775280898875,-42.8751576292557,-25.220680958385877,0.0,4.578370996160627,8.196066668284546,0.1754973496821995,EXT,HTB,SBICARD
2025-08-07 15:15:00+05:30,SBICARD,10,13.0,21,-1.8749999999997158,0.9498845655723859,18.953932584269662,-14.395693809851377,-16.27339300244044,3.749690566968686,5.150933211624508,6.042633076405252,0.07886617190731149,EXT,HTB,SBICARD
2025-08-08 15:15:00+05:30,SBICARD,10,12.0,20,-6.345177664974619,0.947299676301891,17.97521551724138,-25.445292620865143,-31.806615776081422,1.6121321926725996,4.063020565153569,5.548407457566372,0.056662194343781384,EXT,HTB,SBICARD
2025-08-11 15:15:00+05:30,SBICARD,10,11.0,17,11.905507863901816,0.947162876177349,17.92608695652174,-11.91969887076594,0.0,3.692294587836184,6.25,7.567605818387427,0.14731581985342676,EXT,HTB,SBICARD
2025-08-12 15:15:00+05:30,SBICARD,10,10.0,16,5.061048902384732,0.9455524079320113,17.366285119667012,1.897533206830832,6.9576217583801965,6.6829158377162,6.768452205498058,6.8099243838165515,0.11331846569750842,EXT,HTB,SBICARD
2025-08-13 15:15:00+05:30,SBICARD,10,9.0,15,18.916703449145594,0.9421793921423276,16.294871794871796,-54.52355290686703,-35.50370886958813,0.0,3.555020067986407,8.344283520287311,0.18214137738954944,EXT,HTB,SBICARD
2025-08-14 15:15:00+05:30,SBICARD,10,8.0,14,5.696923661222076,0.9407521895929933,15.878260869565217,1.2658227848104144,6.9620253164551205,6.580038972166015,6.790856218099668,6.880293837586772,0.11647694169927125,EXT,HTB,SBICARD
2025-08-18 15:15:00+05:30,SBICARD,10,7.0,10,8.597396217146223,0.9416957990164129,16.151422764227643,-19.68988432192989,-11.075559931085124,0.0,5.310385503499802,7.2013331350663305,0.1308839815044187,EXT,HTB,SBICARD
2025-08-19 15:15:00+05:30,SBICARD,10,6.0,9,-4.887884157145198,0.9272552667907088,12.746699669966997,35.312024353119966,30.441400304414003,20.59633249031649,8.8995374762283,5.709502472386075,0.06390076846240184,EXT,HTB,SBICARD
2025-08-20 15:15:00+05:30,SBICARD,10,5.0,8,8.5963404150796,0.9150470966972696,10.77122807017544,22.667401825645076,31.244256570482808,16.60374114174761,9.035855258483503,7.201216256479951,0.1308787371926361,EXT,HTB,SBICARD
2025-08-21 15:15:00+05:30,SBICARD,10,4.0,7,30.39328916175309,0.890173746295543,8.105291005291006,30.905344806690923,61.20470246030867,22.38988309109855,11.852090354826453,9.61680098652627,0.23914713214182673,EXT,HTB,SBICARD
2025-08-22 15:15:00+05:30,SBICARD,10,3.0,6,47.04875962360882,0.6879379379379379,2.2044907778668805,21.34016218523261,68.28851899274324,19.245803561006838,12.663026794894561,11.46615829196514,0.3218771084787201,EXT,HTB,SBICARD
2025-08-25 15:15:00+05:30,SBICARD,10,2.0,3,66.04292790313676,0.4658790688400379,0.8722351843210453,49.288061336254934,115.00547645126014,66.36541189803538,17.977845809987127,13.578976165619133,0.41622371345172876,EXT,HTB,SBICARD
2025-08-26 15:15:00+05:30,SBICARD,10,1.0,2,86.15346473286284,0.2915450427780574,0.41152234140797045,102.44770259493173,187.71854487454704,194.18136624600314,26.012437175071497,15.820380867742442,0.5161154721298015,EXT,HTB,SBICARD
2025-08-28 15:15:00+05:30,SBICARD,10,0.0,0,156.3481100087898,0.1519247886070316,0.1791407018694654,24.428437206389543,180.39461321641062,,26.384899907055203,23.679661116162205,0.864781777050679,EXT,HTB,SBICARD
2025-08-29 15:15:00+05:30,SBICARD,11,22.0,32,82.97166198621393,0.9528354508831732,20.202365308804204,257.4306678273852,338.2663847780133,35.997749023956125,27.18396520528473,17.11106941251746,0.2534126259818537,EXT,HTB,SBICARD
2025-09-01 15:15:00+05:30,SBICARD,11,21.0,29,69.40536484712004,0.9537373004354136,20.615686274509805,127.77777777777807,196.29629629629602,22.436007728640426,18.944859937441176,15.32902829655631,0.1233274472623686,EXT,HTB,SBICARD
2025-09-02 15:15:00+05:30,SBICARD,11,20.0,28,73.83566830745815,0.9554494348062624,21.44640434192673,32.70851679456564,106.30267958233654,10.52077714954574,13.21574661737787,15.910716085209959,0.1658089594621028,EXT,HTB,SBICARD
2025-09-03 15:15:00+05:30,SBICARD,11,19.0,27,69.86844589916369,0.9558497573833343,21.649932157394844,8.17610062893053,77.98742138364837,7.355739771219466,11.44581572464691,15.389817536880523,0.12776786168047186,EXT,HTB,SBICARD
2025-09-04 15:15:00+05:30,SBICARD,11,18.0,26,71.9152157456478,0.9555622009569378,21.50336473755047,9.453582907922101,81.30081300813065,7.577765306437925,11.767793302395848,15.65853358435687,0.14739402927415335,EXT,HTB,SBICARD
2025-09-05 15:15:00+05:30,SBICARD,11,17.0,25,68.55345911949743,0.9517094270308705,19.7079754601227,-12.594458438287154,56.04534005037841,4.412366025493684,10.120582815257546,15.217204948975361,0.11515865162906423,EXT,HTB,SBICARD
2025-09-08 15:15:00+05:30,SBICARD,11,16.0,22,63.30685203575003,0.95170421040217,19.705738705738707,-26.135656502800533,37.336652146857496,1.919513532833341,8.98067650078248,14.528733118456715,0.06484972700781108,EXT,HTB,SBICARD
2025-09-09 15:15:00+05:30,SBICARD,11,15.0,21,57.17066050358892,0.9491884689922481,18.68057210965435,-13.398294762485051,43.84896467722317,3.9228074401631035,9.52348262779946,13.723989018526694,0.006010711178066096,EXT,HTB,SBICARD
2025-09-10 15:15:00+05:30,SBICARD,11,14.0,20,75.63320825515868,0.9376351627798235,15.034676663542642,83.72093023255867,158.72093023255786,21.593387900651518,18.416213163631685,16.14680263718912,0.18304529911724726,EXT,HTB,SBICARD
2025-09-11 15:15:00+05:30,SBICARD,11,13.0,19,72.09847596717441,0.92992700729927,13.270833333333334,-12.912313651837339,59.27925812888784,3.7710766755114546,10.867301031399018,15.682596130036774,0.14915128391962057,EXT,HTB,SBICARD
2025-09-12 15:15:00+05:30,SBICARD,11,12.0,18,76.39820376742367,0.9214159722644608,11.725232198142415,-45.10837727006471,31.634446397188583,0.0,8.764103264284403,16.247289121621723,0.19038072579353793,EXT,HTB,SBICARD
2025-09-15 15:15:00+05:30,SBICARD,11,11.0,15,84.03361344537815,0.9209424984234363,11.64902102973169,94.33962264150944,177.58046614872364,29.314943622723177,21.459136277090835,17.250668056216345,0.2635955184793729,EXT,HTB,SBICARD
2025-09-16 15:15:00+05:30,SBICARD,11,10.0,14,65.98076492954698,0.9168467751109088,11.025991792065664,8.380356444494105,74.30582714118209,8.435794659353295,12.7316413360753,14.879564674436319,0.09048947476680373,EXT,HTB,SBICARD
2025-09-17 15:15:00+05:30,SBICARD,11,9.0,13,72.59834543305809,0.9050021939447126,9.526558891454965,24.701061022847714,97.12008083983582,13.193877494651282,14.9383150965157,15.748232554524305,0.1539444568937336,EXT,HTB,SBICARD
2025-09-18 15:15:00+05:30,SBICARD,11,8.0,12,102.7766736698649,0.8806759735488612,7.380541871921182,79.98648115811437,181.94108038078045,30.677043773125284,23.00501127586709,19.71699734847071,0.4433198982459274,EXT,HTB,SBICARD
2025-09-19 15:15:00+05:30,SBICARD,11,7.0,11,113.46704871060145,0.8699190816710576,6.6875226039783,22.299731259649445,135.5137515009437,13.657718861778234,19.01941557623593,21.12579642834428,0.5458282933882601,EXT,HTB,SBICARD
2025-09-22 15:15:00+05:30,SBICARD,11,6.0,8,121.64187708981845,0.8560003719719161,5.944462382951243,43.62300539547777,164.7342440592357,26.19653430086581,23.091323126657713,22.20411993402684,0.6242154907058761,EXT,HTB,SBICARD
2025-09-23 15:15:00+05:30,SBICARD,11,5.0,7,136.96265178108968,0.8311170212765957,4.921259842519685,13.218390804597439,149.99999999999946,13.147006004765721,22.01136514476442,24.227454929764207,0.7711240902596743,EXT,HTB,SBICARD
2025-09-24 15:15:00+05:30,SBICARD,11,4.0,6,132.38636363636337,0.7678969137766465,3.3084304318026043,0.0,132.38636363636337,6.25,20.556978299652965,23.62275936386431,0.7272427529223776,EXT,HTB,SBICARD
2025-09-25 15:15:00+05:30,SBICARD,11,3.0,5,125.56360938302608,0.5865178672077556,1.418484187568157,100.01130071194511,224.31913210532292,79.62578458351845,31.343568101446113,22.721743729647475,0.6618203906296563,EXT,HTB,SBICARD
2025-09-26 15:15:00+05:30,SBICARD,11,2.0,4,160.6217616580316,0.3645565277062961,0.5737041036717062,50.406690342536116,210.2188108603508,52.362421548817714,30.48370408930716,27.3581730236628,0.9979877292564159,EXT,HTB,SBICARD
2025-09-29 15:15:00+05:30,SBICARD,11,1.0,1,145.93066851242978,0.1910802330793366,0.23621654568626366,-79.65116279069795,67.44186046511575,0.0,14.767125022994335,25.413273049834395,0.8571170511460985,EXT,HTB,SBICARD
2025-09-30 15:15:00+05:30,SBICARD,11,0.0,0,116.67810569663745,0.06727648273827087,0.07212907307813983,43.28018223234572,159.45330296127565,,27.203378797633114,21.5492534756531,0.5766186348959093,EXT,HTB,SBICARD
2025-10-01 15:15:00+05:30,SBICARD,12,17.0,27,53.79453956501593,0.9591621458710067,23.487084870848708,130.16670472710638,183.26101849737333,23.96213834487762,18.524687900084857,13.281432114034633,-0.20576549630261437,EXT,HTB,SBICARD
2025-10-03 15:15:00+05:30,SBICARD,12,16.0,25,114.28571428571429,0.9541242525220249,20.798009950248755,266.96329254727476,378.1979977753059,45.75635624644846,32.80101424906688,21.233744608547582,0.1757861264314599,EXT,HTB,SBICARD
2025-10-06 15:15:00+05:30,SBICARD,12,15.0,22,112.37217664906169,,,115.51704987226455,226.5911362879038,25.526884781087784,22.981436817928707,20.981441989732296,0.1637163758637345,EXT,HTB,SBICARD
2025-10-07 15:15:00+05:30,SBICARD,12,14.0,21,104.25909494232451,,,56.24793206132153,159.92059115473697,16.054025015009703,18.2587323767629,19.91226289807784,0.11254263845703655,EXT,HTB,SBICARD
2025-10-08 15:15:00+05:30,SBICARD,12,13.0,20,144.02173913043478,0.9427969671440607,16.481590574374078,-13.605442176870747,130.6122448979592,3.7686943832276354,16.24740502681808,25.16076977223959,0.3633478424263988,EXT,HTB,SBICARD
2025-10-09 15:15:00+05:30,SBICARD,12,12.0,19,116.98797165925168,0.9389041208004256,15.367716008037508,158.37837837837813,273.51351351351303,36.91883023839322,27.78683516513506,21.590124222567,0.19283077287251363,EXT,HTB,SBICARD
2025-10-10 15:15:00+05:30,SBICARD,12,11.0,18,135.00164636154176,0.9316339763332793,13.627148784825133,61.63076083992339,195.80038178347473,18.786018747456964,21.94045070368567,23.96829981840414,0.30645307969325924,EXT,HTB,SBICARD
2025-10-13 15:15:00+05:30,SBICARD,12,10.0,15,170.15493340581656,0.9257463741768674,12.467355821545159,3.2606923536759362,173.36014347046284,7.043564524915621,21.09450131839025,28.621788886323095,0.5281844938724302,EXT,HTB,SBICARD
2025-10-14 15:15:00+05:30,SBICARD,12,9.0,14,184.86012068019772,0.9213038511749347,11.707102125453602,21.34763807542882,205.81312606054044,11.821583337923524,24.322765945996217,30.57335725003262,0.6209383227252321,EXT,HTB,SBICARD
2025-10-15 15:15:00+05:30,SBICARD,12,8.0,13,170.84775086505144,0.910162736632348,10.131238447319777,66.59505907626257,236.30504833512353,25.010380507832508,27.539455686218812,28.713669161898135,0.532554480520071,EXT,HTB,SBICARD
2025-10-16 15:15:00+05:30,SBICARD,12,7.0,12,184.70928364921298,0.8839792443651695,7.619147449336128,33.084311632871106,217.18249733191058,16.32982820669818,26.286275534316527,30.55332438901015,0.619986909329702,EXT,HTB,SBICARD
2025-10-17 15:15:00+05:30,SBICARD,12,6.0,11,185.57593464264437,0.8517313946814616,5.744516129032258,41.48706896551749,226.29310344827587,20.044798909014546,27.67202096138042,30.668429624809875,0.6254533611619674,EXT,HTB,SBICARD
2025-10-20 15:15:00+05:30,SBICARD,12,5.0,8,212.7659574468085,0.8428379340346437,5.362858580775038,-21.321961620469082,191.89765458422175,0.0,25.895393948737873,34.28487466304186,0.7969560203681455,EXT,HTB,SBICARD
2025-10-21 14:30:00+05:30,SBICARD,12,4.0,7,195.7646556782421,0.8420464076041375,5.330973451327433,-40.167095115681235,156.38389031705253,0.0,22.30221789922042,32.022418860508495,0.6897193150414662,EXT,HTB,SBICARD
2025-10-23 15:15:00+05:30,SBICARD,12,3.0,5,237.83783783783784,0.6952723173395335,2.2816184971098266,31.253367819807924,268.3478823149044,29.100685180971364,36.336413496618434,37.62850783869824,0.9550983724114191,EXT,HTB,SBICARD
2025-10-24 15:15:00+05:30,SBICARD,12,2.0,4,190.32894386095882,0.4872668873521025,0.950332395806699,-14.950077420043538,175.66340968551492,0.0,26.464681088948595,31.299886728898112,0.655433244814274,EXT,HTB,SBICARD
2025-10-27 15:15:00+05:30,SBICARD,12,1.0,1,126.10903409407906,0.25348844703683415,0.3395639974098856,21.714922048998282,147.5501113585746,85.5956459172739,24.959332458513042,22.793749834986045,0.2503624076793408,EXT,HTB,SBICARD
2025-10-28 15:15:00+05:30,SBICARD,12,0.0,0,121.95121951219512,0.07750097314130011,0.08401198362800118,38.65267807840972,160.1325234676974,,27.293357843644483,22.244942128615147,0.2241367490097897,EXT,HTB,SBICARD
2025-10-29 15:15:00+05:30,SBICARD,13,18.0,27,193.5483870967742,0.95703140789846,22.272812793979305,216.794731064764,406.1470911086718,35.87978821844528,30.659387718732813,26.63222161895472,1.280530676030183,EXT,HTB,SBICARD
2025-10-30 15:15:00+05:30,SBICARD,13,17.0,26,159.30403344254913,0.9552197476165988,21.331272084805654,10.158013544017802,169.30022573363433,7.676753596312091,16.466992491296743,22.996884241856826,0.1203865769367838,EXT,HTB,SBICARD
2025-10-31 15:15:00+05:30,SBICARD,13,16.0,25,163.26530612244872,0.9559724052399039,21.713028169014084,-22.157831941367487,141.46923470257295,3.018535328453379,14.917499928082654,23.416760356389332,0.25458817907210096,EXT,HTB,SBICARD
2025-11-03 15:15:00+05:30,SBICARD,13,15.0,22,188.16594876445276,0.954172020402601,20.82073067119796,42.88939051918685,230.24830699774242,13.381043049991737,21.166360556482985,26.0599887034204,1.0981822476431748,EXT,HTB,SBICARD
2025-11-04 15:15:00+05:30,SBICARD,13,14.0,21,167.23356009070295,0.9533262211384592,20.42530612244898,-21.588455857288686,146.0061356664018,2.5017652435037543,15.836628229314398,23.83754602080071,0.38902629612519063,EXT,HTB,SBICARD
2025-11-06 15:15:00+05:30,SBICARD,13,13.0,19,128.2638570774169,0.9308063249971964,13.452188006482983,-16.058729066300653,112.41110346409675,3.167508010019275,13.891186548738228,19.71261204118555,-0.9312051046712434,EXT,HTB,SBICARD
2025-11-07 15:15:00+05:30,SBICARD,13,12.0,18,108.06792841214529,0.9216532094532316,11.763764705882354,-49.9942535340768,58.61395241926241,0.0,10.29849779931373,17.581279378891917,-1.6154109653894018,EXT,HTB,SBICARD
2025-11-10 15:15:00+05:30,SBICARD,13,11.0,15,112.76910809887205,0.9129576847182636,10.488664987405542,-55.55237386174931,57.843193402439205,0.0,10.484812714684,18.077019154890596,-1.4561424936464438,EXT,HTB,SBICARD
2025-11-11 15:15:00+05:30,SBICARD,13,10.0,14,99.10688562373981,0.9028122122263937,9.28935860058309,-62.03617810760694,37.68552875695733,0.0,9.062490190045281,16.636988906961868,-1.9189968066543428,EXT,HTB,SBICARD
2025-11-12 15:15:00+05:30,SBICARD,13,9.0,13,93.23342675742124,0.8979014896161792,8.794462193823216,-24.655963302752035,68.80733944954129,0.0,11.500308544768204,16.01852324184651,-2.117980227799644,EXT,HTB,SBICARD
2025-11-13 15:15:00+05:30,SBICARD,13,8.0,12,84.03361344537788,0.8910550038477042,8.178943827783383,-10.23076048652924,73.88882573604637,3.13973443330023,12.00947912284381,15.05053444497308,-2.4296552336852097,EXT,HTB,SBICARD
2025-11-14 15:15:00+05:30,SBICARD,13,7.0,11,101.34942777429798,0.8811331775700935,7.412776412776413,-42.88655077767612,58.89752973467495,0.0,10.937207784001457,16.87322173604978,-1.8430230543327748,EXT,HTB,SBICARD
2025-11-17 15:15:00+05:30,SBICARD,13,6.0,8,81.40122382529613,0.8718744159970099,6.804842473745624,-23.069997749267998,58.519018681071856,0.0,11.231903113661474,14.77372410789931,-2.518836396661424,EXT,HTB,SBICARD
2025-11-18 15:15:00+05:30,SBICARD,13,5.0,7,97.41195457951518,0.8573717948717948,6.01123595505618,-5.190311418685645,92.2722029988466,3.544325435639486,14.30611904915372,16.458477771856533,-1.9764183678606764,EXT,HTB,SBICARD
2025-11-19 15:15:00+05:30,SBICARD,13,4.0,6,88.22003113648131,0.8460220580361923,5.4944367176634215,-24.855491329479506,63.58381502890174,0.0,11.928582853112196,15.490910832563253,-2.2878260775646178,EXT,HTB,SBICARD
2025-11-20 15:15:00+05:30,SBICARD,13,3.0,5,81.11968009140271,0.7381392913248386,2.818824156779096,-17.167381974248926,64.09155937052958,0.0,12.117176766559286,14.744122575112323,-2.5283746494435104,EXT,HTB,SBICARD
2025-11-21 15:15:00+05:30,SBICARD,13,2.0,4,108.9176310415251,0.5800435611216989,1.3811993517017829,-31.29801399874808,77.96050759688184,0.0,13.574893782937103,17.670863143748484,-1.586624395159086,EXT,HTB,SBICARD
2025-11-24 15:15:00+05:30,SBICARD,13,1.0,1,22.317596566524124,0.4099698895951823,0.694828759355863,-50.03450655624595,-27.605244996549086,0.0,3.4549909552661537,8.580007475601938,-4.5204954791899405,EXT,HTB,SBICARD
2025-11-25 15:15:00+05:30,SBICARD,13,0.0,0,-37.78337531486225,0.2436413462361908,0.32212409420289856,-12.610340479193201,-50.441361916772806,,1.0029089665456383,2.3171588479315623,-6.556620575373962,EXT,HTB,SBICARD
2025-11-26 15:15:00+05:30,SBICARD,14,23.0,34,22.624434389140273,0.9716513111268604,34.275,-45.45454545454545,-22.727272727272727,1.3813775430357431,4.913541588537479,9.202597929503662,0.19577871151008974,EXT,HTB,SBICARD
2025-11-27 15:15:00+05:30,SBICARD,14,22.0,33,20.27027027026976,0.9710056547289057,33.489483747609945,-79.45516458569807,-59.02383654937622,0.0,2.7286278972761577,8.895056224196491,0.18799909358768013,EXT,HTB,SBICARD
2025-11-28 15:15:00+05:30,SBICARD,14,21.0,32,-14.125889931065657,0.9688525501974525,31.105357142857144,-49.97160704145346,-64.16808631459372,0.5643079280597124,2.358912289693265,4.40988870298894,0.07433285332029985,EXT,HTB,SBICARD
2025-12-01 15:15:00+05:30,SBICARD,14,20.0,29,-20.4999715278181,0.968142667844523,30.38994800693241,-32.56398537477044,-53.13071297989005,2.158088264608499,2.856776392158591,3.5804176671211914,0.053268935545192464,EXT,HTB,SBICARD
2025-12-02 15:15:00+05:30,SBICARD,14,19.0,28,-24.771985136808148,0.9690545938748335,31.31497418244406,-41.836273179557274,-66.71189507010378,0.8077192763356978,1.9162535845321313,3.024787892728625,0.039151553765870234,EXT,HTB,SBICARD
2025-12-03 15:15:00+05:30,SBICARD,14,18.0,27,3.440564252538198,0.9674958193979933,29.765273311897108,-22.4137931034488,-18.965517241379047,3.2233778670497886,4.99257132305984,6.6985792984980375,0.13238330983032393,EXT,HTB,SBICARD
2025-12-04 15:15:00+05:30,SBICARD,14,17.0,26,-19.095012151371105,0.961597699969196,25.040106951871657,-65.23005241700668,-84.4496214327315,0.0,0.5657989353233028,3.7632022898576216,0.057911792454637054,EXT,HTB,SBICARD
2025-12-05 15:15:00+05:30,SBICARD,14,16.0,25,-12.334604171339121,0.9597261779843101,23.830024813895783,-60.92057761732827,-73.33032490974729,0.0,1.2183189933862444,4.643087070089195,0.08025237213754004,EXT,HTB,SBICARD
2025-12-08 15:15:00+05:30,SBICARD,14,15.0,22,-39.65061487185302,0.9598002751311968,23.875792141951838,-2.29911484078682,-41.95884584434966,5.86859978933382,3.1934123229203184,1.0914793135953844,-0.010016664210022876,EXT,HTB,SBICARD
2025-12-09 15:15:00+05:30,SBICARD,14,14.0,21,-14.960584613613607,0.9588701935223081,23.313267813267814,-34.064665127021314,-49.07621247113164,0.3392983731795765,2.603264046681101,4.301238301807104,0.07157450454587135,EXT,HTB,SBICARD
2025-12-10 15:15:00+05:30,SBICARD,14,13.0,20,-5.199006412108434,0.9519733946300191,19.821792260692465,5.196304849885052,0.0,7.19857210994643,6.25,5.572448492895337,0.10383281148322625,EXT,HTB,SBICARD
2025-12-11 15:15:00+05:30,SBICARD,14,12.0,19,-16.026558296606847,0.9499523116309422,18.980942828485457,-17.775229357797645,-33.83027522935832,2.8383161621687325,3.6271892447797605,4.162495979408766,0.06805186655196208,EXT,HTB,SBICARD
2025-12-12 15:15:00+05:30,SBICARD,14,11.0,18,13.701758392326237,0.9452244413684002,17.256317689530686,-17.15658240878417,-3.4313164817576145,2.7740073007487944,5.977779197672076,8.03734684569409,0.16629265760915243,EXT,HTB,SBICARD
2025-12-15 15:15:00+05:30,SBICARD,14,10.0,15,0.0,0.9369484841015528,14.860046911649727,-17.241379310344826,-17.241379310344826,2.0582102754810205,4.787747770516635,6.25,0.12101355225577982,EXT,HTB,SBICARD
2025-12-16 15:15:00+05:30,SBICARD,14,9.0,14,-11.827321111768185,0.9300942712110225,13.304979253112034,-11.841326228537595,-23.68265245707519,3.1646234776089535,4.194297991077684,4.709135247812221,0.08192874990166393,EXT,HTB,SBICARD
2025-12-17 15:15:00+05:30,SBICARD,14,8.0,13,16.141567525557754,0.922189111205714,11.851671732522796,-28.177458033573416,-11.990407673860911,0.0,5.183200708244679,8.355868682550884,0.17435529976226333,EXT,HTB,SBICARD
2025-12-18 15:15:00+05:30,SBICARD,14,7.0,12,-11.734334663224594,0.9196651914566096,11.447904191616766,-45.38221253020596,-57.169800200389254,0.0,1.0481111512245727,4.721242432303174,0.08223603478288029,EXT,HTB,SBICARD
2025-12-19 15:15:00+05:30,SBICARD,14,6.0,11,-20.750475531730412,0.9033344400701987,9.344946025515211,36.18194348724991,15.506547208821763,18.277598943081582,7.7023801385452755,3.547829893906022,0.05244111499400396,EXT,HTB,SBICARD
2025-12-22 15:15:00+05:30,SBICARD,14,5.0,8,29.945292254535243,0.8432934926958832,5.38135593220339,31.572904707233064,61.42365097589004,20.67792635420734,12.496880736131862,10.159439130967419,0.21997136511504123,EXT,HTB,SBICARD
2025-12-23 15:15:00+05:30,SBICARD,14,4.0,7,58.5903842839913,0.7730416308818876,3.406094403505278,-5.172413793103971,53.448275862068705,3.553652936062263,11.838840660947925,13.910137592169189,0.31463251025574096,EXT,HTB,SBICARD
2025-12-24 15:15:00+05:30,SBICARD,14,3.0,6,166.66666666666666,0.6049284910144686,1.5311873350923484,-45.029442327675525,122.38771504445239,0.0,19.469743916864942,28.15927923385418,0.6717835587625296,EXT,HTB,SBICARD
2025-12-26 15:15:00+05:30,SBICARD,14,2.0,4,193.7716262975773,0.46777269946377803,0.8788964771113665,-23.121387283236995,171.09826589595323,0.0,25.93478193007559,31.75745254423572,0.7613551515162206,EXT,HTB,SBICARD
2025-12-29 15:15:00+05:30,SBICARD,14,1.0,1,136.92217671152773,0.32384253528101015,0.47894544123031857,-37.58956889463227,99.84729237636556,0.0,18.880146553075054,24.22210545838668,0.5734893212057386,EXT,HTB,SBICARD
2025-12-30 15:15:00+05:30,SBICARD,14,0.0,0,-9.391876027237242,0.2083749861157392,0.26322435807492633,-68.55791962174888,-78.01418439716339,,0.0,5.026276438111027,0.08997697053198757,EXT,HTB,SBICARD
2025-12-31 15:15:00+05:30,SBICARD,15,17.0,27,48.52686308492254,0.9765211803667638,41.59157894736842,-40.603248259860784,8.120649651972686,0.7721557678209167,6.789134776411436,12.591221677552294,0.1210512576756295,EXT,HTB,SBICARD
2026-01-01 15:15:00+05:30,SBICARD,15,16.0,26,58.493079284184496,0.9737803986549052,37.139405204460964,-38.95348837209329,19.76744186046564,0.7921527385640559,7.587454983395187,13.897378496452667,0.19143795186905743,EXT,HTB,SBICARD
2026-01-02 15:15:00+05:30,SBICARD,15,15.0,25,60.98256012766339,0.9736725772385677,36.98320895522388,-13.697066544914186,47.36902180116399,4.251596585450983,9.519957080660022,14.223850379954033,0.20901998333685987,EXT,HTB,SBICARD
2026-01-05 15:15:00+05:30,SBICARD,15,14.0,22,44.47231883231759,0.970602766798419,33.016806722689076,-40.07098288396588,4.579540901025713,0.0,6.584383057664592,12.060213700513527,0.09241591998117336,EXT,HTB,SBICARD
2026-01-06 15:15:00+05:30,SBICARD,15,13.0,21,53.464023167742866,0.9673410404624277,29.61946902654867,-20.089285714285204,33.482142857142854,2.761793423290896,8.748262685566278,13.238114632272936,0.15592009555606887,EXT,HTB,SBICARD
2026-01-07 15:15:00+05:30,SBICARD,15,12.0,20,28.248587570621467,0.9664964153507334,28.84755244755245,-17.544852566641627,10.753296734394086,3.0508699998814794,7.068138569063871,9.937616118479877,-0.022164657859183663,EXT,HTB,SBICARD
2026-01-08 15:15:00+05:30,SBICARD,15,11.0,19,30.9633027522941,0.9635695342669707,26.44955300127714,12.026802588625559,42.95286638795029,8.561802534696128,9.592885802846896,10.292549449092014,-0.0029919022722841742,EXT,HTB,SBICARD
2026-01-09 15:15:00+05:30,SBICARD,15,10.0,18,56.68671911152218,0.9612399519541717,24.799761620977353,6.936416184971361,63.58381502890174,7.657039106606614,11.311345586469566,13.660542609238618,0.1786804801732512,EXT,HTB,SBICARD
2026-01-12 15:15:00+05:30,SBICARD,15,9.0,15,74.15192386290678,0.9606834548463569,24.43458475540387,-15.789473684210792,58.47953216374269,2.4109247887301795,11.228531628198416,15.95224957791334,0.30202900094408786,EXT,HTB,SBICARD
2026-01-13 15:15:00+05:30,SBICARD,15,8.0,14,97.48978400467044,0.9569187128800638,22.2119341563786,17.482517482517483,114.80186480186507,10.811930922732236,16.28453876041461,19.02084267925579,0.46685332264091767,EXT,HTB,SBICARD
2026-01-14 15:15:00+05:30,SBICARD,15,7.0,13,136.35829317033057,0.9441516009583969,16.905616224648988,-56.14989065547609,80.97405284000263,0.0,13.4880099390373,24.14758090579455,0.7413633085471406,EXT,HTB,SBICARD
2026-01-16 15:15:00+05:30,SBICARD,15,6.0,11,123.42016258232928,0.9373881932021467,14.971428571428572,-43.50417163289604,80.45292014302743,0.0,13.81002039591337,22.438807805059064,0.649987381823845,EXT,HTB,SBICARD
2026-01-19 15:15:00+05:30,SBICARD,15,5.0,8,131.45315487571702,0.8998289763010017,8.982926829268292,2.3894862604545457,133.81123058542468,7.340333378352196,19.908560607450564,23.499482672907266,0.7067206254850368,EXT,HTB,SBICARD
2026-01-20 15:15:00+05:30,SBICARD,15,4.0,7,115.1477832512318,0.8860953920776071,7.779276082327892,-27.78635381290522,87.68138314294562,0.0,15.434239109987482,21.347425566903357,0.5915634601881582,EXT,HTB,SBICARD
2026-01-21 15:15:00+05:30,SBICARD,15,3.0,6,93.49360809005945,0.7523548432447631,3.0380357649730345,-44.71986200728295,49.191848208011535,0.0,11.543921177083414,18.494890188063334,0.43863021304535266,EXT,HTB,SBICARD
2026-01-22 15:15:00+05:30,SBICARD,15,2.0,5,69.93888223804366,0.5499321749241005,1.2218873340509508,-60.218052738336716,10.141987829614028,0.0,7.372334551968053,15.399064053307995,0.2722742709096959,EXT,HTB,SBICARD
2026-01-23 15:15:00+05:30,SBICARD,15,1.0,4,54.26707151624841,0.28976920693928127,0.40799302110026714,-38.261997405966866,16.212710765239947,0.0,8.100763021664692,13.343364655628712,0.16159164806894558,EXT,HTB,SBICARD
2026-01-27 15:15:00+05:30,SBICARD,15,0.0,0,-36.30705394190812,0.21090951565176763,0.26728178812848474,2.592688618096082,-33.70495203526086,,1.8637065975218206,1.5256872961149852,-0.4780907693095328,EXT,HTB,SBICARD
2026-01-28 15:15:00+05:30,SBICARD,16,20.0,27,45.27772463490791,0.9751795267241795,39.289320388349516,-0.6377551020402363,44.64285714285714,6.163787707515205,8.927233351059332,11.121734303285614,0.06333775910335898,EXT,HTB,SBICARD
2026-01-29 15:15:00+05:30,SBICARD,16,19.0,26,105.92389172224432,0.9648975255632775,27.488020176544765,42.9687499999994,148.4374999999997,12.295148386864744,15.347637743818796,17.68189431090133,0.2784574887139012,EXT,HTB,SBICARD
2026-01-30 15:15:00+05:30,SBICARD,16,18.0,25,99.53200184562593,0.9580521370914384,22.839116719242902,-40.37061548643223,59.56320317670417,0.36775565729130627,9.945860052984305,16.98858387334683,0.2557846358693291,EXT,HTB,SBICARD
2026-02-01 15:15:00+05:30,SBICARD,16,17.0,23,131.9727891156469,0.953461036134088,20.487371375116933,74.27413909520594,205.26671168129704,18.080974307309305,19.5310509448205,20.511985140783956,0.37085626728554183,EXT,HTB,SBICARD
2026-02-02 15:15:00+05:30,SBICARD,16,16.0,22,147.99728445349595,0.9446288351007852,17.059941520467838,33.82949932341001,181.32611637347736,11.872136552789266,18.177041220991647,22.256685418063828,0.4276972066190895,EXT,HTB,SBICARD
2026-02-03 15:15:00+05:30,SBICARD,16,15.0,21,148.819366360209,0.9437762350661931,16.78607322325915,13.870541611624235,162.48348745046178,8.662505757628988,17.121558660199724,22.346267805905175,0.43061323653463474,EXT,HTB,SBICARD
2026-02-04 15:15:00+05:30,SBICARD,16,14.0,20,126.17039644066669,0.9415155852417303,16.098572399728077,-54.07931633061915,72.77340098811499,0.0,11.186928566504657,19.880936153537082,0.35027443658982144,EXT,HTB,SBICARD
2026-02-05 15:15:00+05:30,SBICARD,16,13.0,19,117.23954169997425,0.9373457152932879,14.960600375234522,-21.36181575433942,96.12817089452665,2.1506596734164924,12.902172148171974,18.91037029582935,0.3185955498723465,EXT,HTB,SBICARD
2026-02-06 15:15:00+05:30,SBICARD,16,12.0,18,133.06719893546241,0.9338670242132661,14.121049493142516,58.208757772191795,190.50138907262834,18.087929629789674,19.750739832408897,20.631051116148473,0.3747382792218081,EXT,HTB,SBICARD
2026-02-09 15:15:00+05:30,SBICARD,16,11.0,15,114.07591949124672,0.9258160237388724,12.48,32.02195791399876,145.73258397595058,14.054512226869278,17.18546810304198,18.566772166059383,0.3073737763157208,EXT,HTB,SBICARD
2026-02-10 15:15:00+05:30,SBICARD,16,10.0,14,141.21684043816873,0.9150374495870943,10.769891500904158,95.4248366013066,235.2941176470588,31.248080604006777,24.35601411084849,21.518104378371504,0.40364610243115173,EXT,HTB,SBICARD
2026-02-11 15:15:00+05:30,SBICARD,16,9.0,13,168.66052167091556,0.9002825074444529,9.02833078101072,35.82595101615424,203.8822303282957,16.326886207374557,22.247042746620863,24.51063201162676,0.5009923580948368,EXT,HTB,SBICARD
2026-02-12 15:15:00+05:30,SBICARD,16,8.0,12,163.71077762619402,0.8929694475717225,8.343126586869786,36.893203883495445,200.0000000000006,17.492434093943643,22.280409067162182,23.970282587121705,0.4834349814017888,EXT,HTB,SBICARD
2026-02-13 15:15:00+05:30,SBICARD,16,7.0,11,159.15119363395226,0.8884805817731704,7.967048213666319,63.912499176385616,222.04651775713282,27.525390093691126,24.46340772692478,23.47276637297084,0.4672615524341333,EXT,HTB,SBICARD
2026-02-16 15:15:00+05:30,SBICARD,16,6.0,8,133.71413734908418,0.877810808750667,7.184029943855271,-28.642103892721412,105.45501887775059,0.0,15.463208093701702,20.70144079020094,0.3770330527136361,EXT,HTB,SBICARD
2026-02-17 15:15:00+05:30,SBICARD,16,5.0,7,165.63819421890224,0.8595215671501224,6.118530437114508,67.74193548387096,232.25806451612905,41.69276471841532,27.170532217811804,24.180660820628695,0.4902717751545278,EXT,HTB,SBICARD
2026-02-18 15:15:00+05:30,SBICARD,16,4.0,6,204.19957618955857,0.793133435369417,3.8340339667059022,118.65482233502567,320.43147208121826,78.86333674223303,35.96808671325387,28.398336708139915,0.6270539406455532,EXT,HTB,SBICARD
2026-02-19 15:15:00+05:30,SBICARD,16,3.0,5,268.88604353393083,0.6231257208765859,1.6534047436878347,176.1006289308176,440.251572327044,135.9488431469153,48.38754795254774,35.51088689455257,0.856505133241832,EXT,HTB,SBICARD
2026-02-20 15:15:00+05:30,SBICARD,16,2.0,4,213.67521367521368,0.4362885917120687,0.7739573570759137,-23.014959723819903,191.15202659506514,0.0,24.78840783938984,29.437281789010477,0.660665241601575,EXT,HTB,SBICARD
2026-02-23 15:15:00+05:30,SBICARD,16,1.0,1,147.02122219381232,0.25104271537465844,0.3351896303408545,8.941116362242072,155.830885170519,38.899673124595914,22.6288860354889,22.1503334740446,0.4242349886509891,EXT,HTB,SBICARD
2026-02-24 15:15:00+05:30,SBICARD,16,0.0,0,390.5852417302805,0.13169206721375537,0.15166516651665166,-29.987877241115587,361.7686467172848,,45.80684363219504,49.021313103172254,1.2881877913085307,EXT,HTB,SBICARD
2026-02-25 15:15:00+05:30,SBICARD,17,21.0,33,205.46592031610172,0.9642529438752103,26.974331550802138,328.02547770700636,526.7515923566882,43.140012295881434,38.106978494334754,32.3797331339541,0.1738274379321035,EXT,HTB,SBICARD
2026-02-26 15:15:00+05:30,SBICARD,17,20.0,32,147.25130890052355,0.955984613108448,21.719327731092438,157.17598557072978,302.11285751095136,24.32027145445067,24.60594069529738,24.921161926576556,0.04307438560313681,EXT,HTB,SBICARD
2026-02-27 15:15:00+05:30,SBICARD,17,19.0,31,165.78339448294514,0.9475280158206988,18.05778894472362,596.7288525428066,752.6194735497057,78.69363384829663,53.84890047507329,27.290737214041418,0.08469841601407989,EXT,HTB,SBICARD
2026-03-02 15:15:00+05:30,SBICARD,17,18.0,28,159.02964959568672,0.9314168105165317,13.58083252662149,106.66666666666666,263.99999999999943,20.229452241021924,23.382419504770453,26.42666375942421,0.06952915288259255,EXT,HTB,SBICARD
2026-03-04 15:15:00+05:30,SBICARD,17,17.0,26,156.00302384715704,0.9278991652532509,12.869464944649447,-3.437371098583803,152.6192767771196,5.767528897252501,16.456454913816966,26.039629963150468,0.06273119365457991,EXT,HTB,SBICARD
2026-03-05 15:15:00+05:30,SBICARD,17,16.0,25,119.64993846574593,0.9259983150800337,12.513205828779599,-8.896188325463317,110.86019297885476,4.9517338998837275,13.785172998810152,21.400206704781336,-0.018919731424395524,EXT,HTB,SBICARD
2026-03-06 15:15:00+05:30,SBICARD,17,15.0,24,142.66915991412242,0.9211021735409892,11.674620390455532,1.3849456408823357,144.0343466518936,6.460641736255251,16.24147629324153,24.335960064540554,0.03278264008376875,EXT,HTB,SBICARD
2026-03-09 15:15:00+05:30,SBICARD,17,14.0,21,202.1582733812943,0.9153067341637248,10.807314195831696,286.512928022362,482.87910552061436,56.776000012263914,42.37968339652356,31.954764467884072,0.16639829046832968,EXT,HTB,SBICARD
2026-03-10 15:15:00+05:30,SBICARD,17,13.0,20,170.94017094017158,0.9081126632742359,9.882892416225749,59.19632286370917,229.12459084894553,17.085431543139684,23.5160115453524,27.95089430549906,0.09628080479182374,EXT,HTB,SBICARD
2026-03-11 15:15:00+05:30,SBICARD,17,12.0,19,212.61209140873493,0.8960321446509292,8.618357487922705,268.8247712878258,475.7213230119628,58.59949114797568,43.313395977345905,33.298368106933246,0.18987811078048017,EXT,HTB,SBICARD
2026-03-12 15:15:00+05:30,SBICARD,17,11.0,18,249.6156943122752,0.8812978513213139,7.42444733420026,353.7635927128946,594.5487925434264,79.28500618524865,53.851945708146395,38.06590817063461,0.27299013212968004,EXT,HTB,SBICARD
2026-03-13 15:15:00+05:30,SBICARD,17,10.0,17,274.5387453874542,0.8658165825437587,6.452485701715794,355.87188612099646,620.6405693950181,84.0504981513316,57.09102717427439,41.287199360137365,0.32896860423811614,EXT,HTB,SBICARD
2026-03-16 15:15:00+05:30,SBICARD,17,9.0,14,340.817669860308,0.8550307052009662,5.898012447299739,164.01697719588486,499.2446586576496,49.36613252731411,49.722168827093434,49.89404842009035,0.4778345241364946,EXT,HTB,SBICARD
2026-03-17 15:15:00+05:30,SBICARD,17,8.0,13,356.0830860534125,0.8434161700213652,5.3863554757630165,372.80388515926325,715.6120554206545,112.92285339121828,70.77749754551486,51.88475182157879,0.5121214447872493,EXT,HTB,SBICARD
2026-03-18 15:15:00+05:30,SBICARD,17,7.0,12,386.6393802075727,0.8274228514840886,4.794509925558312,340.29935046597035,713.7814176786228,111.55990314550527,72.1758235085385,55.87896296910396,0.5807524745470574,EXT,HTB,SBICARD
2026-03-19 15:15:00+05:30,SBICARD,17,6.0,11,454.7511312217191,0.8160964029519533,4.437631542023292,460.43165467625903,894.2446043165464,162.65865648463003,91.73155672278044,64.8281740544926,0.7337350184138202,EXT,HTB,SBICARD
2026-03-20 15:15:00+05:30,SBICARD,17,5.0,10,456.0310101086874,0.8053427617363975,4.137235116044399,520.8933717579248,953.1700288184435,201.50681823659386,99.99947888773977,64.9969480777901,0.7366096931219935,EXT,HTB,SBICARD
2026-03-23 15:15:00+05:30,SBICARD,17,4.0,7,487.9603289340731,0.7653701100176296,3.262031576945026,118.43317972350286,600.6144393241171,68.3730456735985,69.05106023646441,69.21471892405262,0.8083246078776856,EXT,HTB,SBICARD
2026-03-24 15:15:00+05:30,SBICARD,17,3.0,6,516.61609059285,0.6037335145581583,1.523554316951605,-37.89004457652236,480.6835066864788,0.0,57.62327413296306,73.01213483410254,0.8726869425662893,EXT,HTB,SBICARD
2026-03-25 15:15:00+05:30,SBICARD,17,2.0,5,351.9374333451831,0.40235164890031705,0.6732247284878864,-38.541146242238895,314.7526943116117,0.0,40.58282489101634,51.34382191272577,0.5028100926659194,EXT,HTB,SBICARD
2026-03-27 15:15:00+05:30,SBICARD,17,1.0,3,217.24673021502892,0.21869916531107497,0.2799167178647007,-37.82821539830818,180.240320427236,0.0,26.996193339501414,33.89450610579228,0.20028775117194822,EXT,HTB,SBICARD
2026-03-30 15:15:00+05:30,SBICARD,17,0.0,0,36.990398237051934,0.062079798931825324,0.06618878542238896,18.853102906520746,55.77376276512104,,13.289450306336944,10.914320135249369,-0.20457736833371876,EXT,HTB,SBICARD
2026-04-01 15:15:00+05:30,SBICARD,18,17.0,27,190.951588622137,0.9548317322984923,21.13943661971831,139.8437500000007,328.125,25.288234599679527,28.390836071326063,31.38263034755657,0.08257645492358481,EXT,HTB,SBICARD
2026-04-02 15:15:00+05:30,SBICARD,18,16.0,26,191.8291997752636,0.9532507066753642,20.390697674418604,205.18867924528232,393.0817610062893,35.354966066408494,33.355713928726495,31.499265515164566,0.08781659656918726,EXT,HTB,SBICARD
2026-04-06 15:15:00+05:30,SBICARD,18,15.0,22,240.7742544653406,0.9523300757313893,19.977587343441,2.3599748269348217,243.07740717432418,6.641587486753234,24.213876792892414,38.02067553343014,0.38006336042812977,EXT,HTB,SBICARD
2026-04-07 15:15:00+05:30,SBICARD,18,14.0,21,226.98810269254855,0.9508155662001816,19.331635900700192,-12.539184952977344,214.73354231974992,4.071935506835146,22.419694624772216,36.18051396322512,0.29774741927374143,EXT,HTB,SBICARD
2026-04-08 15:15:00+05:30,SBICARD,18,13.0,20,228.69955156950607,0.9455959392184297,17.38098086124402,52.04460966542751,279.5539033457242,15.772943709672349,27.81053544357962,36.4088152535133,0.30796633513700755,EXT,HTB,SBICARD
2026-04-09 15:15:00+05:30,SBICARD,18,12.0,19,239.72345382129774,0.9407289913246147,15.871654833424358,32.20973782771502,271.1610486891389,12.447646757359934,27.599029087373538,37.88032423988278,0.37378911904405226,EXT,HTB,SBICARD
2026-04-10 15:15:00+05:30,SBICARD,18,11.0,18,251.52552463164128,0.9345212887252826,14.272139303482588,75.3323485967507,324.9630723781388,21.583554666401753,32.46337740459444,39.45754916486112,0.4442582813117625,EXT,HTB,SBICARD
2026-04-13 15:15:00+05:30,SBICARD,18,10.0,15,295.62124916648213,0.9278503562945368,12.860082304526749,-39.42279083606035,257.3638797976803,0.0,28.382040742916516,45.36743029256556,0.7075501067458703,EXT,HTB,SBICARD
2026-04-15 15:15:00+05:30,SBICARD,18,9.0,13,310.69522625922946,0.9060462171573282,9.643530997304582,-6.583760058522977,304.31602048280837,4.402090995546705,33.76232641581808,47.393864289515534,0.797555543489868,EXT,HTB,SBICARD
2026-04-16 15:15:00+05:30,SBICARD,18,8.0,12,333.8192419825069,0.8855372277408183,7.736464968152866,2.9146021568062586,336.63654911104663,7.136654041161829,37.4970313701938,50.5086216540646,0.9356270770767173,EXT,HTB,SBICARD
2026-04-17 15:15:00+05:30,SBICARD,18,7.0,11,313.41891988811625,0.8699433775027727,6.688958707360862,-29.492159401524304,284.85110056107135,0.0,33.29620381246172,47.76035377494766,0.8138184867805772,EXT,HTB,SBICARD
2026-04-20 15:15:00+05:30,SBICARD,18,6.0,8,298.5074626865672,0.8479108032041568,5.5750889679715305,62.2960545832104,358.9439335508757,34.761475018203484,43.31214046458706,45.75518773498234,0.7247834425014801,EXT,HTB,SBICARD
2026-04-21 15:15:00+05:30,SBICARD,18,5.0,7,249.6111399155605,0.8251807516088879,4.720193910013634,28.803545051699345,277.6957163958634,21.290662982746415,35.61939796316548,39.2015817082702,0.43282765279171603,EXT,HTB,SBICARD
2026-04-22 15:15:00+05:30,SBICARD,18,4.0,6,273.07720241121456,0.8035329709773357,4.089912566879812,-43.034281546317224,231.21808898614185,0.0,31.363407578740738,42.342641824629965,0.5729415186008587,EXT,HTB,SBICARD
2026-04-23 15:15:00+05:30,SBICARD,18,3.0,5,179.82971227246034,0.6881846735272338,2.207026451560069,11.73020527859171,191.34897360703746,14.818076100980363,27.619465779391817,29.90542822196529,0.016168676000594354,EXT,HTB,SBICARD
2026-04-24 15:15:00+05:30,SBICARD,18,2.0,4,189.2979579669091,0.5431990282480035,1.1891371994342292,-48.678199655508124,141.5412266906303,0.0,22.50989181739897,31.162889970553586,0.07270276675082915,EXT,HTB,SBICARD
2026-04-27 15:15:00+05:30,SBICARD,18,1.0,1,67.06408345752608,0.4021927866249938,0.6727800829875519,-7.457121551081282,59.656972408650255,0.0,13.781036319255179,15.021728692197293,-0.6571453146437873,EXT,HTB,SBICARD
2026-04-28 15:15:00+05:30,SBICARD,18,0.0,0,-57.42666459723802,0.21848488955142972,0.27956579038634943,54.02902130287126,-3.0873726458790594,,5.847601037529667,0.0,-1.400468996265084,EXT,HTB,SBICARD
2026-04-29 15:15:00+05:30,SBICARD,19,18.0,27,101.4292300599358,0.9098421541318478,10.091658084449021,18.407731247122747,119.65025310630395,8.740745710324614,13.336405754583403,16.881629217297426,0.28873957908586867,EXT,HTB,SBICARD
2026-04-30 15:15:00+05:30,SBICARD,19,17.0,26,88.33100883309983,0.9079387704511651,9.862335913833727,-4.6511627906969695,83.72093023255778,5.597200102700665,11.280618983820101,15.502587295508885,0.17909598386858874,EXT,HTB,SBICARD
2026-05-04 15:15:00+05:30,SBICARD,19,16.0,22,82.51715894192986,0.9053086419753087,9.560625814863103,-8.490274776166537,74.09694350107988,4.841983867965675,11.012470372556923,14.89106188972846,0.13042896312721972,EXT,HTB,SBICARD
2026-05-05 15:15:00+05:30,SBICARD,19,15.0,21,97.17723276260921,0.9036890319385986,9.383033419023135,-63.64483079788744,34.15088481838009,0.0,8.479715393937745,16.433759140602593,0.2531466338714548,EXT,HTB,SBICARD
2026-05-06 15:15:00+05:30,SBICARD,19,14.0,20,91.6030534351145,0.8946165101816852,8.48915244431588,-73.82343894186334,18.45585973546671,0.0,7.47592959179271,15.846912599640262,0.20648586587341766,EXT,HTB,SBICARD
2026-05-07 15:15:00+05:30,SBICARD,19,13.0,19,80.0369401262128,0.8860309036990791,7.774308408655163,-26.23456790123527,54.01234567901234,1.2168007369110647,9.910729629920173,14.630291028982235,0.10966735716780857,EXT,HTB,SBICARD
2026-05-08 15:15:00+05:30,SBICARD,19,12.0,18,95.23809523809489,0.8841858625201594,7.6345244351024695,-11.627906976744185,83.72093023255778,3.8934886624182594,12.039957698358986,16.229570345414274,0.2369143526993459,EXT,HTB,SBICARD
2026-05-11 15:15:00+05:30,SBICARD,19,11.0,15,61.588836048959934,0.8808584650743858,7.393378519290928,-21.093750000000355,40.625000000000355,1.1225934124538102,9.221665290451556,12.692696095307676,-0.04475944788785581,EXT,HTB,SBICARD
2026-05-12 15:15:00+05:30,SBICARD,19,10.0,14,100.96153846153774,0.8733169768416014,6.893717524799245,16.0,116.79999999999927,10.4247692781819,15.001617689000007,16.83235705332735,0.2848245903699797,EXT,HTB,SBICARD
2026-05-13 15:15:00+05:30,SBICARD,19,9.0,13,163.16831683168243,0.8593833382745331,6.111532785157074,30.79595704358884,193.46178142766897,14.909898517768989,21.105321007661757,23.406477932479113,0.8055498636164735,EXT,HTB,SBICARD
2026-05-14 15:15:00+05:30,SBICARD,19,8.0,12,126.67191188040842,0.8455032825893753,5.472629430321025,-29.195928351614025,97.84581393513662,0.0,13.886083435512617,19.544451390614025,0.5000429568339828,EXT,HTB,SBICARD
2026-05-15 15:15:00+05:30,SBICARD,19,7.0,11,118.39999999999964,0.8387115412393471,5.200071646068422,0.0,118.39999999999964,6.25,15.700842661803893,18.671107498370834,0.43079980219628733,EXT,HTB,SBICARD
2026-05-18 15:15:00+05:30,SBICARD,19,6.0,8,113.51826684786988,0.829461396208969,4.863774991528295,-39.32584269662994,74.63884430176529,0.0,12.609385322735514,18.15603977865647,0.3899354157714913,EXT,HTB,SBICARD
2026-05-19 15:15:00+05:30,SBICARD,19,5.0,7,93.5550935550921,0.8148019959043581,4.399626226444479,-33.697047496789295,60.17329910141206,0.0,11.49514298356811,16.052384740568705,0.22282615308159265,EXT,HTB,SBICARD
2026-05-20 15:15:00+05:30,SBICARD,19,4.0,6,109.62631031447583,0.7401246427065273,2.8479985575189324,10.391686650679093,119.9040767386091,12.574896265636603,16.988898643866854,17.74558476584914,0.3573563274082246,EXT,HTB,SBICARD
2026-05-21 15:15:00+05:30,SBICARD,19,3.0,5,97.38678785911378,0.5936399035787131,1.460871549167237,38.80355699272397,135.8124494745348,34.63169782772779,18.72781122819643,16.45582742826334,0.25490079375156055,EXT,HTB,SBICARD
2026-05-22 15:15:00+05:30,SBICARD,19,2.0,4,100.00000000000072,0.3472902593719383,0.5320745773423922,32.154340836012864,131.83279742765347,35.63810913788482,18.670248594983217,16.731064532937346,0.27677567044132484,EXT,HTB,SBICARD
2026-05-25 15:15:00+05:30,SBICARD,19,1.0,1,205.12820512820514,0.14839135172334691,0.1742482911882555,-38.80880722319097,167.11547600190013,0.0,23.336827110099755,27.864393253564838,1.1567909159755771,EXT,HTB,SBICARD
2026-05-26 15:15:00+05:30,SBICARD,19,0.0,0,134.44709626093947,0.03865305614340844,0.04020718679184202,23.80952380952381,157.93650793650866,,22.85197226980273,20.36601842787167,0.5651280668038803,EXT,HTB,SBICARD
2026-05-27 15:15:00+05:30,SBICARD,20,22.0,34,120.73747756567103,0.9448679312178692,17.138263665594856,201.43884892086368,319.744204636291,28.095829078168066,25.381161167006272,22.084778703452745,0.3913334663870301,EXT,HTB,SBICARD
2026-05-29 15:15:00+05:30,SBICARD,20,21.0,32,86.37873754152899,0.9420693575895395,16.262021589793914,381.85013580444127,464.93050007988535,50.65814545928021,35.211877066672045,17.558998903691307,0.12275345344443617,EXT,HTB,SBICARD
2026-06-01 15:15:00+05:30,SBICARD,20,20.0,29,177.81541066892464,0.9311031792147423,13.5144578313253,420.9587152242687,591.2888312109667,60.38023085226851,45.27881782902689,29.638068626383806,0.8375079186759326,EXT,HTB,SBICARD
2026-06-02 15:15:00+05:30,SBICARD,20,19.0,28,106.99588477366255,0.9248540166676116,12.307431158053564,-21.445067634443326,85.78027053777704,3.4574754795885294,11.86515353982284,20.272831600057266,0.2839163385372829,EXT,HTB,SBICARD
2026-06-03 15:15:00+05:30,SBICARD,20,18.0,27,93.80234505862684,0.9234807417974322,12.068605518269948,-15.098137896325738,78.84583123637049,4.210494682025083,11.503233172252711,18.535516716400796,0.18078330557585656,EXT,HTB,SBICARD
2026-06-04 15:15:00+05:30,SBICARD,20,17.0,26,52.449031384822085,0.9204619804853071,11.572603719599428,-27.994570749914782,24.60128944689399,2.325483650504246,7.914913726799718,13.10509879764567,-0.14247282994964774,EXT,HTB,SBICARD
2026-06-05 15:15:00+05:30,SBICARD,20,16.0,25,51.55946242921063,0.9200919722947656,11.514387211367673,-26.271186440677198,25.423728813559322,2.419436252136536,8.003108910930786,12.988530927711444,-0.1494265320191525,EXT,HTB,SBICARD
2026-06-08 15:15:00+05:30,SBICARD,20,15.0,22,48.14425770308122,0.9130025994137493,10.49459631277813,66.08695652173833,113.91304347826008,17.250817576232425,14.613378022231366,12.541104086944804,-0.17612296293894,EXT,HTB,SBICARD
2026-06-09 15:15:00+05:30,SBICARD,20,14.0,21,85.24422470377633,0.9132357468722886,10.525483870967742,-17.07796089146956,68.31184356587823,3.2842195037723094,11.355995207410064,17.409826985138437,0.11388504114430385,EXT,HTB,SBICARD
2026-06-10 15:15:00+05:30,SBICARD,20,13.0,20,78.4888735552884,0.9116527037319117,10.318965517241379,22.3752151462987,100.68846815834807,10.338052023858713,13.945325804396985,16.521949933352893,0.06107890513297724,EXT,HTB,SBICARD
2026-06-11 15:15:00+05:30,SBICARD,20,12.0,19,52.63157894736842,0.9102625031450058,10.143613707165109,-16.69449081803085,36.0249538704851,3.045574517082053,9.052734042667074,13.129020863599926,-0.14104586764902544,EXT,HTB,SBICARD
2026-06-12 15:15:00+05:30,SBICARD,20,11.0,18,121.02234258632326,0.9044402644778842,9.464658514762899,-64.73594548551883,57.069846678024234,0.0,10.791339307043105,22.12236726382727,0.39356023753404856,EXT,HTB,SBICARD
2026-06-15 15:15:00+05:30,SBICARD,20,10.0,15,84.84445183829682,0.8971423473787505,8.72217403873952,-21.67389129710017,63.35445148382719,0.9817269231610581,11.644869130439488,17.35726674148158,0.11076004292524402,EXT,HTB,SBICARD
2026-06-16 15:15:00+05:30,SBICARD,20,9.0,14,130.99734790645306,0.8752055921052632,7.013179571663921,-2.411575562700599,128.61736334405145,5.621343599299032,17.499964466889267,23.439274900684516,0.4715341986310054,EXT,HTB,SBICARD
2026-06-17 15:15:00+05:30,SBICARD,20,8.0,13,112.17948717948718,0.8548763989669167,5.890677966101695,36.7236148810467,148.49113843206058,16.57984018544536,19.568463301176703,20.956038319194754,0.32443621791200405,EXT,HTB,SBICARD
2026-06-18 15:15:00+05:30,SBICARD,20,7.0,12,101.55125539740779,0.8470098643649815,5.536369131573645,-12.810248198558119,88.87109687750127,2.3560431018231216,14.395737473879342,19.555606490474865,0.24135602848765242,EXT,HTB,SBICARD
2026-06-19 15:15:00+05:30,SBICARD,20,6.0,11,112.9032258064516,0.8407755039236806,5.280440664862775,-19.392372333549538,93.72979961215182,0.0,15.063517200988109,21.051456669885397,0.3300936351997328,EXT,HTB,SBICARD
2026-06-22 15:15:00+05:30,SBICARD,20,5.0,8,111.73184357541899,0.827258604206501,4.789000345901072,23.885350318471335,135.35031847133757,17.16072660259518,20.066735751765474,20.897024080099758,0.32093701727514057,EXT,HTB,SBICARD
2026-06-23 15:15:00+05:30,SBICARD,20,4.0,7,130.35228116492002,0.7909650808000904,3.7838897148263277,23.047164375670274,153.09902049551513,18.281319717772043,22.339521913145393,23.35407246198878,0.46649175430190465,EXT,HTB,SBICARD
2026-06-24 15:15:00+05:30,SBICARD,20,3.0,6,112.78504980653697,0.622545218022165,1.6493239660657477,43.4426229508193,155.7377049180328,32.73516662821864,23.100456503739224,21.03587576277933,0.3291698611741349,EXT,HTB,SBICARD
2026-06-25 15:15:00+05:30,SBICARD,20,2.0,5,164.25120772946934,0.3432971764511054,0.5227587946034548,57.63688760806952,220.94140249759954,48.4466492831458,30.96146393679652,27.839109410662576,0.7314774356467213,EXT,HTB,SBICARD
2026-06-29 15:15:00+05:30,SBICARD,20,1.0,1,29.769288017860823,0.20808545517040797,0.26276251210310175,-61.56918212829572,-31.616607038854767,0.0,2.2769458446533184,10.13642701359677,-0.319758893488448,EXT,HTB,SBICARD
2026-06-30 15:15:00+05:30,SBICARD,20,0.0,0,-9.207332384698326,0.04011652606663835,0.041793120890237734,-30.2241625388308,-39.459323314583536,,1.1163172879238514,5.050310669202114,-0.6244365738929788,EXT,HTB,SBICARD
2026-07-01 15:15:00+05:30,SBICARD,21,19.0,27,67.93022475679416,0.9301984890701749,13.32633744855967,-3.35570469798734,64.597315436242,5.796434536308163,10.550818823115824,15.135403671108861,0.0655051837290526,EXT,HTB,SBICARD
2026-07-02 15:15:00+05:30,SBICARD,21,18.0,26,98.97723523589573,0.9310796198281259,13.509496284062758,-33.101621979476995,66.20324395895399,1.6107156924505281,10.739727074817207,19.216666215586205,0.3901292800728534,EXT,HTB,SBICARD
2026-07-03 15:15:00+05:30,SBICARD,21,17.0,25,99.99173622014635,0.9283150069254035,12.949921135646688,-33.99668325041384,66.33499170812604,1.2949023253609457,10.833572628837102,19.350242542655035,0.40073678978699906,EXT,HTB,SBICARD
2026-07-06 15:15:00+05:30,SBICARD,21,16.0,22,110.65235342692066,0.927309511597424,12.756958055664445,-17.3711638679784,93.47340557531791,3.3704663137350974,13.10564980484531,20.754722547860442,0.5122030203133086,EXT,HTB,SBICARD
2026-07-07 15:15:00+05:30,SBICARD,21,15.0,21,114.80961427273553,0.9253834422031021,12.401851137678365,-15.718067504964354,99.27200529450695,3.52019497316587,13.681700743848419,21.302830071860267,0.5556708783940899,EXT,HTB,SBICARD
2026-07-08 15:15:00+05:30,SBICARD,21,14.0,20,82.05128205128128,0.9211745643707894,11.686260367832672,17.064846416382252,98.9761092150163,9.36699477990997,13.813802145299492,16.99009312057767,0.2131533918142572,EXT,HTB,SBICARD
2026-07-09 15:15:00+05:30,SBICARD,21,13.0,19,77.88689468337323,0.9190457233848953,11.35265191429575,-29.718943703829495,48.399422603379854,0.5493012467018652,10.017803913508303,16.442859294555532,0.16961101960928576,EXT,HTB,SBICARD
2026-07-10 15:15:00+05:30,SBICARD,21,12.0,18,83.95826540593377,0.9215448212066025,11.746131171702284,-31.07113654946815,53.14799672935405,0.0,10.478424596113426,17.240762700105247,0.23309259815631175,EXT,HTB,SBICARD
2026-07-13 15:15:00+05:30,SBICARD,21,11.0,15,108.7569483605897,0.9203074433656958,11.548223350253807,-28.275973501373404,80.78849571820973,0.0,13.135479101932019,20.504902313945575,0.4923848752691242,EXT,HTB,SBICARD
2026-07-14 15:15:00+05:30,SBICARD,21,10.0,14,111.85334783284208,0.919635099913119,11.443243243243243,-42.905062797410096,69.42819252671886,0.0,12.304683232497931,20.91304209751714,0.524760484549636,EXT,HTB,SBICARD
2026-07-15 15:15:00+05:30,SBICARD,21,9.0,13,108.86469673405911,0.9161340987868284,10.923797223119147,-29.636562158789225,79.55077211043553,0.0,13.36027803262852,20.519102598523173,0.49351148030549524,EXT,HTB,SBICARD
2026-07-16 15:15:00+05:30,SBICARD,21,8.0,12,143.58499305234008,0.9122451734845417,10.395384615384616,-67.61482863138296,76.94101189088435,0.0,13.298016314552685,25.103006140873052,0.8565430457664513,EXT,HTB,SBICARD
2026-07-17 15:15:00+05:30,SBICARD,21,7.0,11,115.62906807565767,0.9079125399144883,9.859241845430503,-14.57055214723996,101.22699386503103,1.4187447271490425,15.772084724894661,21.41089686686621,0.5642389964242671,EXT,HTB,SBICARD
2026-07-20 15:15:00+05:30,SBICARD,21,6.0,8,134.4485265379508,0.8931047158911879,8.354949643822156,9.371339320578254,143.69386958219516,10.527678256945128,20.92464896353674,23.895212022562845,0.7610131657477154,EXT,HTB,SBICARD
2026-07-21 15:15:00+05:30,SBICARD,21,5.0,7,124.93210211841495,0.8692351644763693,6.647315855181024,23.99752283635167,148.62981885740862,18.778032156711358,21.86630891966694,22.63837811040583,0.661510488035948,EXT,HTB,SBICARD
2026-07-22 15:15:00+05:30,SBICARD,21,4.0,6,128.0,0.8227738098471065,4.642506895494943,30.30786409315644,157.91992343276405,24.71528030642125,23.338456607956715,23.04342295828574,0.6935880878472077,EXT,HTB,SBICARD
2026-07-23 15:15:00+05:30,SBICARD,21,3.0,5,102.36157008140601,0.6567988848054745,1.9137434458311793,23.31939530395516,125.442264393695,23.293037971141796,20.21243290694385,19.662324859765768,0.4255155096645279,EXT,HTB,SBICARD
2026-07-24 15:15:00+05:30,SBICARD,21,2.0,4,104.8556218744959,0.392481960950764,0.6460416575695385,-30.74433656957892,74.43365695792917,0.0,14.771844090006208,19.99084608970972,0.4515930384530538,EXT,HTB,SBICARD
2026-07-27 15:15:00+05:30,SBICARD,21,1.0,1,30.139103554869326,0.22689293534631785,0.2934819066075355,-14.704744214844757,15.478678120888476,0.0,8.1996877721915,10.184779947716386,-0.32963458595188655,EXT,HTB,SBICARD
2026-07-28 15:15:00+05:30,SBICARD,21,0.0,0,-94.93913176632793,0.07921655431465272,0.0860316882170825,44.21068679015307,-50.30871255430985,,0.0,0.0,-1.637438734784573,EXT,HTB,SBICARD
2026-07-29 15:15:00+05:30,SBICARD,22,19.0,27,109.58282950423215,0.964239157242011,26.963546798029558,-9.077155824508663,100.60514372163355,5.023459599647119,12.202716327131903,17.741000088334463,0.9982263756567341,EXT,HTB,SBICARD
2026-07-30 15:15:00+05:30,SBICARD,22,18.0,26,113.34048093122955,0.9625770422583172,25.721565059144677,77.50759878419488,189.9696048632219,17.173261128639343,17.726390457534904,18.13728653042878,1.052379929843149,EXT,HTB,SBICARD
2026-07-31 15:15:00+05:30,SBICARD,22,17.0,25,82.60078811761038,0.962620306357598,25.752493200362647,3.0303030303037195,85.60606060606025,6.692491289945747,11.480120599047138,14.899855819833826,0.6093735326834607,EXT,HTB,SBICARD
2026-08-03 15:30:00+05:30,SBICARD,22,16.0,22,89.68609865470852,0.9614000205683727,24.906749555950267,,,,,15.645172939895941,0.7114837883984028,EXT,HTB,SBICARD
2026-08-04 15:30:00+05:30,SBICARD,22,15.0,21,80.4753309265931,0.960667865748125,24.424503882657465,,,,,14.67637880945922,0.5787424155080625,EXT,HTB,SBICARD
2026-08-05 15:30:00+05:30,SBICARD,22,14.0,20,80.49349281576805,0.9580638573081898,22.84577922077922,,,,,14.678288202683781,0.5790041563503601,EXT,HTB,SBICARD
2026-08-06 15:30:00+05:30,SBICARD,22,13.0,19,31.04884513441809,0.9569754048377261,22.24251968503937,,,,,9.49298815377349,-0.13356949755552153,EXT,HTB,SBICARD
2026-08-07 15:30:00+05:30,SBICARD,22,12.0,18,60.96184240234918,0.9568352596286687,22.16705698672912,,,,,12.626906486939552,0.2975229414047868,EXT,HTB,SBICARD
2026-08-10 15:30:00+05:30,SBICARD,22,11.0,15,75.90860297500453,0.9489491458736352,18.588310854206807,,,,,14.196381118311335,0.5129288203980498,EXT,HTB,SBICARD
2026-08-11 15:30:00+05:30,SBICARD,22,10.0,14,87.48838649736726,0.9389681879280548,15.38489774514945,,,,,15.413934479071967,0.679811365686799,EXT,HTB,SBICARD
2026-08-12 15:30:00+05:30,SBICARD,22,9.0,13,116.13597908014256,0.91992259491338,11.487917146144994,,,,,18.43220084829903,1.0926673709286971,EXT,HTB,SBICARD
2026-08-13 15:30:00+05:30,SBICARD,22,8.0,12,89.86674930275728,0.9118908979466749,10.349565217391305,,,,,15.664182886264866,0.7140872429358922,EXT,HTB,SBICARD
2026-08-14 15:30:00+05:30,SBICARD,22,7.0,11,81.64883075703491,0.8987238267675145,8.8739907727797,,,,,14.799758216782891,0.5956543584836672,EXT,HTB,SBICARD
2026-08-17 15:30:00+05:30,SBICARD,22,6.0,8,102.73704023213796,0.8882607056913397,7.94940321743643,,,,,17.019421764980784,0.8995679908923537,EXT,HTB,SBICARD
2026-08-18 15:00:00+05:30,SBICARD,22,5.0,7,69.60181288442789,0.8607828554113985,6.183023347843292,-61.889250814331504,8.143322475570033,0.0,6.957308179363373,13.533852747808627,0.42203824538127777,EXT,HTB,SBICARD
2025-06-02 15:15:00+05:30,RVNL,1,18.0,24,-19.583843329253643,0.9255936675461741,12.439716312056738,-52.91005291005234,-72.59751445797929,0.0,1.7750218657841141,4.20968212177307,0.4301979400781469,MOD,HTB,
2025-06-03 15:15:00+05:30,RVNL,1,17.0,23,-58.010367810416334,0.9215938303341902,11.754098360655737,-29.71032433770848,-87.89304283238455,1.5420909202765467,0.7429660916301178,0.21782691851962577,0.055827062803612645,MOD,HTB,
2025-06-04 15:15:00+05:30,RVNL,1,16.0,22,-21.87176240359131,0.9324975891996142,13.814285714285715,-67.21520454282151,-89.23397844477977,0.0,0.5612383237957153,3.971578382578162,0.40790786095811565,MOD,HTB,
2025-06-05 15:15:00+05:30,RVNL,1,15.0,21,-51.18064441084072,0.9219272808387241,11.808571428571428,-27.994867607606338,-79.3187915548824,1.3910235432086144,1.1005101529198598,0.9262021187468349,0.12236572522922301,MOD,HTB,
2025-06-06 15:15:00+05:30,RVNL,1,14.0,20,-55.81395348837157,0.9196392785571142,11.443890274314214,-43.209155669742444,-99.26427653859629,0.0,0.0,0.4455853335216885,0.07722565577304298,MOD,HTB,
2025-06-09 15:15:00+05:30,RVNL,1,13.0,17,-57.43165632896853,0.9190235690235691,11.349272349272349,-43.839409321643615,-101.5228426395947,0.0,0.0,0.2778319038960426,0.06146516637721756,MOD,HTB,
2025-06-10 15:15:00+05:30,RVNL,1,12.0,16,-55.00936329588068,0.9019455252918288,9.198412698412698,-25.815536259093307,-80.96690917624943,0.3684193366044287,0.4786424881515615,0.5290302145731272,0.08506438540775037,MOD,HTB,
2025-06-11 15:15:00+05:30,RVNL,1,11.0,15,-30.239590602465956,0.901365240067495,9.13841368584759,-20.97902097902045,-51.282051282051015,1.1504522027344046,2.5159765132576015,3.1012012177676977,0.3263841940120984,MOD,HTB,
2025-06-12 15:15:00+05:30,RVNL,1,10.0,14,-64.07931326320825,0.8942096597145993,8.4526588845655,-13.317191283293253,-77.48184019370433,2.7803277888415687,0.5006384398918657,0.0,-0.00329971131843407,MOD,HTB,
2025-06-13 15:15:00+05:30,RVNL,1,9.0,13,-49.0376363859262,0.889025221540559,8.01105651105651,2.4512807942141417,-46.57433509008541,6.938328590770835,2.7166317774079873,1.1485729610161088,0.14324400670604268,MOD,HTB,
2025-06-16 15:15:00+05:30,RVNL,1,8.0,10,-32.87871407695971,0.8781633185494391,7.207708779443255,-13.412998414827737,-46.33581270576704,1.3575359761924526,2.500331251332811,2.826844187087074,0.30067250179631183,MOD,HTB,
2025-06-17 15:15:00+05:30,RVNL,1,7.0,9,-36.22735790131139,0.8618974298235225,6.240994854202401,-8.752188047012321,-45.01125281320358,2.702053902458127,2.5244901998879827,2.478830962084275,0.26804829903196753,MOD,HTB,
2025-06-18 15:15:00+05:30,RVNL,1,6.0,8,-32.849020846494284,0.8444770725096001,5.429920116194626,33.996474439688306,1.2591286829516837,21.787317153384567,6.356886257057792,2.829930623611538,0.30096178845152066,MOD,HTB,
2025-06-19 15:15:00+05:30,RVNL,1,5.0,7,-28.79204292631765,0.8205186020293123,4.571608040201005,-14.416775884666091,-43.25032765399678,0.0,2.4994453748951004,3.251715506183708,0.3404869446702281,MOD,HTB,
2025-06-20 15:15:00+05:30,RVNL,1,4.0,6,-12.809017548354042,0.7927927927927928,3.8260869565217392,16.62404092071553,3.8363171355492907,16.37137346598323,6.591591320596573,4.915057238530238,0.4962017617930368,MOD,HTB,
2025-06-23 15:15:00+05:30,RVNL,1,3.0,3,20.429009193054426,0.6572853580334878,1.9178794178794178,-14.064697609001698,6.393044367727912,0.0,6.864265107453512,8.382632937201752,0.8200236373872101,MOD,HTB,
2025-06-24 15:15:00+05:30,RVNL,1,2.0,2,21.329987452949126,0.4881815316734951,0.9538177339901478,-3.7655328228938685,17.57248650684186,0.0,7.985026931025081,8.476788691145238,0.828801428928764,MOD,HTB,
2025-06-25 15:15:00+05:30,RVNL,1,1.0,1,17.517517517518655,0.3031654981941789,0.4350609756097561,-5.007511266901489,12.518778167250877,0.0,7.520060154664372,8.078428771453568,0.7916583946944405,MOD,HTB,
2025-06-26 15:15:00+05:30,RVNL,1,0.0,0,-42.499999999999716,0.14890563329745246,0.17495784148397978,-6.253908692933083,-48.780487804877765,,1.175259363776826,1.8272488460061334,0.20693700788550187,MOD,HTB,
2025-06-27 15:15:00+05:30,RVNL,2,24.0,34,-30.052592036062826,0.9613627463777574,24.881756756756758,-71.8880060537274,-102.15664018161209,0.0,0.2664509220125726,2.338304855993006,-0.00029968253626244505,EXT,HTB,RVNL
2025-06-30 15:15:00+05:30,RVNL,2,23.0,31,-16.378984502960243,0.9610908261068005,24.700879765395893,41.40526976160545,25.09410288582183,11.135257364792126,7.8043828976226335,4.116629023256314,0.10177443244762813,EXT,HTB,RVNL
2025-07-01 15:15:00+05:30,RVNL,2,22.0,30,16.445287792535794,0.9569091934574168,22.206806282722514,16.418287446324253,32.83657489264851,8.249199927379296,8.319839812246538,8.39552540317581,0.34680914888524084,EXT,HTB,RVNL
2025-07-02 15:15:00+05:30,RVNL,2,21.0,29,31.91217768700536,0.9546751536435469,21.062953995157386,28.00407331975618,59.826883910387544,9.779595069350759,10.092525571304895,10.416632162614563,0.46227019994358093,EXT,HTB,RVNL
2025-07-03 15:15:00+05:30,RVNL,2,20.0,28,11.52516327314608,0.9547619047619048,21.105263157894736,14.066496163683157,25.575447570332482,8.08495912496005,7.919106454483754,7.753253784007347,0.31008019094846945,EXT,HTB,RVNL
2025-07-04 15:15:00+05:30,RVNL,2,19.0,27,7.655990812811314,0.9498383680749081,18.935555555555556,-16.61554192229126,-8.946830265849252,4.005688894640107,5.656521257738425,7.2483953221548045,0.2811966389193072,EXT,HTB,RVNL
2025-07-07 15:15:00+05:30,RVNL,2,18.0,24,17.997171872991096,0.9468706832430135,17.822,6.423432682425488,24.409044193216562,7.2272109398309015,7.965421583297179,8.598173563411093,0.358394035586616,EXT,HTB,RVNL
2025-07-08 15:15:00+05:30,RVNL,2,17.0,23,19.387359441644048,0.9412628487518355,16.025,0.0,19.387359441644048,6.25,7.638873470048169,8.779733820444878,0.36877185032119314,EXT,HTB,RVNL
2025-07-09 15:15:00+05:30,RVNL,2,16.0,22,2.596728122566158,0.9374233128834356,14.980392156862745,-16.907270126155133,-14.306151645207736,3.447298817837337,5.206397248996108,6.588546016335138,0.24342900807809825,EXT,HTB,RVNL
2025-07-10 15:15:00+05:30,RVNL,2,15.0,21,9.090909090909681,0.933782154340836,14.101669195751137,0.0,9.090909090909681,6.25,6.927487958646577,7.435603927631511,0.29190837047636065,EXT,HTB,RVNL
2025-07-11 15:15:00+05:30,RVNL,2,14.0,20,27.774103954503673,0.9305252725470763,13.393723252496434,77.42782152230942,104.98687664041995,20.435566448420143,14.27558021400405,9.875590046563792,0.431379287434894,EXT,HTB,RVNL
2025-07-14 15:15:00+05:30,RVNL,2,13.0,17,7.87091696182486,0.9235619361722767,12.08248730964467,23.557126030625156,31.409501374165387,11.313820327305669,8.801668989542607,7.276434248757965,0.28280107259888604,EXT,HTB,RVNL
2025-07-15 15:15:00+05:30,RVNL,2,12.0,16,96.51754271553528,0.8725967291583566,6.84909204758923,16.927083333332742,113.28125000000058,10.114762767065713,15.700826315674332,18.892862629164956,0.9445522489590734,EXT,HTB,RVNL
2025-07-16 15:15:00+05:30,RVNL,2,11.0,15,52.205690420255806,0.855925389934073,5.940848214285714,2.6096033402913856,54.8016701461369,6.885086349248365,10.914562672477162,13.073210702778256,0.6137622145524599,EXT,HTB,RVNL
2025-07-17 15:15:00+05:30,RVNL,2,10.0,14,57.83385909568845,0.8450850435199233,5.455154639175258,23.603461841070917,81.30081300813067,12.411033644166107,13.344305674508949,13.810941689680359,0.6557767549825587,EXT,HTB,RVNL
2025-07-18 15:15:00+05:30,RVNL,2,9.0,13,54.82016312341253,0.8338857323232324,5.019952494061758,26.670222696359513,81.34417922389682,13.748181269603677,13.521229824332995,13.415859510457384,0.6332793746492518,EXT,HTB,RVNL
2025-07-21 15:15:00+05:30,RVNL,2,8.0,10,59.382422802850364,0.8280006367398918,4.8139750115687185,-5.281225244256367,54.13255875363114,4.322861623658518,11.463699031991045,14.013998106395608,0.6673368549431621,EXT,HTB,RVNL
2025-07-22 15:15:00+05:30,RVNL,2,7.0,9,68.58526089295351,0.8110351187274264,4.291988613257422,8.062348830959724,76.5923138941151,9.52104915344566,13.834812401343246,15.221379159596072,0.7360364684952684,EXT,HTB,RVNL
2025-07-23 15:15:00+05:30,RVNL,2,6.0,8,34.67128950526767,0.7932101152269739,3.8358264771877337,-8.007473642066232,26.69157880688643,2.5980520995783274,8.959847634493144,10.777503501611646,0.4828670977489997,EXT,HTB,RVNL
2025-07-24 15:15:00+05:30,RVNL,2,5.0,7,78.23896035008589,0.7595808602623287,3.1594026211520876,9.273979862214253,87.44038155802741,11.087961775924466,15.408884076649915,16.489114651831272,0.8081017830819057,EXT,HTB,RVNL
2025-07-25 15:15:00+05:30,RVNL,2,4.0,6,111.2331776984348,0.7166864235408967,2.5296578882599063,30.120481927709914,141.01861993428196,24.600944031505538,21.496520233727075,20.83128656277448,1.0544051472281681,EXT,HTB,RVNL
2025-07-28 15:15:00+05:30,RVNL,2,3.0,3,76.03491974091932,0.5675124762775006,1.312205428246384,-16.92524682651686,59.23836389280741,0.0,13.245580474863223,16.199568745576904,0.7916485176196211,EXT,HTB,RVNL
2025-07-29 15:15:00+05:30,RVNL,2,2.0,2,69.15629322268326,0.4255854461002516,0.7409029649595688,-11.077263915812162,58.1556355580178,0.0,13.346256750745505,15.296333519097411,0.7402992513448744,EXT,HTB,RVNL
2025-07-30 15:15:00+05:30,RVNL,2,1.0,1,72.66629401900566,0.23922350162385592,0.3144464926748812,5.5865921787706325,78.2122905027936,26.64675940197243,16.13265854544881,15.757154943430052,0.7665015702288994,EXT,HTB,RVNL
2025-07-31 15:15:00+05:30,RVNL,2,0.0,0,-34.552260293693884,0.12945484133441823,0.14870548649406487,18.68084494898627,-15.806868802989262,,4.191088564115495,1.7536295912469995,-0.033889914960797934,EXT,HTB,RVNL
2025-08-01 15:15:00+05:30,RVNL,3,17.0,27,66.4739884393067,0.9556425903998542,21.544147843942504,41.7326233990499,107.92919844581955,11.903437283160775,12.851381425266805,13.626972086989861,0.20992492179125521,EXT,HTB,RVNL
2025-08-04 15:15:00+05:30,RVNL,3,16.0,24,25.524673851390645,0.955378413047462,21.410677618069816,24.04866317725183,49.51195360022634,9.911805701731186,9.428377184236135,9.076792807876059,0.07333779272112541,EXT,HTB,RVNL
2025-08-05 15:15:00+05:30,RVNL,3,15.0,23,44.2162316360009,0.9555759522716842,21.510330578512395,32.698322433891875,76.7699744100082,11.447583855827883,11.273063046948199,11.151427331668383,0.13568379878594333,EXT,HTB,RVNL
2025-08-06 15:15:00+05:30,RVNL,3,14.0,22,36.21089223638471,0.9544496379800201,20.953722334004024,38.95541768864587,75.02524888183588,12.72567927942338,11.247719623762329,10.262413186655008,0.1089818542765171,EXT,HTB,RVNL
2025-08-07 15:15:00+05:30,RVNL,3,13.0,21,11.56905278380267,0.952561144439317,20.079766536964982,43.196544276457885,54.71562275017933,13.774233560470178,9.95852578945733,7.530348116994734,0.02678858340725426,EXT,HTB,RVNL
2025-08-08 15:15:00+05:30,RVNL,3,12.0,20,104.01188707280832,0.9521894140232197,19.915869980879542,8.907363420427892,112.82660332541602,7.876318242185388,14.0643004179635,17.814592645707876,0.33513321544090147,EXT,HTB,RVNL
2025-08-11 15:15:00+05:30,RVNL,3,11.0,17,13.18295005126836,0.9468616586429285,17.81880341880342,36.48569760653823,49.62054874489333,14.098019643479681,9.881316924698428,7.7090761301747985,0.03217176494754593,EXT,HTB,RVNL
2025-08-12 15:15:00+05:30,RVNL,3,10.0,16,68.52515184550657,0.9302248126561199,13.331742243436754,74.20003091667884,142.21672592363475,23.239993195168797,16.91974683873574,13.855384968949997,0.21676661190807156,EXT,HTB,RVNL
2025-08-13 15:15:00+05:30,RVNL,3,9.0,15,24.70660901791264,0.9149138820541313,10.752798507462687,67.48466257668677,92.02453987730063,22.726927633053933,13.280096297038819,8.986082053395643,0.07060912367934938,EXT,HTB,RVNL
2025-08-14 15:15:00+05:30,RVNL,3,8.0,14,57.659342371825545,0.8946806074944669,8.494927536231884,120.09237875288613,177.0592763664357,37.74932103055254,20.12353565859679,12.64592974322159,0.1805235212490873,EXT,HTB,RVNL
2025-08-18 15:15:00+05:30,RVNL,3,7.0,10,48.271566490190324,0.8605836358559061,6.172759138708062,95.61998766193602,143.42998149290491,41.3192299522918,18.513026557974396,11.602055832423572,0.14921043655084554,EXT,HTB,RVNL
2025-08-19 15:15:00+05:30,RVNL,3,6.0,9,72.11907319318775,0.8383237405419388,5.1852,68.57665345931117,140.20115818348134,34.15744248737001,18.520366665539978,14.255709623222652,0.2287541971441986,EXT,HTB,RVNL
2025-08-20 15:15:00+05:30,RVNL,3,5.0,8,104.93827160493755,0.7994900324524803,3.9872832369942195,221.8198279764606,324.43036064584277,108.59464375994861,35.61111488038029,17.918138182303036,0.3382231866634197,EXT,HTB,RVNL
2025-08-21 15:15:00+05:30,RVNL,3,4.0,7,140.2306014334684,0.7189654374681904,2.5582811985512017,219.44529106979718,356.59859798841956,121.94922179577716,39.383973717120966,21.870133215587966,0.45594134771165457,EXT,HTB,RVNL
2025-08-22 15:15:00+05:30,RVNL,3,3.0,6,191.5353722582635,0.5894308943089431,1.4356435643564356,9.25925925925961,200.61728395061726,11.885325399128963,25.216614289096928,27.640484996363913,0.6270692756166462,EXT,HTB,RVNL
2025-08-25 15:15:00+05:30,RVNL,3,2.0,3,211.8050147952036,0.40121149022762764,0.6700387259938354,20.205160087036905,231.58221945912305,30.85781339323228,30.006011590938066,29.9285750634567,0.6946790099738465,EXT,HTB,RVNL
2025-08-26 15:15:00+05:30,RVNL,3,1.0,2,289.09119948889986,0.15681492869638977,0.18597925180760766,41.355177350087835,329.2508350564664,81.87969063894941,41.16414114097051,38.69653208048696,0.95246838179427,EXT,HTB,RVNL
2025-08-28 15:15:00+05:30,RVNL,3,0.0,0,211.34774833360427,0.04769940375745303,0.05008860011813349,16.231131309852298,227.23583833793214,,31.6736254418026,29.876905413730213,0.6931537899832696,EXT,HTB,RVNL
2025-08-29 15:15:00+05:30,RVNL,4,22.0,32,140.916808149405,0.9287603216579416,13.037121212121212,278.92391483743154,415.91021620729384,38.516880903953606,32.092415840204595,24.750170053062824,-0.070460115139903,EXT,HTB,RVNL
2025-09-01 15:15:00+05:30,RVNL,4,21.0,29,137.16314345651122,0.9287388910092144,13.032899770466718,203.92032880177013,338.28643692696767,32.18113665438832,28.287081845652217,24.253953650889784,-0.09531649499508038,EXT,HTB,RVNL
2025-09-02 15:15:00+05:30,RVNL,4,20.0,28,151.28125964803883,0.925022159653788,12.337273991655076,218.9340178166994,366.90321606522656,35.106663732508146,30.613973005968713,26.121282279429316,-0.0018277879295579753,EXT,HTB,RVNL
2025-09-03 15:15:00+05:30,RVNL,4,19.0,27,191.32849868847367,0.914804469273743,10.737704918032787,299.35638377488397,484.9573417153117,47.33664069141803,39.2400996018364,31.432720694025406,0.26336089224867637,EXT,HTB,RVNL
2025-09-04 15:15:00+05:30,RVNL,4,18.0,26,223.1365722424438,0.913053938314969,10.501383508577753,343.82640586797066,559.2909535452326,55.36725192627547,45.15224398792676,35.66687947374581,0.4739906696541239,EXT,HTB,RVNL
2025-09-05 15:15:00+05:30,RVNL,4,17.0,25,180.7044410413469,0.8986911118461466,8.87080223880597,104.56129716623695,283.3762691316856,21.596321504899457,26.04738489377726,30.021548633846752,0.19300947993946888,EXT,HTB,RVNL
2025-09-08 15:15:00+05:30,RVNL,4,16.0,22,180.07019685640097,0.8774627140489781,7.1607813673929375,160.66066066066136,337.83783783783787,33.121506548419816,31.33837975807167,29.937351565655245,0.18880958046208637,EXT,HTB,RVNL
2025-09-09 15:15:00+05:30,RVNL,4,15.0,21,180.07019685640097,0.8580636674559327,6.045412418906395,139.9337947637687,317.48420102317215,30.743602878050698,30.282887842396143,29.937351565655245,0.18880958046208637,EXT,HTB,RVNL
2025-09-10 15:15:00+05:30,RVNL,4,14.0,20,186.13801452784438,0.8377194829255968,5.162169174883238,89.98200359928016,274.4451109778038,22.74604482251395,27.410986872606657,30.743088336958703,0.22899004229685987,EXT,HTB,RVNL
2025-09-11 15:15:00+05:30,RVNL,4,13.0,19,217.22618866777995,0.8295565731282533,4.867049368541906,202.411073076351,415.24036314927787,45.53315468463022,39.18604201050844,34.87907269592575,0.43485272014580234,EXT,HTB,RVNL
2025-09-12 15:15:00+05:30,RVNL,4,12.0,18,196.0784313725497,0.8215175097276265,4.6027904948768255,41.42011834319459,236.68639053254438,14.666522278357172,25.25637602871717,32.06413915394861,0.29481445583026955,EXT,HTB,RVNL
2025-09-15 15:15:00+05:30,RVNL,4,11.0,15,184.67354951286964,0.8190625341442983,4.526771336553945,107.88262370540852,290.56386651323425,32.64406888845354,31.279563543507333,30.548578537286193,0.21929250624209642,EXT,HTB,RVNL
2025-09-16 15:15:00+05:30,RVNL,4,10.0,14,215.78648495173098,0.8102405401603601,4.269829503335805,74.67944201775494,288.85444554036917,25.793061798167866,31.72251647658189,34.687243815788904,0.4253191508547649,EXT,HTB,RVNL
2025-09-17 15:15:00+05:30,RVNL,4,9.0,13,191.29470474078119,0.794554191137213,3.8674636174636174,-5.547850208044067,185.8529819694865,4.692766289702812,22.95113140183262,31.42822948960727,0.2631371122178599,EXT,HTB,RVNL
2025-09-18 15:15:00+05:30,RVNL,4,8.0,12,200.35926488876606,0.781366632948481,3.57386726228462,13.798813302056022,213.88160618186834,10.450037489592617,25.978434247604397,32.63346142960952,0.32316169317869087,EXT,HTB,RVNL
2025-09-19 15:15:00+05:30,RVNL,4,7.0,11,207.24677463628908,0.7663833672824331,3.2805171377029465,-8.241758241758554,199.17582417582418,3.5163611101021,25.078956710577284,33.54997641076399,0.36877007126977934,EXT,HTB,RVNL
2025-09-22 15:15:00+05:30,RVNL,4,6.0,8,174.09470752089138,0.7345844504021448,2.7676767676767677,11.129660545352733,185.0306065664991,11.330735491632444,25.185777833431487,29.144361359659776,0.14924050733065441,EXT,HTB,RVNL
2025-09-23 15:15:00+05:30,RVNL,4,5.0,7,213.72328458942695,0.7126417993396319,2.479977246871445,29.440628066730817,242.53469788307805,21.623826510979477,31.854675904554387,34.41238825294803,0.4116568511773708,EXT,HTB,RVNL
2025-09-24 15:15:00+05:30,RVNL,4,4.0,6,222.2222222222219,0.6898124022928609,2.2238555228895422,14.40922190201729,236.31123919308325,15.02193134448288,31.923259607853936,35.54497280714771,0.46793593826955154,EXT,HTB,RVNL
2025-09-25 15:15:00+05:30,RVNL,4,3.0,5,215.91073757426426,0.5810797489567247,1.3870891834653698,34.657039711191004,249.8194945848369,31.59358107504303,34.23255331699189,34.703798360197105,0.42614193888629476,EXT,HTB,RVNL
2025-09-26 15:15:00+05:30,RVNL,4,2.0,4,235.32872481247244,0.41365241540096687,0.7054730440884107,-7.359434795407713,228.14247865763912,0.0,32.57393687656252,37.29350133808788,0.5547258445637612,EXT,HTB,RVNL
2025-09-29 15:15:00+05:30,RVNL,4,1.0,1,225.01461133839828,0.24370322394933794,0.3222322660450069,-5.847953216373936,219.29824561403507,0.0,34.158475811819024,35.917306749216436,0.4864268505522986,EXT,HTB,RVNL
2025-09-30 15:15:00+05:30,RVNL,4,0.0,0,343.115783326033,0.08255432298807595,0.0899827914138212,-27.81844802342573,316.2518301610545,,48.14164836939513,51.76294715893219,1.268480611993413,EXT,HTB,RVNL
2025-10-01 15:15:00+05:30,RVNL,5,17.0,27,181.03576198248896,0.9304891823790077,13.38625,253.1096326294475,429.5632050911185,40.907149520014094,35.38778174794769,30.065534253455166,0.21987996099283477,EXT,HTB,RVNL
2025-10-03 15:15:00+05:30,RVNL,5,16.0,25,176.9264512355611,0.9271373198031445,12.724447101016139,151.20967741935485,325.4608294930879,28.4952246534515,29.036665002454843,29.520093885493438,0.17045620913072845,EXT,HTB,RVNL
2025-10-06 15:15:00+05:30,RVNL,5,15.0,22,208.02812774685094,,,161.4298068607658,366.0997405592387,33.25120360459331,33.47676460451982,33.65399110446197,0.5445241823397827,EXT,HTB,RVNL
2025-10-07 15:15:00+05:30,RVNL,5,14.0,21,180.94430308170703,,,59.02192242833116,238.8982574480045,16.538965916235636,24.261495205760934,30.053392172904946,0.21877996094508798,EXT,HTB,RVNL
2025-10-08 15:15:00+05:30,RVNL,5,13.0,20,215.77380952380952,0.8856978541389597,7.74874213836478,318.39792537098435,527.3015415646164,65.30280582585907,47.4427428691057,34.685555042853274,0.6376835167691485,EXT,HTB,RVNL
2025-10-09 15:15:00+05:30,RVNL,5,12.0,19,205.06108202443315,0.8779352962559069,7.19237641453246,29.00232018561485,233.46867749419985,11.829593325726535,24.596083142890652,33.259058375966404,0.5088387497747396,EXT,HTB,RVNL
2025-10-10 15:15:00+05:30,RVNL,5,11.0,18,209.73892637136925,0.8722473332128006,6.827625247664874,37.98947983635334,246.93161893629426,13.968091914978004,26.08945736179641,33.88176372046529,0.5651004034901151,EXT,HTB,RVNL
2025-10-13 15:15:00+05:30,RVNL,5,10.0,15,202.0947042336618,0.8657121433927233,6.4466897101834615,-26.623280579795217,176.00946605531695,0.0,21.32338390977879,32.864334126463845,0.4731613505977723,EXT,HTB,RVNL
2025-10-14 15:15:00+05:30,RVNL,5,9.0,14,173.3232856066315,0.8469245269845703,5.5327251995439,22.55639097744361,195.48872180451127,12.137415803650514,23.407154133710524,29.042023298740606,0.12711999658086895,EXT,HTB,RVNL
2025-10-15 15:15:00+05:30,RVNL,5,8.0,13,202.94117647058758,0.8318829391536248,4.948236276351492,-10.304725452672539,192.84557632857224,3.35823984532997,23.58565758476106,32.97695867806848,0.48334209291015623,EXT,HTB,RVNL
2025-10-16 15:15:00+05:30,RVNL,5,7.0,12,192.82112132898249,0.8154073344819099,4.417333333333334,-31.245350394286902,162.17824728462995,0.0,21.17008038900908,31.631105183493887,0.36162555090284915,EXT,HTB,RVNL
2025-10-17 15:15:00+05:30,RVNL,5,6.0,11,216.57392089035912,0.7875830283313,3.707721761327377,-22.610792885137172,194.45281881217934,0.0,24.628057498828483,34.79215979066069,0.647306664804853,EXT,HTB,RVNL
2025-10-20 15:15:00+05:30,RVNL,5,5.0,8,186.10985020426622,0.7726783310901749,3.399052693901717,-19.708914493631813,166.76773802304427,0.0,23.300971767951662,30.73934728630049,0.2809073431120966,EXT,HTB,RVNL
2025-10-21 14:30:00+05:30,RVNL,5,4.0,7,197.9449984889681,0.7687839800087799,3.3249598364247115,9.057971014493097,206.82367149758352,10.468951122339876,27.53410614116808,32.31234954644001,0.42325175756448163,EXT,HTB,RVNL
2025-10-23 15:15:00+05:30,RVNL,5,3.0,5,188.9644746787604,0.6305344556217067,1.706612335617707,-4.537205081669003,184.5130066545681,2.9385914605689756,26.848884768528546,31.11858000209259,0.31524065601435713,EXT,HTB,RVNL
2025-10-24 15:15:00+05:30,RVNL,5,2.0,4,200.36429872495344,0.4498422712933754,0.8176605504587156,6.0679611650499234,206.3106796116508,11.788695162463013,30.028451557580865,32.63413104259757,0.45234931233876247,EXT,HTB,RVNL
2025-10-27 15:15:00+05:30,RVNL,5,1.0,1,169.44024205748934,0.24819917012448134,0.3301395266690215,-22.744503411675513,147.081122062169,0.0,24.899421919533975,28.527014518180504,0.08041761930603517,EXT,HTB,RVNL
2025-10-28 15:15:00+05:30,RVNL,5,0.0,0,188.07339449541217,0.06610478890744553,0.07078394676647952,19.838242026552035,207.53853197008866,,33.58881453742216,31.000189449164512,0.304523402298763,EXT,HTB,RVNL
2025-10-29 15:15:00+05:30,RVNL,6,18.0,27,150.8523155830442,0.9312432611760803,13.544028950542822,46.54654654654689,196.69669669669702,12.55709359985478,17.94512533378626,22.10160695710486,0.03960320082643979,EXT,HTB,RVNL
2025-10-30 15:15:00+05:30,RVNL,6,17.0,26,136.10643829331667,0.9258025193010971,12.477546549835706,122.3564954682783,256.797583081571,23.532920384496087,21.816495551722983,20.541437104520178,0.0024642696979487824,EXT,HTB,RVNL
2025-10-31 15:15:00+05:30,RVNL,6,16.0,25,189.4573643410857,0.92040589820834,11.563745019920319,200.54694621695603,386.2048009723499,35.82743878166206,30.209832555019855,26.197256678846912,0.1368337839152967,EXT,HTB,RVNL
2025-11-03 15:15:00+05:30,RVNL,6,15.0,22,160.7717041800643,0.9202763330289435,11.543326693227092,74.46808510638263,234.042553191489,18.651164373170882,21.415099815612404,23.152430665147026,0.06458614912468072,EXT,HTB,RVNL
2025-11-04 15:15:00+05:30,RVNL,6,14.0,21,167.5277908251142,0.9144636947634807,10.690942193900774,203.987730061349,368.0981595092025,42.07162379083302,30.694829182742524,23.868752417888185,0.08160201272361503,EXT,HTB,RVNL
2025-11-06 15:15:00+05:30,RVNL,6,13.0,19,216.3538020999049,0.8774632352941176,7.160816081608161,100.7874015748028,314.96062992125985,25.710022121930955,27.88147564158046,29.060264695104323,0.2045750874606884,EXT,HTB,RVNL
2025-11-07 15:15:00+05:30,RVNL,6,12.0,18,158.70496746548164,0.8675741230134308,6.551394204483325,122.27621884307814,279.0406019752305,31.19773844146337,25.740156982279604,22.933400803270867,0.059380870998768216,EXT,HTB,RVNL
2025-11-10 15:15:00+05:30,RVNL,6,11.0,15,185.35651619078013,0.8541996273248251,5.858693031106824,88.53754940711498,272.2529644268779,27.890076982931088,26.40002345260019,25.76142908245837,0.1265053976124555,EXT,HTB,RVNL
2025-11-11 15:15:00+05:30,RVNL,6,10.0,14,191.57694743508583,0.8430333299357864,5.37077922077922,62.93266205160478,253.3039647577096,22.70928987565689,25.3616484930159,26.422591939959496,0.1421721608054952,EXT,HTB,RVNL
2025-11-12 15:15:00+05:30,RVNL,6,9.0,13,152.13946117274205,0.8321054028939333,4.9561178098438425,12.662234884456389,164.60905349794206,9.807418667474046,18.871313258955762,22.237902678649025,0.042845002617468556,EXT,HTB,RVNL
2025-11-13 15:15:00+05:30,RVNL,6,8.0,12,146.59018483110333,0.8240239056907366,4.682590035454376,17.496421186575834,163.83012565611688,11.57648919583614,19.07835066440045,21.650417453622506,0.028868608550453166,EXT,HTB,RVNL
2025-11-14 15:15:00+05:30,RVNL,6,7.0,11,142.5472575147185,0.8084166774905832,4.219661016949153,-12.410797393731842,130.31337263419138,2.134425124261701,16.658046465646056,21.222613172938306,0.01868610152082321,EXT,HTB,RVNL
2025-11-17 15:15:00+05:30,RVNL,6,6.0,8,134.47432762836115,0.7835142640747286,3.6192419825072886,-13.771996939555887,120.88752869165994,0.0,16.573911347944676,20.36889697563239,-0.0016463603031624434,EXT,HTB,RVNL
2025-11-18 15:15:00+05:30,RVNL,6,5.0,7,153.1249999999993,0.7596805785746572,3.161128526645768,9.366219169528922,162.34779893849478,11.13610285413128,20.47457825223208,22.342273331852258,0.04532717834094746,EXT,HTB,RVNL
2025-11-19 15:15:00+05:30,RVNL,6,4.0,6,183.2681782642694,0.7324484806147398,2.7375979112271542,17.171401810802728,200.12488292226118,16.704914949975887,24.246681590797873,25.539555872081664,0.12124571472605801,EXT,HTB,RVNL
2025-11-20 15:15:00+05:30,RVNL,6,3.0,5,150.28177833437553,0.582906857727738,1.3975460122699386,-10.97006738755574,139.4765710703648,0.0,19.066828717287805,22.041198520594534,0.03816624708213421,EXT,HTB,RVNL
2025-11-21 15:15:00+05:30,RVNL,6,2.0,4,238.26253593101362,0.41161072654295855,0.6995551161641127,28.66242038216488,266.24203821656096,32.44201288002635,31.505236415497233,31.39817624812245,0.25975437187212286,EXT,HTB,RVNL
2025-11-24 15:15:00+05:30,RVNL,6,1.0,1,359.4166535988721,0.18124203920593993,0.22136217036615444,296.7133292757151,645.4656116859414,1105.6457987288782,73.90062684789743,44.42219336558369,0.5648928416689804,EXT,HTB,RVNL
2025-11-25 15:15:00+05:30,RVNL,6,0.0,0,613.2221192462146,0.031169954426000467,0.032172778464496635,-21.671826625386647,592.8792569659436,,69.98751455449049,72.245131023013,1.2041266779140272,EXT,HTB,RVNL
2025-11-26 15:15:00+05:30,RVNL,7,23.0,34,201.52332592827744,0.927935534826602,12.876464601434952,246.09193623278094,442.6559356136824,32.99919809689735,32.903961375202364,32.788316784572714,0.22071574995287838,EXT,HTB,RVNL
2025-11-27 15:15:00+05:30,RVNL,7,22.0,33,192.30769230769232,0.9237917792189263,12.121943928762468,373.3415612465295,558.4696081456348,48.334414101142684,40.63599670691662,31.56286192086462,0.18821647200750394,EXT,HTB,RVNL
2025-11-28 15:15:00+05:30,RVNL,7,21.0,32,188.58878056576742,0.9261605414989693,12.542894548529794,329.2117465224104,511.591962905719,44.43273155078969,38.19616635769869,31.068663279880482,0.17510159013056362,EXT,HTB,RVNL
2025-12-01 15:15:00+05:30,RVNL,7,20.0,29,171.0358056265992,0.9238540588363822,12.132676341228215,252.41508258024203,419.1336865066996,38.42731688723824,33.66795199379183,28.738609782722307,0.11320036501653828,EXT,HTB,RVNL
2025-12-02 15:15:00+05:30,RVNL,7,19.0,28,183.4510530857493,0.9211645318031753,11.684645919820612,151.4006924771798,332.074283915644,26.137090444106875,28.261659799857053,30.386229155607126,0.15698320128666166,EXT,HTB,RVNL
2025-12-03 15:15:00+05:30,RVNL,7,18.0,27,175.20877681349344,0.91085182218064,10.217279191351379,210.00320615581774,381.5325424815639,34.941654962162914,32.06555339910565,29.2921697490147,0.12791650457290926,EXT,HTB,RVNL
2025-12-04 15:15:00+05:30,RVNL,7,17.0,26,181.49117069980417,0.9003131198463094,9.031410336628708,201.85837872476804,379.6859980775399,34.87773023210286,32.413868028840625,30.12599598295434,0.15007160247279408,EXT,HTB,RVNL
2025-12-05 15:15:00+05:30,RVNL,7,16.0,25,174.21035493324723,0.8958836546870211,8.604639857401356,144.41591784338894,316.11039794608547,27.488454362732124,28.371378711165328,29.159704022266435,0.12439553232848481,EXT,HTB,RVNL
2025-12-08 15:15:00+05:30,RVNL,7,15.0,22,170.86787345626834,0.8829472449262312,7.543156454282359,376.09899055682223,540.5405405405413,69.85191392902436,46.815991343011945,28.71633788257361,0.1126081459131918,EXT,HTB,RVNL
2025-12-09 15:15:00+05:30,RVNL,7,14.0,21,175.7497581425361,0.8757309402632898,7.047055333956075,105.29674537332338,279.19591576260376,24.648613774589148,27.34309168981065,29.3639501262268,0.12982429553983132,EXT,HTB,RVNL
2025-12-10 15:15:00+05:30,RVNL,7,13.0,20,167.62530813475837,0.8659951864070402,6.462418499663038,140.95917044718155,306.221646143877,32.15807971209873,29.89958194573382,28.286369255473065,0.10117311757131052,EXT,HTB,RVNL
2025-12-11 15:15:00+05:30,RVNL,7,12.0,19,180.38331454340366,0.8617703933103198,6.23434019634418,52.86767061839263,232.29734059596282,16.43309939488793,24.502948674173723,29.978917827974904,0.14616470614502228,EXT,HTB,RVNL
2025-12-12 15:15:00+05:30,RVNL,7,11.0,18,196.36015325670428,0.855476988849782,5.919313346997693,19.120458891014106,215.10516252390056,10.130915591854226,23.504374839317972,32.10159864125888,0.20250762768566918,EXT,HTB,RVNL
2025-12-15 15:15:00+05:30,RVNL,7,10.0,15,183.12101910828025,0.8501920600552378,5.675213612634446,-15.94896331738437,167.4641148325359,2.372177134156803,20.585347861419617,30.342403608167405,0.1558193240746569,EXT,HTB,RVNL
2025-12-16 15:15:00+05:30,RVNL,7,9.0,14,158.31565203199028,0.8423936260529785,5.344921052089838,74.51806253037275,231.65397699659738,25.750671635057465,26.61867958457766,27.05268355933783,0.06834226581263336,EXT,HTB,RVNL
2025-12-17 15:15:00+05:30,RVNL,7,8.0,13,170.7156927117546,0.8309614603260593,4.915810689851589,68.4708183893044,238.01760678187193,25.540616850674436,27.695618741847394,28.69615533417776,0.11207147480434491,EXT,HTB,RVNL
2025-12-18 15:15:00+05:30,RVNL,7,7.0,12,205.08613617719445,0.8188384518682853,4.5199351645689365,8.19672131147541,213.11475409836063,8.7441917483434,25.90693244446376,33.26239274280117,0.23328013405421058,EXT,HTB,RVNL
2025-12-19 15:15:00+05:30,RVNL,7,6.0,11,180.09478672985745,0.803708559947615,4.094465656439865,83.03305655647743,261.6324612251282,33.91690084554463,31.062132105460172,29.94061581471264,0.14514720197835662,EXT,HTB,RVNL
2025-12-22 15:15:00+05:30,RVNL,7,5.0,8,148.0138951819977,0.7806926869164187,3.5598114624608295,36.11738148984165,183.59668924003077,22.75838526515444,25.037664620017146,25.688887292835062,0.03201273352244703,EXT,HTB,RVNL
2025-12-23 15:15:00+05:30,RVNL,7,4.0,7,127.19298245614102,0.7463815677210566,2.9429310835741838,17.513134851139014,144.48336252189273,15.389854600089745,21.427461149275903,22.93686278657258,-0.041412996884469526,EXT,HTB,RVNL
2025-12-24 15:15:00+05:30,RVNL,7,3.0,6,217.0767004341534,0.5316703394992401,1.1352480620824943,-15.944339759385748,201.4784751413245,0.0,28.100170531826752,34.859153283991496,0.2755653090679324,EXT,HTB,RVNL
2025-12-26 15:15:00+05:30,RVNL,7,2.0,4,284.35409161091127,0.3296062221649526,0.4916606225513825,-34.86120077469394,250.48418334409266,0.0,35.18476938235424,43.85481158312636,0.5128215548467562,EXT,HTB,RVNL
2025-12-29 15:15:00+05:30,RVNL,7,1.0,1,360.16371077762585,0.10756717881355586,0.12053252217970957,10.902153175251492,370.6732079585709,46.064566260350354,53.79034001237895,54.06626050352288,0.780167022957457,EXT,HTB,RVNL
2025-12-30 15:15:00+05:30,RVNL,7,0.0,0,43.05555555555587,0.04110986333862728,0.04287233935032645,-13.908205841446453,29.20723226703787,,10.062942338251286,11.874716679339912,-0.3381267916194133,EXT,HTB,RVNL
2025-12-31 15:15:00+05:30,RVNL,8,17.0,27,184.13597733711046,0.9360515021459227,14.63758389261745,121.72939694976976,303.62389813908,22.806990397897366,26.711817069365402,30.47718564542391,0.10226458785226343,EXT,HTB,RVNL
2026-01-01 15:15:00+05:30,RVNL,8,16.0,26,167.36401673640165,0.9345365993410686,14.275711159737417,100.78696672649393,266.4641723042932,20.470723729253372,24.50531844812821,28.25172782994067,0.06298179803479595,EXT,HTB,RVNL
2026-01-02 15:15:00+05:30,RVNL,8,15.0,25,155.0068587105618,0.9338480876279404,14.11672095548317,32.813781788350795,187.31200437516998,11.048689611669138,19.27213342816584,26.614493978609342,0.034039228169124816,EXT,HTB,RVNL
2026-01-05 15:15:00+05:30,RVNL,8,14.0,22,159.19564306661047,0.9319858838626884,13.702830188679245,78.96924355777129,236.90773067331546,19.403721006658266,23.752415669269254,27.169247189892197,0.043850074936938106,EXT,HTB,RVNL
2026-01-06 15:15:00+05:30,RVNL,8,13.0,21,175.75928008998875,0.9254088967600792,12.406424581005586,44.79283314669558,219.76483762597888,14.052909796890143,22.802797676362697,29.365213585967087,0.08264493543611513,EXT,HTB,RVNL
2026-01-07 15:15:00+05:30,RVNL,8,12.0,20,126.05042016806723,0.9037076553747666,9.385041551246537,8.396305625525086,134.34089000839663,7.782969430748304,16.534743986708094,22.786011526679378,-0.03378168533094364,EXT,HTB,RVNL
2026-01-08 15:15:00+05:30,RVNL,8,11.0,19,162.00294550810017,0.8752979833773598,7.019116507362439,64.38396254023965,225.3438688908396,18.658486445846258,23.95029923991313,27.541172207315768,0.050425255644102565,EXT,HTB,RVNL
2026-01-09 15:15:00+05:30,RVNL,8,10.0,18,166.666666666667,0.859037514209928,6.094086021505376,14.992503748125937,181.40929535232416,9.292427844225646,20.776598255303856,28.15927923385418,0.06134848533685024,EXT,HTB,RVNL
2026-01-12 15:15:00+05:30,RVNL,8,9.0,15,173.48016292050082,0.8329824350336862,4.987394201332613,68.91385767790297,241.1985018726595,23.077086499176207,26.974782704137425,29.06283424250946,0.07730685464342639,EXT,HTB,RVNL
2026-01-13 15:15:00+05:30,RVNL,8,8.0,14,192.60165087129351,0.8134193548387096,4.359612724757953,74.34380215445269,265.51357912304655,25.704898773947093,29.63625523767825,31.601933469543837,0.12209263789505662,EXT,HTB,RVNL
2026-01-14 15:15:00+05:30,RVNL,8,7.0,13,265.4604775322553,0.7971692977681002,3.9302200751476115,41.35282823807515,305.71555161719164,17.88467472413986,33.89083864784717,41.322271898139824,0.29274042572428044,EXT,HTB,RVNL
2026-01-16 15:15:00+05:30,RVNL,8,6.0,11,299.805126667666,0.780842711332112,3.562932887508956,34.35912757693389,333.13414998506056,17.67061461401,37.95909115541565,45.92956408239647,0.3731814466317578,EXT,HTB,RVNL
2026-01-19 15:15:00+05:30,RVNL,8,5.0,8,289.789106357154,0.7544558500587304,3.072587354409318,43.80664652567942,332.3262839879154,26.28068844489861,40.516787633058534,44.58424454396148,0.34972222024598276,EXT,HTB,RVNL
2026-01-20 15:15:00+05:30,RVNL,8,4.0,7,314.96062992125985,0.7260270496587075,2.649995369084005,109.03426791277258,420.56074766355135,63.41580358576224,51.05743742130511,47.967845880190886,0.40867821788363584,EXT,HTB,RVNL
2026-01-21 15:15:00+05:30,RVNL,8,3.0,6,332.28840125391923,0.6076882569773565,1.548993288590604,-9.413241292752161,323.18795105114566,0.5263050505468547,41.51821059691904,50.30219035685588,0.4492628111504022,EXT,HTB,RVNL
2026-01-22 15:15:00+05:30,RVNL,8,2.0,5,535.3901996370249,0.40251819791461735,0.6736911425749095,-12.113870381587951,523.9248940036346,0.0,65.77251968510544,77.97971489254259,0.9249618333086117,EXT,HTB,RVNL
2026-01-23 15:15:00+05:30,RVNL,8,1.0,4,507.45809626326314,0.19439129565639546,0.2412974122651542,0.0,507.45809626326314,6.25,65.65222780771386,74.13826035167298,0.859540087329499,EXT,HTB,RVNL
2026-01-27 15:15:00+05:30,RVNL,8,0.0,0,225.94528127882023,0.0756101451587175,0.0817946505608283,18.410555385086404,243.93985885240838,,38.44358416959345,36.04142483767674,0.20018910235937415,EXT,HTB,RVNL
2026-01-28 15:15:00+05:30,RVNL,9,20.0,27,254.43786982248588,0.9402684563758389,15.741573033707866,178.70114775533858,428.59218364085433,30.62620509960873,32.461063527547786,33.918156985028816,0.03247786725004973,EXT,HTB,RVNL
2026-01-29 15:15:00+05:30,RVNL,9,19.0,26,381.19440914866584,0.9153961833644472,10.819797732148329,741.176470588235,1094.1176470588232,114.35752649784614,76.73946676187228,47.9727151990688,0.1991181108541501,EXT,HTB,RVNL
2026-01-30 15:15:00+05:30,RVNL,9,18.0,25,408.4914763589575,0.9104710100135988,10.169566418116542,962.209302325582,1331.3953488372097,153.9586968506878,94.64016625526702,51.02359964098697,0.23500414840125605,EXT,HTB,RVNL
2026-02-01 15:15:00+05:30,RVNL,9,17.0,23,557.6474807244042,0.9005415337008026,9.054448225571221,1471.1729622266391,1946.7808533414889,258.7875507725155,144.89440954268898,67.84904929898272,0.43109180616313636,EXT,HTB,RVNL
2026-02-02 15:15:00+05:30,RVNL,9,16.0,22,483.38368580060353,0.8973972636030038,8.746328754144955,825.3772713273795,1268.8635663689556,149.1704276235944,94.69051414011177,59.43880541550548,0.33346104925818565,EXT,HTB,RVNL
2026-02-03 15:15:00+05:30,RVNL,9,15.0,21,391.9298825864072,0.8996411365647429,8.964241978937055,673.9666872301038,1039.4818013571867,127.52615591694818,79.0887582700138,49.17154207631898,0.21323148061306305,EXT,HTB,RVNL
2026-02-04 15:15:00+05:30,RVNL,9,14.0,20,372.6708074534158,0.8990785657452324,8.908697863682605,219.62616822429942,584.1121495327103,46.77847866506289,46.931706068178805,47.02183983471753,0.1879125740792326,EXT,HTB,RVNL
2026-02-05 15:15:00+05:30,RVNL,9,13.0,19,404.15704387990763,0.887664592859106,7.9019128113879,426.4055590650663,813.3291219204042,89.96248755184902,64.67167761868218,50.53857795014781,0.2293058949775353,EXT,HTB,RVNL
2026-02-06 15:15:00+05:30,RVNL,9,12.0,18,379.1625453346521,0.8788641353958503,7.255193482688391,323.81560057425355,690.7002711756254,72.99925946825738,56.48749210658006,47.74596820922152,0.19644692495133592,EXT,HTB,RVNL
2026-02-09 15:15:00+05:30,RVNL,9,11.0,15,397.67216294859395,0.8752468488675428,7.015829587649013,245.9791863765377,633.8694418164624,66.85338784297595,55.02967469527504,49.813330659524624,0.22078055858162043,EXT,HTB,RVNL
2026-02-10 15:15:00+05:30,RVNL,9,10.0,14,482.35294117647135,0.8616735313245176,6.229274408399937,691.4893617021283,1140.4881101376734,193.06739964892026,98.33145580477412,59.32253775130221,0.332105982796352,EXT,HTB,RVNL
2026-02-11 15:15:00+05:30,RVNL,9,9.0,13,531.5224681421853,0.8589163073856619,6.087991400491401,575.2212389380528,1076.1694058154221,172.58564808033975,94.67303599520925,64.88291960971806,0.39674660800607375,EXT,HTB,RVNL
2026-02-12 15:15:00+05:30,RVNL,9,8.0,12,198.4469370146678,0.8308193630364389,4.91084191399152,778.166772756206,961.1712285168679,252.65919928838144,86.43533260003234,27.768085533556174,-0.04113050619020365,EXT,HTB,RVNL
2026-02-13 15:15:00+05:30,RVNL,9,7.0,11,268.6620988099527,0.8229506906457833,4.648144032007113,1040.3877221324713,1281.0985460420025,370.7792810778654,117.44671714866574,35.48618175980705,0.05117772286422405,EXT,HTB,RVNL
2026-02-16 15:15:00+05:30,RVNL,9,6.0,8,310.59063136456325,0.8220696082006401,4.620175338722532,486.0326174713372,781.527531083481,233.57256280965063,76.96939741770865,40.12159379607522,0.10629898852834341,EXT,HTB,RVNL
2026-02-17 15:15:00+05:30,RVNL,9,5.0,7,286.6952789699579,0.8091657715717866,4.24015009380863,566.8016194331984,837.2469635627538,310.5029616818709,84.09151101622659,37.477388820358726,0.07488500890086043,EXT,HTB,RVNL
2026-02-18 15:15:00+05:30,RVNL,9,4.0,6,340.54688810602363,0.7890553287893287,3.7405795759651883,344.99514091350756,673.7933268545518,219.82776587324958,69.90301967460991,43.44571152190882,0.14568092454048345,EXT,HTB,RVNL
2026-02-19 15:15:00+05:30,RVNL,9,3.0,5,557.6334580074815,0.6014513240976346,1.5091038070465832,377.8831997382612,914.444626206445,287.45191967793005,96.00187356185359,67.84745501537174,0.4310733712249753,EXT,HTB,RVNL
2026-02-20 15:15:00+05:30,RVNL,9,2.0,4,818.6195826645265,0.3151207397387853,0.460111377323059,4.813091609176232,823.0386651692597,10.643003374583945,88.74859904941458,97.93749265821806,0.7741782841654126,EXT,HTB,RVNL
2026-02-23 15:15:00+05:30,RVNL,9,1.0,1,987.6927870384793,0.17445109780439122,0.21131528046421663,-24.988286740590706,965.1725753553015,0.0,112.09819574349773,117.89059798429533,0.9964500510783664,EXT,HTB,RVNL
2026-02-24 15:15:00+05:30,RVNL,9,0.0,0,1042.441140024784,0.07718629320037151,0.08364233499311367,-43.55942750466814,1003.4225264467954,,119.76593257412505,124.43201001153477,1.0684248693170086,EXT,HTB,RVNL
2026-02-25 15:15:00+05:30,RVNL,10,21.0,33,238.59649122807056,0.9084197448272566,9.91938429428646,989.5668668985144,1204.5526398988309,121.50367201720525,81.8113879840728,36.64430615326696,0.03169160363409843,EXT,HTB,RVNL
2026-02-26 15:15:00+05:30,RVNL,10,20.0,32,254.5895393141658,0.9072248998872983,9.778754200051694,915.6702328508502,1146.9477658904968,115.78897222909403,79.14397541231897,38.70811685587754,0.0506671209562529,EXT,HTB,RVNL
2026-02-27 15:15:00+05:30,RVNL,10,19.0,31,283.19806596442714,0.9056516780314979,9.599022633744855,825.4119138149559,1085.2344740177439,107.68184607893858,76.13298704789567,42.40834463540151,0.08461071883021477,EXT,HTB,RVNL
2026-03-02 15:15:00+05:30,RVNL,10,18.0,28,315.017003758726,0.9034199985779632,9.354110429447854,689.8850191634724,983.1694717547075,99.43404574493879,72.52132319574358,46.53662556203778,0.12236342250733408,EXT,HTB,RVNL
2026-03-04 15:15:00+05:30,RVNL,10,17.0,26,275.68461679838265,0.9029431216931217,9.303236797274275,296.05849830568974,563.5812377385414,48.439717760683685,44.74658531842259,41.43550105984371,0.07569612143565307,EXT,HTB,RVNL
2026-03-05 15:15:00+05:30,RVNL,10,16.0,25,261.78010471204186,0.899963746223565,8.996375936216477,154.63917525773277,412.37113402061937,29.003707284379544,34.71424472740063,39.63712183345323,0.05919862148879431,EXT,HTB,RVNL
2026-03-06 15:15:00+05:30,RVNL,10,15.0,24,190.23689877961274,0.8902723922834228,8.113476733977173,250.21872265966672,435.69553805774234,44.78828368818053,36.92873878382573,30.424287828497675,-0.025686344538011982,EXT,HTB,RVNL
2026-03-09 15:15:00+05:30,RVNL,10,14.0,21,203.70710222059134,0.8855877423988509,7.7403222431471015,189.05293482175009,388.9088944904578,39.423778088242656,35.20715666866105,32.15374115792956,-0.009704145438050366,EXT,HTB,RVNL
2026-03-10 15:15:00+05:30,RVNL,10,13.0,20,271.3178294573639,0.8786498138349991,7.240613645538958,19.34235976789208,290.1353965183752,9.783398974031254,28.181847975705043,40.87043349410075,0.07051499221090524,EXT,HTB,RVNL
2026-03-11 15:15:00+05:30,RVNL,10,12.0,19,240.48096192384648,0.8694593278129567,6.66044776119403,83.1074977416445,321.5898825654915,22.28209977047134,31.106081209476148,36.8873104281345,0.033927500514936176,EXT,HTB,RVNL
2026-03-12 15:15:00+05:30,RVNL,10,11.0,18,257.05554556893685,0.8486856583934467,5.6087588881706525,57.19392314566659,312.77926720285967,17.88094941565193,30.928291710642124,39.02664210063608,0.05359300126074802,EXT,HTB,RVNL
2026-03-13 15:15:00+05:30,RVNL,10,10.0,17,301.0033444816062,0.8396044380125423,5.234586466165413,66.44518272425081,365.4485049833879,20.563778504347233,35.79067335967372,44.71678413693409,0.10573642101717085,EXT,HTB,RVNL
2026-03-16 15:15:00+05:30,RVNL,10,9.0,14,393.6711245055562,0.8239234449760765,4.679347826086956,35.66066066066024,427.9279279279271,15.563860481014572,43.37422937290663,56.79992470002691,0.21568538481594027,EXT,HTB,RVNL
2026-03-17 15:15:00+05:30,RVNL,10,8.0,13,379.43925233644774,0.8046117935538633,4.11801616990467,35.38834047308581,413.48482026448005,16.203579572067603,42.94783935948197,54.936645471081455,0.19879947692534872,EXT,HTB,RVNL
2026-03-18 15:15:00+05:30,RVNL,10,7.0,12,364.963503649635,0.7888878495931158,3.7368187859991138,43.60465116279029,406.9767441860461,19.54208233298507,43.23874649560591,53.04426270082833,0.18162421311828322,EXT,HTB,RVNL
2026-03-19 15:15:00+05:30,RVNL,10,6.0,11,413.0019120458896,0.7768885682725039,3.4820652723047387,83.42813803564613,492.9844520288206,34.04909633460117,52.38151797793139,59.33519515298765,0.23862108111647223,EXT,HTB,RVNL
2026-03-20 15:15:00+05:30,RVNL,10,5.0,10,436.01895734597156,0.7613420599995533,3.190097341819543,17.032551097652863,452.30885692657034,12.472181637512705,49.56869869716635,62.36060113152979,0.2659304682605183,EXT,HTB,RVNL
2026-03-23 15:15:00+05:30,RVNL,10,4.0,7,481.00242522231224,0.7378072403254272,2.813987850927598,98.05883530118025,574.3446067640582,57.63302012309502,66.22134967171014,68.294394735169,0.319302694074071,EXT,HTB,RVNL
2026-03-24 15:15:00+05:30,RVNL,10,3.0,6,762.2364093635128,0.5522251458643176,1.2332652018395502,3.8677238445183804,765.8093212144656,8.603320467775378,89.33663888773623,106.04008407807291,0.6529826973430921,EXT,HTB,RVNL
2026-03-25 15:15:00+05:30,RVNL,10,2.0,5,930.5349182763739,0.3600448168355417,0.5626094237649387,5.568962316689589,935.5856692036389,10.316474898582317,111.7015688114378,129.1817574171025,0.8526664132912307,EXT,HTB,RVNL
2026-03-27 15:15:00+05:30,RVNL,10,1.0,3,1013.5644310474748,0.17050619432252032,0.2055545118667418,-51.126680552924284,967.6197689831475,0.0,122.33045819049818,140.75729732049845,0.9511797141552403,EXT,HTB,RVNL
2026-03-30 15:15:00+05:30,RVNL,10,0.0,0,297.0098334336747,0.06958860852021871,0.07479337544388925,33.99999999999977,330.0,,48.485262027681394,44.19866032349519,0.10099817864721743,EXT,HTB,RVNL
2026-04-01 15:15:00+05:30,RVNL,11,17.0,27,370.71760615649083,0.9461727771818009,17.577960140679952,338.1770145310428,696.3578033591239,52.75741821700465,54.15069898445382,55.494219724494,0.030311821806937606,EXT,HTB,RVNL
2026-04-02 15:15:00+05:30,RVNL,11,16.0,26,381.3492063492069,0.9410781445883828,15.97163120567376,335.5704697986577,704.1227229146697,54.16748971097054,55.60211954012981,56.93427581006344,0.05763500446166313,EXT,HTB,RVNL
2026-04-06 15:15:00+05:30,RVNL,11,15.0,22,402.68714011516346,0.9407166752444673,15.868149755832881,91.28946367440007,490.3004944845944,21.465307945368384,42.949154711704445,59.82932002811127,0.11247343434930186,EXT,HTB,RVNL
2026-04-07 15:15:00+05:30,RVNL,11,14.0,21,397.62198888202636,0.9356344468436428,14.536260483473113,93.69383150407238,487.5903476232361,22.6116497773039,43.4858605818271,59.14151868521957,0.09945600989690086,EXT,HTB,RVNL
2026-04-08 15:15:00+05:30,RVNL,11,13.0,20,335.6464572680788,0.9094634988135959,10.045268890401633,77.91266533792272,410.94401159630274,20.524743081870053,38.15909541397123,50.755061365472024,-0.05982093239930852,EXT,HTB,RVNL
2026-04-09 15:15:00+05:30,RVNL,11,12.0,19,374.70553592461744,0.8884269731613377,7.962739726027397,44.70502015390145,417.73543422499006,14.85732355699057,39.38822901361701,56.03420057347073,0.040560790117784476,EXT,HTB,RVNL
2026-04-10 15:15:00+05:30,RVNL,11,11.0,18,408.8567357228981,0.8754670353917213,7.030002362390739,66.41986062717713,472.5609756097555,19.763399489242993,44.66159958870858,60.66758536693635,0.12832927774448705,EXT,HTB,RVNL
2026-04-13 15:15:00+05:30,RVNL,11,10.0,15,409.9630996309968,0.8530976488759224,5.807242990654205,65.98240469208253,473.24046920821206,22.358922384708247,47.40201955974229,60.81796447493909,0.13117262988298137,EXT,HTB,RVNL
2026-04-15 15:15:00+05:30,RVNL,11,9.0,13,452.45533363754384,0.8191537700799187,4.529559562518474,56.19546247818546,506.108202443281,22.0724560403779,52.48612560600212,66.6067579043277,0.2403775520134868,EXT,HTB,RVNL
2026-04-16 15:15:00+05:30,RVNL,11,8.0,12,440.3675993303948,0.8029927787481426,4.075956067222442,60.10594947025396,497.8266775332798,24.587390985175578,52.846401661133655,64.95740623654423,0.2093121087717155,EXT,HTB,RVNL
2026-04-17 15:15:00+05:30,RVNL,11,7.0,11,482.1368948247078,0.7824975743663771,3.5976498748775976,108.3294801506035,585.2434110575326,42.39180767548597,62.69096522115226,70.6656342569498,0.3166590809549082,EXT,HTB,RVNL
2026-04-20 15:15:00+05:30,RVNL,11,6.0,8,488.44323589394986,0.7615667414275474,3.194045771916214,53.41808100615269,539.2521468659136,30.68732748149144,62.453570740326604,71.52964024285076,0.3328663598023531,EXT,HTB,RVNL
2026-04-21 15:15:00+05:30,RVNL,11,5.0,7,437.231759656653,0.7440300024851456,2.9067078552515446,25.418060200668595,461.5384615384619,19.520575587327095,55.52800848699757,64.52986671191513,0.20125300961180886,EXT,HTB,RVNL
2026-04-22 15:15:00+05:30,RVNL,11,4.0,6,449.20029968402946,0.7111642498299805,2.4621753000151907,22.425897035881363,470.6188247529907,19.90774078164982,57.999820050618325,66.16240846539729,0.23201212388911654,EXT,HTB,RVNL
2026-04-23 15:15:00+05:30,RVNL,11,3.0,5,578.0572843689924,0.53145580988348,1.1342704084140167,-4.563977180113655,573.7571312143447,2.9190567181668,71.60435493993835,83.86958676525468,0.5631742128563612,EXT,HTB,RVNL
2026-04-24 15:15:00+05:30,RVNL,11,2.0,4,611.4398422090719,0.2998549212247703,0.4282754107895885,-18.112958998847734,594.4343816894436,0.0,76.15148292352042,88.49642684397678,0.6489672928078949,EXT,HTB,RVNL
2026-04-27 15:15:00+05:30,RVNL,11,1.0,1,306.2622309197666,0.14604698730149712,0.17102461743180306,-9.794319294809382,296.7678746327141,0.0,44.16727509577104,46.79759813001008,-0.13533831163943424,EXT,HTB,RVNL
2026-04-28 15:15:00+05:30,RVNL,11,0.0,0,127.91184715017648,0.057459262774877395,0.06096210010406526,-42.71153535026673,85.74664293803701,,17.4758855613531,23.031782660137843,-0.5936982973371252,EXT,HTB,RVNL
2026-04-29 15:15:00+05:30,RVNL,12,18.0,27,327.20723124645616,0.9381870720522646,15.177845528455284,75.80271433300298,400.5296259516723,16.53644042282302,30.314782863578916,40.94378988930488,0.4974179899279432,EXT,HTB,RVNL
2026-04-30 15:15:00+05:30,RVNL,12,17.0,26,318.79194630872485,0.9314986633118415,13.598255280073461,3.3545790003362206,322.0395840322047,6.721010289218513,25.83668668621822,40.03690343827525,0.4467607495524202,EXT,HTB,RVNL
2026-05-04 15:15:00+05:30,RVNL,12,16.0,22,311.7059122480091,0.9201317054692736,11.520612914994528,95.63758389261821,404.3624161073829,22.193506631035216,32.68145332033151,39.273876953603434,0.40410516113456757,EXT,HTB,RVNL
2026-05-05 15:15:00+05:30,RVNL,12,15.0,21,343.84434753438444,0.913347670250896,10.540370615486433,96.34551495016537,436.87707641195937,23.076958969858214,35.36575906049251,42.739039114873165,0.5975679438735694,EXT,HTB,RVNL
2026-05-06 15:15:00+05:30,RVNL,12,14.0,20,298.7784747441385,0.8935555368515558,8.39457037427517,47.64251683916692,344.99753573188764,14.965537354804113,29.549557248481857,37.883282902011906,0.32628625019824103,EXT,HTB,RVNL
2026-05-07 15:15:00+05:30,RVNL,12,13.0,19,278.49740932642555,0.8799966688874084,7.3331020124913255,6.472491909384746,284.78964401294536,7.493802330002039,25.779093629463173,35.70539462059933,0.20420092408761184,EXT,HTB,RVNL
2026-05-08 15:15:00+05:30,RVNL,12,12.0,18,279.9607072691537,0.8716876255469029,6.793480591893631,-8.192692118630182,271.9973783385206,4.5893842509987595,25.241362018762437,35.862379156469494,0.21300949517870227,EXT,HTB,RVNL
2026-05-11 15:15:00+05:30,RVNL,12,11.0,15,256.7154029241758,0.8616644295302014,6.228798758005046,59.15159709312151,314.3484874091604,20.68629400270066,29.56585553121837,33.37138190058304,0.07308042818703943,EXT,HTB,RVNL
2026-05-12 15:15:00+05:30,RVNL,12,10.0,14,292.6657263751767,0.849383626593615,5.639384400139909,45.63004563004403,336.9603369603358,18.17362927678468,31.78274023405064,37.22638461695699,0.2894895207027017,EXT,HTB,RVNL
2026-05-13 15:15:00+05:30,RVNL,12,9.0,13,408.7667420420943,0.8101059698875166,4.266094986807388,-22.66387726638693,387.02928870292965,0.0,36.265007508199396,49.77428321267246,0.9883793505777876,EXT,HTB,RVNL
2026-05-14 15:15:00+05:30,RVNL,12,8.0,12,397.56944444444406,0.7983713195735107,3.95961188599151,-6.94927032661531,390.8964558721334,4.136997715186492,37.21610143530186,48.557508425055715,0.9209753113613386,EXT,HTB,RVNL
2026-05-15 15:15:00+05:30,RVNL,12,7.0,11,394.20187378469274,0.7739243807040417,3.423298731257209,1.7674089784360032,395.89961117002434,6.8365102654560586,38.30252409664146,48.191842729299786,0.9007036464498268,EXT,HTB,RVNL
2026-05-18 15:15:00+05:30,RVNL,12,6.0,8,361.01083032490976,0.7560309934081184,3.098881304512704,0.0,361.01083032490976,6.25,37.46076614485456,44.59465554939274,0.7009045096056334,EXT,HTB,RVNL
2026-05-19 15:15:00+05:30,RVNL,12,5.0,7,383.8346558405602,0.731770720506044,2.728153771603941,-5.539143279171982,378.5081240768094,3.3625320641262433,39.78286258156465,47.06692868505235,0.8382964130278601,EXT,HTB,RVNL
2026-05-20 15:15:00+05:30,RVNL,12,4.0,6,416.7438414521208,0.6959135108521725,2.288538082709303,-1.8525379770289505,414.9685068543901,5.123143771282524,43.980700618709825,50.64199607826879,1.0363988585686956,EXT,HTB,RVNL
2026-05-21 15:15:00+05:30,RVNL,12,3.0,5,381.76426982950375,0.554997717937015,1.2471794871794872,12.955765315564166,394.22543031649,15.71384056985985,42.95135013676992,46.84242293204281,0.825833371953403,EXT,HTB,RVNL
2026-05-22 15:15:00+05:30,RVNL,12,2.0,4,325.3676470588244,0.3346380129483298,0.5029412852861741,0.0,325.3676470588244,6.25,37.20747920799085,40.74547683176124,0.48634429972334314,EXT,HTB,RVNL
2026-05-25 15:15:00+05:30,RVNL,12,1.0,1,263.63969242036046,0.1325318366998091,0.15278005845840587,-12.832263978002667,251.14573785517956,0.0,32.03859488732013,34.11277581200051,0.1147623676618659,EXT,HTB,RVNL
2026-05-26 15:15:00+05:30,RVNL,12,0.0,0,73.33076032420045,0.04955118874332848,0.05213451598494034,38.446751249519416,111.4955786236076,,17.942702095047693,13.925527856225834,-1.0308346489738263,EXT,HTB,RVNL
2026-05-27 15:15:00+05:30,RVNL,13,23.0,34,139.4422310756972,0.8968555924352977,8.695145123333043,73.16590864148682,211.5878979632191,14.133450776135223,18.84005421579865,24.55521553538997,2.468687619579515,EXT,HTB,RVNL
2026-05-29 15:15:00+05:30,RVNL,13,22.0,32,61.71610591280157,0.8880338048674393,7.93126714555286,-41.98320671731353,19.99200319872051,1.4713147060770912,7.467397511216268,14.320063574232556,-89.75426090503208,EXT,HTB,RVNL
2026-06-01 15:15:00+05:30,RVNL,13,21.0,29,27.447392497712574,0.8705605477107403,6.725619834710744,25.717604114816844,53.094408495105405,9.491040240859693,9.658962978634694,9.83288295704444,-130.41448662271767,EXT,HTB,RVNL
2026-06-02 15:15:00+05:30,RVNL,13,20.0,28,55.99934118422192,0.8671546131000362,6.527547800760497,-60.48053024026545,-4.1425020712508,0.0,5.980053541684552,13.570430266291536,-96.53726852552253,EXT,HTB,RVNL
2026-06-03 15:15:00+05:30,RVNL,13,19.0,27,61.5410204166501,0.8618734657161112,6.239738585960027,-68.66234038099287,-6.698764915218614,0.0,5.8055944328892375,14.297098398117274,-89.9620018758465,EXT,HTB,RVNL
2026-06-04 15:15:00+05:30,RVNL,13,18.0,26,15.088013411566857,0.8588960212474607,6.0869723790974515,-68.36019917292619,-53.16904380116547,0.0,2.665686787604999,8.21831559200947,-145.07903318114944,EXT,HTB,RVNL
2026-06-05 15:15:00+05:30,RVNL,13,17.0,25,17.71255060728812,0.85626352362905,5.957176252319109,-62.38064926798213,-44.557606619986544,0.0,3.1882263210898723,8.561004784075454,-141.96498937419693,EXT,HTB,RVNL
2026-06-08 15:15:00+05:30,RVNL,13,16.0,22,3.933738362690826,0.8523607030370779,5.773264439555942,-56.70329670329635,-52.74725274725225,0.0,2.409570274456923,6.7628917794264405,-158.31370982952194,EXT,HTB,RVNL
2026-06-09 15:15:00+05:30,RVNL,13,15.0,21,-6.360513929524541,0.8506466516875592,5.695531176897637,-65.30089628681183,-71.70294494238064,0.0,0.9279199843297739,5.421125152609455,-170.5279595075381,EXT,HTB,RVNL
2026-06-10 15:15:00+05:30,RVNL,13,14.0,20,-15.776326745256744,0.8506644783258979,5.696330442949267,4.380393359323418,-11.389022734242381,7.049596928318519,5.3844525230731195,4.1950636621837,-181.69993056363776,EXT,HTB,RVNL
2024-11-29 15:15:00+05:30,KPITTECH,1,43.0,62,-33.333333333332675,,,0.0,-33.333333333332675,6.25,4.901594822573045,1.9119879149064238,0.1963790086218299,EXT,HTB,KPITTECH
2024-12-02 15:15:00+05:30,KPITTECH,1,42.0,59,-30.54502631288311,,,-121.80585562095014,-152.72293824033375,0.0,0.0,2.2743064381938,0.2153541800544022,EXT,HTB,KPITTECH
2024-12-03 15:15:00+05:30,KPITTECH,1,41.0,58,-42.3038246818538,,,-83.56643356643389,-126.22377622377591,1.0129297017527934,0.9263563825169456,0.747025935528476,0.135332427336405,EXT,HTB,KPITTECH
2024-12-04 15:15:00+05:30,KPITTECH,1,40.0,57,-39.44102546666183,0.7814569536423841,3.5757575757575757,-92.99931365820147,-132.8071379547008,0.32230185924117527,0.5846425263813633,1.1186931702022846,0.15481453798164618,EXT,HTB,KPITTECH
2024-12-05 15:15:00+05:30,KPITTECH,1,39.0,56,-46.493092454835285,0.7341040462427746,2.760869565217391,-71.57669409324916,-118.40256873369334,1.6013503042661081,1.1353464818356467,0.20333883697461683,0.10682334509177559,EXT,HTB,KPITTECH
2024-12-06 15:15:00+05:30,KPITTECH,1,38.0,55,-58.56172405715624,,,-93.22119768973677,-152.3288411524314,0.09216000872200591,0.0,0.0,0.024693094753103297,EXT,HTB,KPITTECH
2024-12-09 15:15:00+05:30,KPITTECH,1,37.0,52,-40.578403272036034,,,-95.9162439849135,-136.88386005982542,0.0,0.047031997013956967,0.9710186903618988,0.14707437928237252,EXT,HTB,KPITTECH
2024-12-10 15:15:00+05:30,KPITTECH,1,36.0,51,-9.005821620405204,,,-114.18347430058526,-123.29212752114537,0.0,0.5884216991353011,5.076555136964506,0.3619342010361438,EXT,HTB,KPITTECH
2024-12-11 15:15:00+05:30,KPITTECH,1,35.0,50,-29.027113237639263,,,-106.38297872340425,-135.7188910380397,0.0,0.0,2.4715896211006303,0.22568398255149277,EXT,HTB,KPITTECH
2024-12-12 15:15:00+05:30,KPITTECH,1,34.0,49,-41.67334508735374,,,-83.06936453552207,-125.0888874523234,0.08773945281450105,0.35724139844750324,0.8288698033051392,0.1396230087905407,EXT,HTB,KPITTECH
2024-12-13 15:15:00+05:30,KPITTECH,1,33.0,48,-63.63871301201794,,,-103.1331592689292,-167.42819843342096,0.0,0.0,0.0,-0.00985716641729118,EXT,HTB,KPITTECH
2024-12-16 15:15:00+05:30,KPITTECH,1,32.0,45,-136.42080820459955,,,-106.58409387222888,-244.45893089960884,0.0,0.0,0.0,-0.5051586964756146,EXT,HTB,KPITTECH
2024-12-17 15:15:00+05:30,KPITTECH,1,31.0,44,-51.78290508652393,,,-103.3112582781451,-155.62913907284766,0.0,0.0,0.0,0.07082476215369764,EXT,HTB,KPITTECH
2024-12-18 15:15:00+05:30,KPITTECH,1,30.0,43,-32.475967783839955,,,-108.99540380827254,-141.82534471437893,0.0,0.0,2.0233850898787193,0.20221360938949676,EXT,HTB,KPITTECH
2024-12-19 15:15:00+05:30,KPITTECH,1,29.0,42,-53.84994253817137,,,-93.1265327765623,-147.47796115861337,0.0,0.0,0.0,0.056758022115782576,EXT,HTB,KPITTECH
2024-12-20 15:15:00+05:30,KPITTECH,1,28.0,41,-87.5962360992298,,,-77.93372185247735,-166.2126280216553,0.0,0.0,0.0,-0.17289448775443672,EXT,HTB,KPITTECH
2024-12-23 15:15:00+05:30,KPITTECH,1,27.0,38,-24.109014675052727,,,-84.56659619450318,-108.87949260042315,0.0,0.26117827148362666,3.1110001209576703,0.2591529523108992,EXT,HTB,KPITTECH
2024-12-24 15:15:00+05:30,KPITTECH,1,26.0,37,-96.95290858725761,,,-67.62880847800352,-165.23739803388446,0.0,0.0,0.0,-0.2365691344833091,EXT,HTB,KPITTECH
2024-12-26 15:15:00+05:30,KPITTECH,1,25.0,35,62.58549931600609,,,-36.72810901726501,26.0872550029189,2.426799572981035,7.763379311509219,14.434103984669328,0.8491321953350937,EXT,HTB,KPITTECH
2024-12-27 15:15:00+05:30,KPITTECH,1,24.0,34,-61.581382689168365,0.957146590018291,22.335365853658537,-51.983584131326324,-113.88508891928927,0.6838642329851332,0.0,0.0,0.004143514025426284,EXT,HTB,KPITTECH
2024-12-30 15:15:00+05:30,KPITTECH,1,23.0,31,-27.177605652941978,0.9562062062062062,21.834285714285713,-39.56343792632984,-66.84856753069546,1.6009148814383436,2.128214500255369,2.712010506802936,0.23827037394529826,EXT,HTB,KPITTECH
2024-12-31 15:15:00+05:30,KPITTECH,1,22.0,30,-58.16722226001737,,,-26.94498448105355,-85.26893823118114,2.9761023327650418,0.9066862047498215,0.0,0.02737778448643153,EXT,HTB,KPITTECH
2025-01-01 15:15:00+05:30,KPITTECH,1,21.0,29,-56.38784158019449,,,-36.50123903288491,-93.09490322148612,1.6642427443822536,0.3162372030434249,0.0,0.03948694362702085,EXT,HTB,KPITTECH
2025-01-02 15:15:00+05:30,KPITTECH,1,20.0,28,-58.7248322147651,0.9528277960943444,20.198924731182796,-24.55680021529311,-83.42584182729567,3.052769768686673,0.8349791668255231,0.0,0.023583100326384773,EXT,HTB,KPITTECH
2025-01-03 15:15:00+05:30,KPITTECH,1,19.0,27,-40.36849187454652,,,-14.858327574292266,-55.286800276434,4.242864999804717,2.591072117182121,0.9982718375104129,0.14850288221400887,EXT,HTB,KPITTECH
2025-01-06 15:15:00+05:30,KPITTECH,1,18.0,24,-40.90404880754204,,,4.158004158003528,-36.729036729036416,6.882494637244188,3.676627140340301,0.928740714422846,0.14485827473679705,EXT,HTB,KPITTECH
2025-01-07 15:15:00+05:30,KPITTECH,1,17.0,23,-49.69406037659401,,,-53.35780315388736,-103.31702011963054,0.0,0.0,0.0,0.08503990638862177,EXT,HTB,KPITTECH
2025-01-08 15:15:00+05:30,KPITTECH,1,16.0,22,-39.128004471771305,,,-43.50877192982488,-82.80701754385933,0.0,0.22997846301546776,1.1593380214272377,0.15694472916808314,EXT,HTB,KPITTECH
2025-01-09 15:15:00+05:30,KPITTECH,1,15.0,21,-32.95354951796702,0.9486612625890445,18.47846889952153,12.254901960784313,-20.658263305322446,8.38132489992461,4.71275747426605,1.9613319050221143,0.19896353857173396,EXT,HTB,KPITTECH
2025-01-10 15:15:00+05:30,KPITTECH,1,14.0,20,4.023408924652191,0.9410329402196015,15.958620689655172,-42.60946223920037,-38.5689097854834,0.0,3.322797147852377,6.7745856301669685,0.4506015828609438,EXT,HTB,KPITTECH
2025-01-13 15:15:00+05:30,KPITTECH,1,13.0,17,-7.593591009188244,0.9378987664823479,15.102739726027398,-27.793641728536766,-35.40833809251925,0.29081916489512927,3.383063038317654,5.260496818609993,0.3715448062362296,EXT,HTB,KPITTECH
2025-01-14 15:15:00+05:30,KPITTECH,1,12.0,16,-60.43089858118897,,,-30.873493975902928,-91.49096385542238,0.0,0.0,0.0,0.011972864602408036,EXT,HTB,KPITTECH
2025-01-15 15:15:00+05:30,KPITTECH,1,11.0,15,-23.074919051694586,,,0.372162262746219,-22.701898027539666,6.340561169117834,4.325162470766661,3.245484596649823,0.2661902482711302,EXT,HTB,KPITTECH
2025-01-16 15:15:00+05:30,KPITTECH,1,10.0,14,-65.68516421291088,,,-13.608528010886477,-79.38308006350645,2.7044742625371376,0.0,0.0,-0.023783811539418408,EXT,HTB,KPITTECH
2025-01-17 15:15:00+05:30,KPITTECH,1,9.0,13,-48.61559497132336,,,-11.026615969582094,-59.6958174904936,3.1557711465566434,0.9514157255888882,0.0,0.09237915052458844,EXT,HTB,KPITTECH
2025-01-20 15:15:00+05:30,KPITTECH,1,8.0,10,-30.05146313061117,,,-9.399909760866297,-39.47962099563844,2.820644466520314,2.46534444189601,2.3384515759589526,0.2187130088805427,EXT,HTB,KPITTECH
2025-01-21 15:15:00+05:30,KPITTECH,1,7.0,9,-22.813688212927758,,,16.323121891964398,-6.453327259612868,12.875341552455911,5.613593311504239,3.279459948341106,0.2679679936602574,EXT,HTB,KPITTECH
2025-01-22 15:15:00+05:30,KPITTECH,1,6.0,8,-36.56236770195897,0.8807829181494662,7.388059701492537,-39.79907264296824,-76.50695517774413,0.0,0.0,1.4925261455140442,0.1744045702773491,EXT,HTB,KPITTECH
2025-01-23 15:15:00+05:30,KPITTECH,1,5.0,7,-48.33791923849185,0.8250567997403441,4.716141001855288,-5.208333333333671,-53.57142857142891,3.534933177768195,0.6781765433404634,0.0,0.0942688077949322,EXT,HTB,KPITTECH
2025-01-24 15:15:00+05:30,KPITTECH,1,4.0,6,-9.069952004837651,0.8293047256925584,4.858392999204455,-38.31562974203304,-47.420333839150224,0.0,1.1713198317735978,5.0682028319980255,0.3614977767006177,EXT,HTB,KPITTECH
2025-01-27 15:15:00+05:30,KPITTECH,1,3.0,3,156.93247265277688,0.7163739098390861,2.5257687310524037,49.61538461538496,205.76923076923077,66.765634390194,30.730405983850446,26.869488654599294,1.4911884610475081,EXT,HTB,KPITTECH
2025-01-28 15:15:00+05:30,KPITTECH,1,2.0,2,1.9732428272623228,0.5517414181909296,1.2308552263834545,-32.86347798542993,-30.88375039594624,0.0,2.49826743633705,6.507251678961577,0.4366496568793679,EXT,HTB,KPITTECH
2025-01-29 15:15:00+05:30,KPITTECH,1,1.0,1,-34.13341079923051,0.4027660472972973,0.6743857168110305,1.089245515938302,-33.04044731682654,10.225962677082206,2.0983158455688065,1.8080427444431661,0.19093426851128723,EXT,HTB,KPITTECH
2025-01-30 15:15:00+05:30,KPITTECH,1,0.0,0,0.34656038814731954,0.2681889411237967,0.36647292750076477,-61.01813110181311,-60.669456066945926,,0.0,6.295177404865769,0.42557964991019803,EXT,HTB,KPITTECH
2025-01-31 15:15:00+05:30,KPITTECH,2,19.0,27,-35.64244627166025,0.9832831325301205,58.81981981981982,-8.47667149365887,-44.14933069614664,5.104564999628999,3.326538577106328,1.6120130982452796,0.22050813731900015,MOD,HTB,
2025-02-01 15:15:00+05:30,KPITTECH,2,18.0,26,-40.43742747635289,0.9821455821761026,55.00854700854701,-6.685432793807498,-47.14989444053516,5.3117816734070615,3.0705061577834445,0.9893217504187701,0.17771518313728302,MOD,HTB,
2025-02-03 15:15:00+05:30,KPITTECH,2,17.0,24,-21.501586182586916,0.9815573770491803,53.22222222222222,-38.9242745930644,-60.509554140127065,0.3417578291742711,2.015493281880921,3.450123669915296,0.34670866909367604,MOD,HTB,
2025-02-04 15:15:00+05:30,KPITTECH,2,16.0,23,-33.945756780401815,0.9827791760498079,57.06923076923077,-61.61971830985915,-95.7746478873233,0.0,0.0,1.8324218008905393,0.2356502937864679,MOD,HTB,
2025-02-05 15:15:00+05:30,KPITTECH,2,15.0,22,-41.097798829758226,,,-19.89181643692137,-61.07136625370791,2.9530448537003573,1.8053485379746133,0.903587147047305,0.17182167910403737,MOD,HTB,
2025-02-06 15:15:00+05:30,KPITTECH,2,14.0,21,-27.119115499618186,,,-18.11215604318989,-45.28039010797631,3.104782257649551,2.884686380452811,2.719614472555006,0.2965748595089978,MOD,HTB,
2025-02-07 15:15:00+05:30,KPITTECH,2,13.0,20,-21.07882096824323,0.9841997346520324,62.29007633587786,-27.37352737352769,-48.510048510048506,1.2611562559679934,2.570133387763604,3.505117053331777,0.3504816499823869,MOD,HTB,
2025-02-10 15:15:00+05:30,KPITTECH,2,12.0,17,-24.357992901384925,0.9840748845125212,61.79389312977099,-6.267409470752723,-30.640668523677512,4.904771830282949,3.7685011315754537,3.078622493074581,0.3212165812994117,MOD,HTB,
2025-02-11 15:15:00+05:30,KPITTECH,2,11.0,16,-18.11725487354156,0.9790607601065118,46.75722543352601,10.135379714760468,-7.963512633027847,8.563306007299648,5.589653328374735,3.8904232261317784,0.37691223579420746,MOD,HTB,
2025-02-12 15:15:00+05:30,KPITTECH,2,10.0,15,-49.18275275497442,,,25.082995204722177,-23.976392475101438,12.361196396752927,4.2172305434996185,0.0,0.0996672642870458,MOD,HTB,
2025-02-13 15:15:00+05:30,KPITTECH,2,9.0,14,0.3732736095554649,,,-5.975946814073015,-5.6024501381937695,4.6924506401700965,5.763256739671506,6.2986597894219996,0.5419315141593719,MOD,HTB,
2025-02-14 15:15:00+05:30,KPITTECH,2,8.0,13,-14.579439252336789,0.96482476336659,27.42909090909091,-40.53749718489671,-55.1760378349984,0.0,1.3514885051054457,4.35085004551802,0.4084855778614124,MOD,HTB,
2025-02-17 15:15:00+05:30,KPITTECH,2,7.0,10,-17.85714285714217,,,-26.666666666666664,-44.57142857142788,0.0,1.9783097033170813,3.9242698048999713,0.3792336133188994,MOD,HTB,
2025-02-18 15:15:00+05:30,KPITTECH,2,6.0,9,-33.53302437737874,,,-0.3767897513184214,-33.91107761868877,6.097193701851114,2.9103773339202816,1.8860435013712193,0.23933373654836895,MOD,HTB,
2025-02-19 15:15:00+05:30,KPITTECH,2,5.0,8,-31.037319572209196,,,-2.244165170556213,-33.288450029922544,5.226214513824483,2.8805261603906485,2.2103294879811144,0.2616067292504451,MOD,HTB,
2025-02-20 15:15:00+05:30,KPITTECH,2,4.0,7,-36.52355396541511,0.9285136228756407,12.988679245283018,17.857142857143533,-18.601190476190474,15.569547993499855,4.311963495645857,1.497567371182424,0.21264466516792896,MOD,HTB,
2025-02-21 15:15:00+05:30,KPITTECH,2,3.0,6,102.91529573800631,0.812257281553398,4.326438267614738,8.02782981000768,110.86050690011085,11.135557751547038,18.217661782154497,19.735255502998942,1.4570708791164233,MOD,HTB,
2025-02-24 15:15:00+05:30,KPITTECH,2,2.0,3,-15.981290196842366,0.603988203903946,1.525177304964539,-6.6307824323263045,-22.622669474996982,0.0,3.5893715027130297,4.168387570698545,0.3959747168847072,MOD,HTB,
2025-02-25 15:15:00+05:30,KPITTECH,2,1.0,2,-49.640400250155636,0.401681537405628,0.6713507312876398,122.00772200772165,72.97297297297332,230.28358020355913,15.160930922055721,0.0,0.09558297543237809,MOD,HTB,
2025-02-27 15:15:00+05:30,KPITTECH,2,0.0,0,-60.216780409474104,0.3146853146853147,0.45918367346938777,12.028869286287089,-48.115477145148354,,0.0,0.0,0.0011937521496668694,MOD,HTB,
2025-02-28 15:15:00+05:30,KPITTECH,3,18.0,27,-0.8334722453753661,0.9619509703779366,25.28187919463087,-6.672226855712715,-7.50625521267799,5.34831455596431,5.752044474304429,6.141355466989281,0.26268830379210656,EXT,HTB,KPITTECH
2025-03-03 15:15:00+05:30,KPITTECH,3,17.0,24,-8.257638315441783,,,-66.08204147791069,-74.39424795311953,0.0,1.0474242368071665,5.174002061424611,0.21489232765160005,EXT,HTB,KPITTECH
2025-03-04 15:15:00+05:30,KPITTECH,3,16.0,23,5.450041288192254,,,-16.542597187758478,-11.083540115797504,3.6269307718289054,5.457205513974994,6.960645480737744,0.3031408825860856,EXT,HTB,KPITTECH
2025-03-05 15:15:00+05:30,KPITTECH,3,15.0,22,47.589082042003895,,,54.371210639546604,101.70154508116565,15.295290643052898,13.712223422122491,12.468384891391565,0.574427457730679,EXT,HTB,KPITTECH
2025-03-06 15:15:00+05:30,KPITTECH,3,14.0,21,105.62837316885154,0.9211218229623137,11.677777777777777,188.73633647263546,292.37111842354165,39.367690821559066,28.353382442097562,20.0926511575015,0.948078120677919,EXT,HTB,KPITTECH
2025-03-07 15:15:00+05:30,KPITTECH,3,13.0,20,88.7551130662962,,,40.73789392774754,129.13143735587974,13.699850526875807,16.13332031392371,17.871513018958108,0.8394499017422021,EXT,HTB,KPITTECH
2025-03-10 15:15:00+05:30,KPITTECH,3,12.0,17,49.144008056394036,,,122.94103604678956,171.48086257658912,32.80976447368561,20.279640816099725,12.67206573827972,0.5844379028072908,EXT,HTB,KPITTECH
2025-03-11 15:15:00+05:30,KPITTECH,3,11.0,16,59.74607916355418,0.8803879310344828,7.36036036036036,46.55712050078283,106.02503912363032,16.895643914739022,15.092217021410088,14.06168736807924,0.6526928869894059,EXT,HTB,KPITTECH
2025-03-12 15:15:00+05:30,KPITTECH,3,10.0,15,85.92604658739171,0.8627855563743552,6.287862513426423,46.20997162545639,131.738954195379,17.520486974970854,17.506804490487028,17.499474588084794,0.8212366785128872,EXT,HTB,KPITTECH
2025-03-13 15:15:00+05:30,KPITTECH,3,9.0,14,100.93380369371307,0.8459610849056604,5.491866028708134,10.364842454394694,111.19402985074694,8.953663891723874,15.967417312247251,19.47429402250891,0.9178549914394238,EXT,HTB,KPITTECH
2025-03-17 15:15:00+05:30,KPITTECH,3,8.0,10,57.5503866041256,0.828818100625186,4.8417391304347825,-26.80577849117109,30.898876404493652,0.0,9.222513125911993,13.773774600773272,0.638557256375556,EXT,HTB,KPITTECH
2025-03-18 15:15:00+05:30,KPITTECH,3,7.0,9,62.59027443427985,0.8129276459455524,4.345525291828793,-18.08754371156397,44.615941155190754,0.0,10.661150017294037,14.434730375894663,0.6710035077400177,EXT,HTB,KPITTECH
2025-03-19 15:15:00+05:30,KPITTECH,3,6.0,8,65.55046596114322,0.7883954154727794,3.7257955314827353,-56.389484552459194,9.530617107456264,0.0,7.2167594428673265,14.823100792134946,0.6900608998099159,EXT,HTB,KPITTECH
2025-03-20 15:15:00+05:30,KPITTECH,3,5.0,7,42.48022136482361,0.7735240499228719,3.415479876160991,-15.222482435597545,27.3224043715847,0.0,9.103236096826524,11.799395625785458,0.5415371666559406,EXT,HTB,KPITTECH
2025-03-21 15:15:00+05:30,KPITTECH,3,4.0,6,55.65019875070913,0.703016241299304,2.3671875,7.1877127941291175,62.79791178028262,10.624097459292944,13.01279730151288,13.524661553417221,0.62632405301679,EXT,HTB,KPITTECH
2025-03-24 15:15:00+05:30,KPITTECH,3,3.0,3,13.025073266036793,0.5679158292942428,1.3143638850889192,0.3617945007232599,13.386396526772135,6.690191272199862,7.827196120530183,7.949018068565458,0.35190811708214703,EXT,HTB,KPITTECH
2025-03-25 15:15:00+05:30,KPITTECH,3,2.0,2,15.36501274171754,0.4624476200709144,0.8602838297021786,47.36861735854619,62.660848159336574,92.90312101674432,13.897722266180063,8.254479498282647,0.36697239370181944,EXT,HTB,KPITTECH
2025-03-26 15:15:00+05:30,KPITTECH,3,1.0,1,103.85051376750518,0.19883934025656688,0.24818909645444148,-32.2829157342519,71.90285777174478,0.0,15.332534725885544,19.85844138479202,0.9366324546292384,EXT,HTB,KPITTECH
2025-03-27 15:15:00+05:30,KPITTECH,3,0.0,0,-13.45090419967086,0.07506138197123816,0.08115282518012894,-20.217147135904497,-33.69524522650693,,1.864967699451385,4.497756758472383,0.18145864500612294,EXT,HTB,KPITTECH
2025-03-28 15:15:00+05:30,KPITTECH,4,15.0,27,84.49726059109534,0.9720998531571219,34.8421052631579,92.50764525993814,176.22324159021372,18.81386585243678,16.71693189032774,15.099297119557983,0.7562663576704469,EXT,HTB,KPITTECH
2025-04-01 15:15:00+05:30,KPITTECH,4,14.0,23,99.63414342534215,0.9668850717194971,29.197860962566846,125.22628886265313,223.61275088547882,26.248346504385268,20.481903241859595,16.692526240771286,0.9693529750597981,EXT,HTB,KPITTECH
2025-04-02 15:15:00+05:30,KPITTECH,4,13.0,22,97.88808386002809,0.9675770925110132,29.842391304347824,126.33181126331742,222.98325722983222,27.343114849746613,20.69035540798595,16.508620901736425,0.9447731503622513,EXT,HTB,KPITTECH
2025-04-03 15:15:00+05:30,KPITTECH,4,12.0,21,72.7499480357514,0.9557833089311859,21.6158940397351,100.00823113013492,172.03061980409984,23.719885988636754,17.5602771008472,13.864511768173553,0.5908957775289213,EXT,HTB,KPITTECH
2025-04-04 15:15:00+05:30,KPITTECH,4,11.0,20,56.15418309242297,0.9459978070175439,17.517766497461928,37.52836446151121,93.47181008902109,13.111810208444547,12.48230203217569,12.12258307430776,0.3572720219983727,EXT,HTB,KPITTECH
2025-04-07 15:15:00+05:30,KPITTECH,4,10.0,17,33.267107147808865,0.9442156992960552,16.926190476190477,6.0029553010700365,39.25009235315848,7.539256820922291,9.010475556323824,9.725067513518853,0.035083520681768586,EXT,HTB,KPITTECH
2025-04-08 15:15:00+05:30,KPITTECH,4,9.0,16,31.894344369075554,0.9410029498525073,15.95,31.79294286226003,63.58588572452006,13.514318922946917,10.815284380035573,9.581440017561837,0.015758711194806412,EXT,HTB,KPITTECH
2025-04-09 15:15:00+05:30,KPITTECH,4,8.0,15,12.476894639555535,0.9340673744920698,14.16699801192843,45.998160073597056,58.41766329346743,17.46870743930435,10.526994219635846,7.5519742683493805,-0.25758678050907224,EXT,HTB,KPITTECH
2025-04-11 15:15:00+05:30,KPITTECH,4,7.0,13,80.28545941123996,0.9198952879581151,11.483660130718954,17.364976178815134,97.51102008103696,11.129789102413291,13.701288955853098,14.656417472845048,0.6969755197641548,EXT,HTB,KPITTECH
2025-04-15 15:15:00+05:30,KPITTECH,4,6.0,9,67.75538568450273,0.903471165813857,9.359598853868194,6.94444444444405,74.65277777777699,9.067336379751634,12.466018376085087,13.339965175142254,0.5205857666487491,EXT,HTB,KPITTECH
2025-04-16 15:15:00+05:30,KPITTECH,4,5.0,8,43.50474201687984,0.8775055679287305,7.163636363636364,-11.324041811846294,32.229965156794826,1.0863290531443095,8.990217599726943,10.796820696088677,0.17920189751045176,EXT,HTB,KPITTECH
2025-04-17 15:15:00+05:30,KPITTECH,4,4.0,7,29.761904761905555,0.828377460964019,4.826740506329114,-21.052631578948166,8.771929824561404,0.0,7.012657020466756,9.358369344058097,-0.014260305775509075,EXT,HTB,KPITTECH
2025-04-21 15:15:00+05:30,KPITTECH,4,3.0,3,7.706139224249429,0.7148972602739726,2.5075075075075075,4.279356384799725,11.98219787744001,11.457664620305087,7.401611718068317,7.053950040733711,-0.32474619139778654,EXT,HTB,KPITTECH
2025-04-22 15:15:00+05:30,KPITTECH,4,2.0,2,-8.594092420869895,0.6078107810781078,1.549789621318373,-9.3763440860208,-17.97849462365521,0.0,4.47803818407976,5.354143831672306,-0.554209632580204,EXT,HTB,KPITTECH
2025-04-23 15:15:00+05:30,KPITTECH,4,1.0,1,-30.909386692695254,0.3760273241541253,0.6026342798494697,-19.559902200489738,-50.529747351263616,0.0,1.1397452086231878,3.0315639663816176,-0.8683489850810346,EXT,HTB,KPITTECH
2025-04-24 15:15:00+05:30,KPITTECH,4,0.0,0,-72.71674387822604,0.20148698884758365,0.25232774674115455,32.15964377010052,-40.32324565020098,,2.053317043993593,0.0,-1.4568841823343088,EXT,HTB,KPITTECH
2025-04-25 15:15:00+05:30,KPITTECH,5,23.0,34,25.36758367608238,0.972197962154294,34.968586387434556,-13.893456099965695,11.509371917133269,4.759531772721302,6.927958081330164,9.561047170355334,0.4782877102237471,MOD,HTB,
2025-04-28 15:15:00+05:30,KPITTECH,5,22.0,31,36.60024400162668,0.9630606860158312,26.071428571428573,4.065040650406504,40.650406504065046,6.728723062028383,8.769938587266207,11.029855775922362,0.6755925763649107,MOD,HTB,
2025-04-29 15:15:00+05:30,KPITTECH,5,21.0,30,60.24573919936512,0.967867231638418,30.12087912087912,43.409629044988165,103.3938437253347,11.543001558699045,12.790552759476013,14.12721476030847,1.0909324094605257,MOD,HTB,
2025-04-30 15:15:00+05:30,KPITTECH,5,20.0,29,23.41731266149944,,,32.99798792756466,56.33802816901409,10.410062497904041,9.867811189251654,9.306193762433015,0.444030646418817,MOD,HTB,
2025-05-02 15:15:00+05:30,KPITTECH,5,19.0,27,17.767465256085377,0.9743490089389817,37.984848484848484,-0.7302231237315875,17.038539553751797,6.151288255828035,7.38170384617262,8.56817602257646,0.34478947346994976,MOD,HTB,
2025-05-05 15:15:00+05:30,KPITTECH,5,18.0,24,-6.345680970888828,0.9743819649032919,38.035,-28.63733990931618,-35.001193222496944,1.9009621645831727,3.7974750413088407,5.423057507073571,-0.07876478266081303,MOD,HTB,
2025-05-06 15:15:00+05:30,KPITTECH,5,17.0,23,-11.33786848072636,0.9718087208536424,34.47196261682243,21.818181818182186,10.505050505050137,9.716233314856568,7.002227224412557,4.772865078690834,-0.16645397291791747,MOD,HTB,
2025-05-07 15:15:00+05:30,KPITTECH,5,16.0,22,6.161813913219537,,,-39.85904463586467,-33.672670321064636,0.0,3.7960243474163797,7.053484027927789,0.1409329142648444,MOD,HTB,
2025-05-08 15:15:00+05:30,KPITTECH,5,15.0,21,-18.252356608381646,0.9744540039708802,38.145077720207254,3.23854660347616,-15.007898894155538,6.812981409983053,5.132902728836738,3.8728437179768815,-0.28790891902353494,MOD,HTB,
2025-05-09 15:15:00+05:30,KPITTECH,5,14.0,20,-19.984012789768187,0.9738213076321959,37.19900497512438,-48.19277108433735,-68.27309236947791,0.0,1.076042343058091,3.6475407036624783,-0.3183259512464366,MOD,HTB,
2025-05-12 15:15:00+05:30,KPITTECH,5,13.0,17,-15.026296018031555,0.9754967694745824,39.81094527363184,-22.59036144578313,-37.65060240963855,1.405186759192225,3.2018524401105615,4.292685174953738,-0.23124224928593082,MOD,HTB,
2025-05-13 15:15:00+05:30,KPITTECH,5,12.0,16,-22.304832713754646,0.9712855637513171,33.825688073394495,-22.35469448584203,-44.70938897168406,1.156026912037357,2.549419344708586,3.3456435919492087,-0.3590918117967248,MOD,HTB,
2025-05-14 15:15:00+05:30,KPITTECH,5,11.0,15,-32.46034673552262,,,-19.95860437610915,-52.48373743347233,1.398246371082395,1.806635125236846,2.0254148149624487,-0.5374762974472819,MOD,HTB,
2025-05-15 15:15:00+05:30,KPITTECH,5,10.0,14,22.327859406512072,0.9631572046676281,26.1423487544484,11.51079136690582,33.812949640288096,9.252756286026722,9.1934855434048,9.163850172093797,0.4248940908378112,MOD,HTB,
2025-05-16 15:15:00+05:30,KPITTECH,5,9.0,13,-10.968921389396709,0.9537209922646039,20.608069164265128,-26.394896986581927,-37.39277073099134,0.0,2.927339695607211,4.820906385021146,-0.1599733125615792,MOD,HTB,
2025-05-19 15:15:00+05:30,KPITTECH,5,8.0,10,-32.69673775730002,0.9466173361522199,17.73267326732673,-17.120738424891726,-49.87345541164074,0.006273811229872556,1.4714296720811328,1.9946996223849518,-0.5416285728261336,MOD,HTB,
2025-05-20 15:15:00+05:30,KPITTECH,5,7.0,9,-45.40295119182747,0.9403021741800761,15.751028806584362,-26.555386949924127,-72.07890743550834,0.0,0.0,0.3447965671828812,-0.7648168174808131,MOD,HTB,
2025-05-21 15:15:00+05:30,KPITTECH,5,6.0,8,-30.759996999023997,,,-44.46119065561485,-75.35795026375283,0.0,0.0,2.2463691086812045,-0.5076091718127527,MOD,HTB,
2025-05-22 15:15:00+05:30,KPITTECH,5,5.0,7,-29.387386029689484,0.9057933194154488,9.614958448753463,-8.295625942684081,-37.70739064856712,1.9262167921507416,2.3250531657260347,2.4247622591198272,-0.48349887062679425,MOD,HTB,
2025-05-23 15:15:00+05:30,KPITTECH,5,4.0,6,-38.39783165185897,0.8716836102157203,6.793236714975845,-12.060907583296672,-50.505050505050846,0.0,0.8417799384281909,1.2541537307078403,-0.6417699048991884,MOD,HTB,
2025-05-26 15:15:00+05:30,KPITTECH,5,3.0,3,-23.914505642329015,0.7081132331030746,2.425986078886311,-17.218146429105815,-41.173828417427764,0.0,1.4120667418523718,3.136295025206981,-0.38736617356845676,MOD,HTB,
2025-05-27 15:15:00+05:30,KPITTECH,5,2.0,2,-12.758931251874946,0.5280316879951249,1.118786313750807,-50.53933770838082,-63.36275175378942,0.0,0.0,4.587842318531987,-0.19141534375204142,MOD,HTB,
2025-05-28 15:15:00+05:30,KPITTECH,5,1.0,1,-39.82866160667284,0.295533070088845,0.41951304957085306,2.2539444027043913,-37.56574004507889,14.477824357642133,1.53075678951742,1.0683615192271032,-0.6669028390860536,MOD,HTB,
2025-05-29 15:15:00+05:30,KPITTECH,5,0.0,0,-48.09470958194599,0.25860865518845977,0.3488153146085046,-27.45214423505005,-75.67888410743468,,0.0,0.0,-0.8120983174509417,MOD,HTB,
2025-05-30 15:15:00+05:30,KPITTECH,6,19.0,27,-34.333482609345694,0.9834595764414902,59.45794392523364,-36.70686942842058,-71.1663795040827,1.2968602201654509,2.075204065997913,2.6756407470686456,0.16566029053383616,MOD,HTB,
2025-06-02 15:15:00+05:30,KPITTECH,6,18.0,24,-32.951396689883104,0.982713381694706,56.848214285714285,-23.269779312414872,-56.29785317519892,2.715165543931882,2.7769338713402334,2.8192892958487135,0.17841485489451428,MOD,HTB,
2025-06-03 15:15:00+05:30,KPITTECH,6,17.0,23,-39.97887908274839,0.9813721035892776,52.68292682926829,-39.379023097311965,-79.51533510034078,0.012992566607594735,1.265807534237095,2.089085941536232,0.11356181268409561,MOD,HTB,
2025-06-04 15:15:00+05:30,KPITTECH,6,16.0,22,-27.93085226843848,0.9787753855550466,46.115107913669064,-36.366391393287024,-64.39881809227971,0.22742939687699984,2.1394376417471115,3.341271395665367,0.2247468926117195,MOD,HTB,
2025-06-05 15:15:00+05:30,KPITTECH,6,15.0,21,-27.88664455833619,0.9768865758457064,42.264900662251655,-36.30862329803294,-64.29652042360061,0.0,2.0726597281589223,3.345868797517082,0.22515486296710602,MOD,HTB,
2025-06-06 15:15:00+05:30,KPITTECH,6,14.0,20,-38.63636363636295,0.9769520882804861,42.38787878787879,-7.58150113722517,-46.24715693707285,4.866900274838809,3.187945614644183,2.228542951675717,0.12595120137910945,MOD,HTB,
2025-06-09 15:15:00+05:30,KPITTECH,6,13.0,17,-59.401584042242135,0.9733132612563296,36.47179487179487,-41.976581486116935,-101.62751307165442,0.0,0.0,0.07358969850316255,-0.06568040154861411,MOD,HTB,
2025-06-10 15:15:00+05:30,KPITTECH,6,12.0,16,-57.697925796084306,0.9679774561291149,30.228,5.10986203372542,-52.55858091831387,7.415985202996672,2.4983050771691793,0.2502227339336374,-0.04995821058839558,MOD,HTB,
2025-06-11 15:15:00+05:30,KPITTECH,6,11.0,15,-58.42469705712571,0.9634325370345656,26.346715328467152,-47.833019278157245,-106.53717930134836,0.0,0.0,0.1748683910177594,-0.0566652109954674,MOD,HTB,
2025-06-12 15:15:00+05:30,KPITTECH,6,10.0,14,-27.916544225682888,0.9643452609978197,27.046762589928058,-16.188373804268178,-44.150110375275936,2.032872188595874,2.968505886143893,3.3427593651629826,0.22487893422333832,MOD,HTB,
2025-06-13 15:15:00+05:30,KPITTECH,6,9.0,13,-40.0148203038169,0.947856315179606,18.177777777777777,36.913990402362494,-2.953119232189671,16.63348930375411,6.0254730428311865,2.085352717345513,0.11323012952976766,MOD,HTB,
2025-06-16 15:15:00+05:30,KPITTECH,6,8.0,10,-7.121999857560003,0.9387897055413865,15.337121212121213,12.092758571632135,4.979371176554599,10.666527817410957,6.653982916158483,5.507541515800677,0.41678115300676266,MOD,HTB,
2025-06-17 15:15:00+05:30,KPITTECH,6,7.0,9,-43.097256141359,0.9210775047258979,11.67065868263473,-15.82733812949673,-58.99280575539601,0.0,1.370656811593682,1.7652289991104,0.08478390507732639,MOD,HTB,
2025-06-18 15:15:00+05:30,KPITTECH,6,6.0,8,0.0,0.906616167593798,9.708491761723701,-14.094432699083862,-14.094432699083862,0.0,5.054454437148509,6.25,0.4825064485768897,MOD,HTB,
2025-06-19 15:15:00+05:30,KPITTECH,6,5.0,7,48.37894432811066,0.8450159528183312,5.45227698066126,36.69064748201373,84.89208633093493,25.41673543948369,13.65901959189265,11.307476422374348,0.9289709920941884,MOD,HTB,
2025-06-20 15:15:00+05:30,KPITTECH,6,4.0,6,45.711020641381786,0.8224003166122489,4.630640668523677,-36.559139784945586,9.318996415770282,0.0,7.080004774270125,11.027934991204798,0.9043500883626805,MOD,HTB,
2025-06-23 15:15:00+05:30,KPITTECH,6,3.0,3,-3.590664272890485,0.6649994790038554,1.9850699844479005,-5.7483653086150355,-9.341093626499637,0.0,5.353182173133443,5.875612222560581,0.44937004372589673,MOD,HTB,
2025-06-24 15:15:00+05:30,KPITTECH,6,2.0,2,6.178083249673194,0.3923735838629456,0.6457480673033197,77.39463601532498,83.52490421456008,148.04462844648862,14.524222416613119,6.894484929191648,0.5395208203492498,MOD,HTB,
2025-06-25 15:15:00+05:30,KPITTECH,6,1.0,1,-23.98638192509988,0.1531387445021991,0.18083097261567516,-3.095975232198846,-27.089783281733748,0.0,3.5071105117767787,3.751558260243308,0.2611483928038789,MOD,HTB,
2025-06-26 15:15:00+05:30,KPITTECH,6,0.0,0,-91.96667190693323,0.118722088629337,0.13471583378810323,23.525721455457965,-68.22459222082847,,0.0,0.0,-0.36620694858329245,MOD,HTB,
2025-06-27 15:15:00+05:30,KPITTECH,7,24.0,34,-11.05321332701793,0.9651935297515887,27.730290456431536,3.1570639305453114,-7.892659826361484,6.588973609309905,5.785534747174651,4.809930414581906,0.18872496176613865,EXT,HTB,KPITTECH
2025-06-30 15:15:00+05:30,KPITTECH,7,23.0,31,-17.42436242673884,0.9645911371828397,27.241516966067863,-8.719778042012754,-26.15933412604007,5.22376381893344,4.633781352263325,3.9805864784499043,0.14681339064743623,EXT,HTB,KPITTECH
2025-07-01 15:15:00+05:30,KPITTECH,7,22.0,30,-24.057738572574177,0.9597788527988943,23.86254295532646,16.01281024819856,-8.00640512409928,8.199786742075117,5.746350237360815,3.117668268024053,0.10317680143224102,EXT,HTB,KPITTECH
2025-07-02 15:15:00+05:30,KPITTECH,7,21.0,29,-12.873119317723944,0.9577398863256436,22.662974683544302,11.251305955154413,-1.6073294221654382,7.6669098999781236,6.147082790329171,4.57297614104995,0.17675300534744975,EXT,HTB,KPITTECH
2025-07-03 15:15:00+05:30,KPITTECH,7,20.0,28,-28.66470260370976,0.9580653804930332,22.84664536741214,63.296146847060676,34.812880765884096,14.527328730660017,8.523012641163836,2.5186965516677104,0.0728706356825333,EXT,HTB,KPITTECH
2025-07-04 15:15:00+05:30,KPITTECH,7,19.0,27,-10.321556173084195,0.9549444520641888,21.19482496194825,31.658092599920856,21.369212504946937,10.536493807363623,7.669656035439108,4.905205326797508,0.19353804969763036,EXT,HTB,KPITTECH
2025-07-07 15:15:00+05:30,KPITTECH,7,18.0,24,-27.76675922253074,0.9527313111681821,20.155653450807637,74.0215765020875,46.46035120875731,17.549319549832738,9.518758544591396,2.6354205400988095,0.0787776105926796,EXT,HTB,KPITTECH
2025-07-08 15:15:00+05:30,KPITTECH,7,17.0,23,-25.366627031312287,0.9502140939110241,19.08600583090379,80.98757666299697,55.82638779682269,19.154703150222485,10.256612119200906,2.9474659151477045,0.09456649097391975,EXT,HTB,KPITTECH
2025-07-09 15:15:00+05:30,KPITTECH,7,16.0,22,-22.35885969815503,0.9447776477472206,17.10860927152318,52.42672174120372,30.185082214633265,14.970950312785487,8.456843367243652,3.338616481460742,0.1143526005938708,EXT,HTB,KPITTECH
2025-07-10 15:15:00+05:30,KPITTECH,7,15.0,21,-32.94760527161611,0.943921263187708,16.832070707070706,92.35668789808844,59.71337579617835,22.377059198579143,10.711370648031393,1.9621042351205618,0.04469625505654847,EXT,HTB,KPITTECH
2025-07-11 15:15:00+05:30,KPITTECH,7,14.0,20,-3.971721344030503,0.94065628882555,15.850985221674877,63.9305445935273,59.984214680346554,17.954779026788753,10.825034910981838,5.732360542548132,0.23530940834336594,EXT,HTB,KPITTECH
2025-07-14 15:15:00+05:30,KPITTECH,7,13.0,17,-18.18038099755104,0.9382781658062557,15.201722017220172,22.87066246056854,4.7318611987374535,11.166089620234306,6.6338973540676305,3.8822091924665667,0.14184004508579437,EXT,HTB,KPITTECH
2025-07-15 15:15:00+05:30,KPITTECH,7,12.0,16,-9.29944203347658,0.934765625,14.32934131736527,20.108275328692258,10.827532869296915,10.841818535707914,7.148679679600299,5.038314618967355,0.2002618618048486,EXT,HTB,KPITTECH
2025-07-16 15:15:00+05:30,KPITTECH,7,11.0,15,-2.3315458148749086,0.932806646033556,13.882424242424243,-2.332089552238452,-4.664179104476904,5.682591035476334,5.854179424255832,5.946101775387478,0.24609903706832728,EXT,HTB,KPITTECH
2025-07-17 15:15:00+05:30,KPITTECH,7,10.0,14,-21.943573667711245,0.9297595520421608,13.23681125439625,31.25,9.375000000000355,14.410078201847229,7.065114287408152,3.392632330188711,0.11708449239660866,EXT,HTB,KPITTECH
2025-07-18 15:15:00+05:30,KPITTECH,7,9.0,13,18.96483603318918,0.9273436851282902,12.763428571428571,33.86360056701807,52.76421483698256,15.773992032133217,10.959738290471442,8.724549053271396,0.3861938313394707,EXT,HTB,KPITTECH
2025-07-21 15:15:00+05:30,KPITTECH,7,8.0,10,-36.4010445517125,0.9199501246882793,11.49221183800623,24.471108304388295,-11.840858856962425,15.192901134450942,5.113327173031131,1.5134793296667808,0.021978364809996136,EXT,HTB,KPITTECH
2025-07-22 15:15:00+05:30,KPITTECH,7,7.0,9,-30.290952570744953,0.9133806841374806,10.544769085768143,43.65079365079365,13.492063492063853,23.991571786133786,7.581872518579901,2.307326325437625,0.062172614009618966,EXT,HTB,KPITTECH
2025-07-23 15:15:00+05:30,KPITTECH,7,6.0,8,-24.308005959383177,0.9092622950819672,10.02077687443541,16.439643024895382,-7.828401440425865,13.756759244271311,5.456597589304626,3.085122830742759,0.10153045801494497,EXT,HTB,KPITTECH
2025-07-24 15:15:00+05:30,KPITTECH,7,5.0,7,-42.512232293253824,0.9005449591280654,9.054794520547945,41.53686396677087,-0.7987858455140909,27.953613912298643,6.1667013743830195,0.7199732399041598,-0.018223092672857537,EXT,HTB,KPITTECH
2025-07-25 15:15:00+05:30,KPITTECH,7,4.0,6,-26.06287669001503,0.8845099114628222,7.658751696065129,17.07455890722934,-8.943816570452142,16.64590113439465,5.290284098022467,2.8569375902286573,0.08998632550763508,EXT,HTB,KPITTECH
2025-07-28 15:15:00+05:30,KPITTECH,7,3.0,3,-13.401457408492412,0.7159034958148696,2.5199306759098787,-6.705221691393697,-20.11566507417728,0.0,3.883921625586971,4.504193858327051,0.1732774188999544,EXT,HTB,KPITTECH
2025-07-29 15:15:00+05:30,KPITTECH,7,2.0,2,-4.9301561216097705,0.49453551912568305,0.9783783783783784,8.210180623973727,3.2840722495902375,21.239733902252674,6.649627747612175,5.607477307995139,0.2290045005921236,EXT,HTB,KPITTECH
2025-07-30 15:15:00+05:30,KPITTECH,7,1.0,1,55.467511885895405,0.29042972804650197,0.4093036863662961,7.91765637371338,63.34125098970704,35.16089260064289,14.247616677177566,13.500713965625245,0.6263207646568304,EXT,HTB,KPITTECH
2025-07-31 15:15:00+05:30,KPITTECH,7,0.0,0,-24.529844644317254,0.10751211631663975,0.12046339035206806,-14.739600393055637,-39.305601048148986,,1.1362774752378804,3.0562750168597783,0.10007112820254091,EXT,HTB,KPITTECH
2025-08-01 15:15:00+05:30,KPITTECH,8,17.0,27,15.780730897010722,0.9640525798086381,26.818407960199004,20.721094073767095,36.469125569830844,9.054091135765985,8.472593742550771,7.996823148101837,0.3492771789435923,EXT,HTB,KPITTECH
2025-08-04 15:15:00+05:30,KPITTECH,8,16.0,24,9.00827123085668,0.9631420490831129,26.13118811881188,-25.451559934317807,-16.420361247947454,2.3841594261091346,5.1993830667142,7.2468184416998955,0.2834756061556517,EXT,HTB,KPITTECH
2025-08-05 15:15:00+05:30,KPITTECH,8,15.0,23,7.420232500619101,0.9621037064423699,25.38780487804878,-23.13858358813472,-15.701181720519717,2.582249080642346,5.227421979968999,7.071027334045272,0.2680461386875734,EXT,HTB,KPITTECH
2025-08-06 15:15:00+05:30,KPITTECH,8,14.0,22,7.50625521267799,0.9611095751543637,24.713270142180093,58.04311774461028,65.50580431177522,15.907936930727434,10.611504216484125,7.080549073655308,0.26888193986291997,EXT,HTB,KPITTECH
2025-08-07 15:15:00+05:30,KPITTECH,8,13.0,21,5.75942076682611,0.9595251448868948,23.706697459584294,-19.785655399835868,-14.01483924155025,2.8144622553346017,5.303363873715068,6.88721035813902,0.25190960490585124,EXT,HTB,KPITTECH
2025-08-08 15:15:00+05:30,KPITTECH,8,12.0,20,25.376416849940785,0.9537721564086576,20.63198458574181,61.37032366540525,86.59100462379112,17.48459296875633,12.239311381883363,9.060352844384472,0.4425093661853235,EXT,HTB,KPITTECH
2025-08-11 15:15:00+05:30,KPITTECH,8,11.0,17,15.782041697816188,0.9468530223448767,17.81574539363484,-46.732871568055884,-30.877075857465123,0.0,3.9994462031221465,7.996968359779349,0.34928991475286447,EXT,HTB,KPITTECH
2025-08-12 15:15:00+05:30,KPITTECH,8,10.0,16,7.39219712525742,0.9447316812266001,17.093548387096774,28.665028665028665,36.03603603603678,12.798599944970967,8.939165228155963,7.0679241533366595,0.26777374551235544,EXT,HTB,KPITTECH
2025-08-13 15:15:00+05:30,KPITTECH,8,9.0,15,21.299254526092703,0.938266000907853,15.198529411764707,-13.945857260049593,7.383100902379745,2.8588721267593966,6.811630652095399,8.608339072702728,0.4028954435271039,EXT,HTB,KPITTECH
2025-08-14 15:15:00+05:30,KPITTECH,8,8.0,14,4.123711340206186,0.930122240467068,13.310704960835508,-15.69469684454065,-11.564513464398573,2.1613759697941473,5.35242370710497,6.706201535054983,0.23601696645522258,EXT,HTB,KPITTECH
2025-08-18 15:15:00+05:30,KPITTECH,8,7.0,10,-16.482610845557936,0.9257153338224505,12.461728395061728,-26.441910428028798,-42.968104445546565,0.0,2.610520901727129,4.428424150103141,0.035804860951710676,EXT,HTB,KPITTECH
2025-08-19 15:15:00+05:30,KPITTECH,8,6.0,9,13.248323259088652,0.8996977191536136,8.96986301369863,-33.23087147960455,-19.938522887761597,0.0,4.518972549332348,7.716316371601019,0.32467217371214796,EXT,HTB,KPITTECH
2025-08-20 15:15:00+05:30,KPITTECH,8,5.0,8,15.581433491881997,0.8732432925716371,6.889128869690425,-22.19117284457997,-6.575162324319508,0.0,5.664842537513035,7.974745026346702,0.347340794918219,EXT,HTB,KPITTECH
2025-08-21 15:15:00+05:30,KPITTECH,8,4.0,7,4.12269129287599,0.8635908635908636,6.3308872581721145,-15.690808489552097,-11.561648360722302,0.0,5.19560899460197,6.706088665099632,0.23600705562194285,EXT,HTB,KPITTECH
2025-08-22 15:15:00+05:30,KPITTECH,8,3.0,6,0.8357709987455834,0.6775465152948597,2.1012224938875304,5.012112605462443,5.847464706372217,9.299799529117948,6.7974227898944655,6.342445200944809,0.20407116590918728,EXT,HTB,KPITTECH
2025-08-25 15:15:00+05:30,KPITTECH,8,2.0,3,44.683491932148044,0.4385441045920426,0.7810838004887164,-9.110485340400107,35.61371542156851,0.0,9.867280105108877,11.203339902974308,0.6300979187895138,EXT,HTB,KPITTECH
2025-08-26 15:15:00+05:30,KPITTECH,8,1.0,2,24.14855525022975,0.23708258604492272,0.3107578640994067,-16.68195846192343,7.506881307866301,0.0,7.033154468422466,8.924206778193048,0.4305793985798044,EXT,HTB,KPITTECH
2025-08-28 15:15:00+05:30,KPITTECH,8,0.0,0,-49.30714953668243,0.0944307439375257,0.10427777147395892,25.438819638768763,-23.74289832951713,,3.627004193792348,0.8097316414349971,-0.2831200759820476,EXT,HTB,KPITTECH
2025-08-29 15:15:00+05:30,KPITTECH,9,22.0,32,-10.133423408208458,0.9672295045545435,29.515254237288136,40.37005887300214,30.277544154751126,10.864029551511525,8.094677963368401,4.9297047197760735,0.05153076538236208,MOD,HTB,
2025-09-01 15:15:00+05:30,KPITTECH,9,21.0,29,0.0,0.9652418976045092,27.77027027027027,-56.3219329034372,-56.3219329034372,0.0,2.653538588475025,6.25,0.25117361710141345,MOD,HTB,
2025-09-02 15:15:00+05:30,KPITTECH,9,20.0,28,1.648125257519946,0.963267740011926,26.224025974025974,-53.85252692626346,-52.195526097762674,0.0,2.8568179365929356,6.46486260615175,0.28364402844679804,MOD,HTB,
2025-09-03 15:15:00+05:30,KPITTECH,9,19.0,27,-5.740998933814857,0.9616292065068919,25.06148867313916,-14.784394250512973,-20.53388090349076,4.25284489830339,4.888694161357387,5.5018345221594736,0.1380677739236373,MOD,HTB,
2025-09-04 15:15:00+05:30,KPITTECH,9,18.0,26,2.4570024570020843,0.9619188921859545,25.25974025974026,16.35322976287817,18.80621422730952,8.54762105927186,7.522357563273506,6.570327174132198,0.29958005956776396,MOD,HTB,
2025-09-05 15:15:00+05:30,KPITTECH,9,17.0,25,-4.056795131845842,0.9610072118322943,24.645768025078368,28.317152103559874,24.271844660194173,10.390168867154697,7.923583436700945,5.721275016652908,0.17124898390138246,MOD,HTB,
2025-09-08 15:15:00+05:30,KPITTECH,9,16.0,22,22.74019329164261,0.9578779319661058,22.740524781341108,-31.77448264624298,-8.962033566888618,0.9866820091018031,5.596064535446936,9.217722234718083,0.6991877634074355,MOD,HTB,
2025-09-09 15:15:00+05:30,KPITTECH,9,15.0,21,1.6099170892702688,0.9532967032967034,20.41176470588235,-2.4154589371977013,-0.8051529790652904,5.830220928259088,6.19002673325676,6.459881087004946,0.28289127319706203,MOD,HTB,
2025-09-10 15:15:00+05:30,KPITTECH,9,14.0,20,5.423413651507286,0.95166753517457,19.6900269541779,-38.1085705397425,-32.66448903406475,0.0,3.7701857050667003,6.957172489928061,0.35802257858484293,MOD,HTB,
2025-09-11 15:15:00+05:30,KPITTECH,9,13.0,19,5.513547574037635,0.9460375391032325,17.531400966183575,-57.034220532317946,-51.489226869454995,0.0,2.2616276731711773,6.968928519305545,0.35979834503668257,MOD,HTB,
2025-09-12 15:15:00+05:30,KPITTECH,9,12.0,18,-10.339616638828875,0.9389563106796116,15.381709741550695,-58.399999999999636,-68.79999999999927,0.0,0.8095632810488405,4.902853445715663,0.047468465515085344,MOD,HTB,
2025-09-15 15:15:00+05:30,KPITTECH,9,11.0,15,-3.972352427107333,0.9266802443991853,12.63888888888889,-37.48006379585363,-41.46730462519972,0.0,2.737378810117233,5.7322783090250695,0.17291262526933415,MOD,HTB,
2025-09-16 15:15:00+05:30,KPITTECH,9,10.0,14,-8.765638696309738,0.9192784667418263,11.388268156424582,-38.3969282457418,-47.196224302056564,0.0,2.1580719641815795,5.107836900583212,0.07847806931125799,MOD,HTB,
2025-09-17 15:15:00+05:30,KPITTECH,9,9.0,13,8.480456402743883,0.8993612306087864,8.936528497409327,-0.7710100231295994,7.710100231303007,6.033532453715411,6.936651713516372,7.355957084138151,0.4182506681551996,MOD,HTB,
2025-09-18 15:15:00+05:30,KPITTECH,9,8.0,12,0.7623113279456399,0.8869812393405344,7.8480885311871225,-52.10727969348624,-51.34099616858273,0.0,1.5771193788205233,6.3493765145188545,0.2661922343325384,MOD,HTB,
2025-09-19 15:15:00+05:30,KPITTECH,9,7.0,11,8.53109973631252,0.8629829290206649,6.298360655737705,-10.869565217392012,-2.329192546583498,2.64523938672119,6.032036849716026,7.362564424464021,0.4192484138455664,MOD,HTB,
2025-09-22 15:15:00+05:30,KPITTECH,9,6.0,8,0.0,0.8391991570073762,5.218872870249017,-0.7923930269406422,-0.7923930269406422,5.888485004367351,6.169663334303856,6.25,0.25117361710141345,MOD,HTB,
2025-09-23 15:15:00+05:30,KPITTECH,9,5.0,7,9.550338241146402,0.8273695420660276,4.792720542874768,-45.570834665814246,-35.976974736168856,0.0,2.5048484206458848,7.495549672184768,0.4393288618333678,MOD,HTB,
2025-09-24 15:15:00+05:30,KPITTECH,9,4.0,6,-4.844961240309343,0.8044338051623647,4.113358169238957,9.680542110356713,4.8402710551783565,12.141848725292748,6.76974312889559,5.61857764395329,0.15572099072639092,MOD,HTB,
2025-09-25 15:15:00+05:30,KPITTECH,9,3.0,5,28.58958068615102,0.588620199146515,1.4308437067773168,11.898151820417228,40.45371618941966,14.940822090820133,10.733501025273407,9.982193692140212,0.8144290133983495,MOD,HTB,
2025-09-26 15:15:00+05:30,KPITTECH,9,2.0,4,0.821018062396626,0.4107660808735711,0.6971188649196467,-18.919141235501804,-18.09656987743724,0.0,4.1877254408420335,6.357029962584912,0.26734884048711927,MOD,HTB,
2025-09-29 15:15:00+05:30,KPITTECH,9,1.0,1,29.654036243821324,0.2408765816981478,0.31730885372629547,-33.05785123966942,-3.3057851239676936,0.0,5.833995801978543,10.121358350119742,0.8354003016294669,MOD,HTB,
2025-09-30 15:15:00+05:30,KPITTECH,9,0.0,0,15.312556296163264,0.26555193424968115,0.3615666602353849,4.501665616278022,19.807328711623708,,8.834587312851829,8.247630921030703,0.552852751874192,MOD,HTB,
2025-10-01 15:15:00+05:30,KPITTECH,10,17.0,27,13.172916483709493,0.9530154884485593,20.283609576427256,100.84325828044778,113.88333478222992,19.95171754138107,13.851076637579501,7.968315766056483,0.03455252242105472,EXT,HTB,KPITTECH
2025-10-03 15:15:00+05:30,KPITTECH,10,16.0,25,17.40644038294169,0.9518648118118972,19.77482269503546,60.55363321799308,77.85467128027682,15.117706220008017,11.632670221844332,8.52103093776978,0.09118997663874229,EXT,HTB,KPITTECH
2025-10-06 15:15:00+05:30,KPITTECH,10,15.0,22,26.77723071607615,,,-6.050129645635657,20.74330164217883,5.246532015580501,7.765833733795713,9.74528508382192,0.2165554454796548,EXT,HTB,KPITTECH
2025-10-07 15:15:00+05:30,KPITTECH,10,14.0,21,33.72535454859989,,,116.23931623931546,149.57264957264957,26.571840200513797,17.475800645233328,10.653770978772911,0.309509697027581,EXT,HTB,KPITTECH
2025-10-08 15:15:00+05:30,KPITTECH,10,13.0,20,43.51231398485772,0.9461512773417933,17.570542635658914,51.082251082251865,94.37229437229517,15.59640296345835,13.460302960173848,11.934517243542157,0.440442810952354,EXT,HTB,KPITTECH
2025-10-09 15:15:00+05:30,KPITTECH,10,12.0,19,40.55569937009272,0.9457930129571921,17.447806354009078,25.81977794990963,66.27076340476843,11.216529735220302,11.413688325237938,11.547474511321251,0.4008882628102096,EXT,HTB,KPITTECH
2025-10-10 15:15:00+05:30,KPITTECH,10,11.0,18,26.928422515637042,0.9408991138931794,15.92022008253095,32.03740583600351,58.87955667157487,12.7569027498755,10.935773212533961,9.765047081385934,0.21857813835432424,EXT,HTB,KPITTECH
2025-10-13 15:15:00+05:30,KPITTECH,10,10.0,15,37.43362061460742,0.9363511215483035,14.711195928753181,54.54545454545415,91.77489177489099,19.559057791035947,14.076161743436256,11.138896003650723,0.359120081789693,EXT,HTB,KPITTECH
2025-10-14 15:15:00+05:30,KPITTECH,10,9.0,14,61.40350877192982,0.925513698630137,12.425287356321839,112.74934952298352,173.46053772766695,35.81233779563593,21.456820530914822,14.279061898554357,0.679797010851002,EXT,HTB,KPITTECH
2025-10-15 15:15:00+05:30,KPITTECH,10,8.0,13,68.10344827586286,0.9096689152516089,10.07038626609442,26.65291032585254,94.5748430917376,13.743307494405425,14.709534048438137,15.158139234238952,0.7694309720491671,EXT,HTB,KPITTECH
2025-10-16 15:15:00+05:30,KPITTECH,10,7.0,12,61.04901117798718,0.8994928538497003,8.94954128440367,-12.914334911752045,48.21351700387352,2.32442406255682,10.660123368095952,14.232565927612864,0.6750544271960831,EXT,HTB,KPITTECH
2025-10-17 15:15:00+05:30,KPITTECH,10,6.0,11,89.34828311142097,0.8760848601735777,7.070038910505836,29.6943231441056,118.77729257641842,16.117774421685656,17.43288224086895,17.94953174126245,1.053651254962766,EXT,HTB,KPITTECH
2025-10-20 15:15:00+05:30,KPITTECH,10,5.0,8,78.26086956521739,0.8583086646931755,6.05759457933371,17.36111111111111,95.48611111111111,14.177890787092624,15.977748218674307,16.49199319912624,0.9053202446596085,EXT,HTB,KPITTECH
2025-10-21 14:30:00+05:30,KPITTECH,10,4.0,7,94.00295935242563,0.854600590535472,5.877607025246982,39.8786302557426,133.50671868227215,24.85306186720095,19.93810425216793,18.561916119958756,1.1159230216453333,EXT,HTB,KPITTECH
2025-10-23 15:15:00+05:30,KPITTECH,10,3.0,5,51.41828777101722,0.7106656889106168,2.456209518445508,-28.36026125816588,23.203850120314698,0.0,8.819468685228948,12.970032556593175,0.5462114894853974,EXT,HTB,KPITTECH
2025-10-24 15:15:00+05:30,KPITTECH,10,2.0,4,44.15760869565064,0.5074293133294865,1.0301654707863523,11.874469889737837,55.97964376590253,17.091892135177716,12.653117096035022,12.019006376157549,0.44907577264322296,EXT,HTB,KPITTECH
2025-10-27 15:15:00+05:30,KPITTECH,10,1.0,1,4.134281461881924,0.2351878923381202,0.307510681358219,-19.884009942005726,-15.741507870754688,0.0,4.270299016202082,6.789044554913176,-0.08636926506005305,EXT,HTB,KPITTECH
2025-10-28 15:15:00+05:30,KPITTECH,10,0.0,0,-48.73130566291341,0.0719438679711434,0.07752103077414546,15.100671140939214,-33.557046979865774,,1.8829224531145008,0.0,-0.7936222159681134,EXT,HTB,KPITTECH
2025-10-29 15:15:00+05:30,KPITTECH,11,18.0,27,4.17641162712997,0.9568759936406995,22.1889400921659,-36.88799463447427,-32.69617706237501,1.2724645454609176,4.328284343445432,6.68563104474784,0.3931885871146508,MOD,HTB,
2025-10-30 15:15:00+05:30,KPITTECH,11,17.0,26,-28.889455348796528,0.9527027027027027,20.142857142857142,-41.80887372013729,-70.81911262798596,0.39291274026757517,2.02739739541986,3.2415859963901354,-0.14103728394869183,MOD,HTB,
2025-10-31 15:15:00+05:30,KPITTECH,11,16.0,25,3.4270047978074962,0.9521927710843373,19.91733870967742,6.8493150684927615,10.273972602740116,7.25034262221073,6.875321281718681,6.607448895652936,0.38108085933400343,MOD,HTB,
2025-11-03 15:15:00+05:30,KPITTECH,11,15.0,22,-29.838022165387894,0.9507251945058112,19.294346978557506,-39.3700787401567,-69.32557343375478,0.0,1.8260478181607809,3.1429536497465826,-0.1563627231462862,MOD,HTB,
2025-11-04 15:15:00+05:30,KPITTECH,11,14.0,21,17.37619461337967,0.9489514348785872,18.589189189189188,34.63203463203463,51.94805194805195,12.279824740067276,9.644724935902598,8.063665053403858,0.6064497596951334,MOD,HTB,
2025-11-06 15:15:00+05:30,KPITTECH,11,13.0,19,18.167661562420072,0.9467505634861006,17.779541446208114,26.74719585849792,44.866264020707895,11.395161102254987,9.289450654984027,8.146350697894103,0.6192370282272662,MOD,HTB,
2025-11-07 15:15:00+05:30,KPITTECH,11,12.0,18,34.66805338880222,0.9352670349907919,14.448079658605975,-11.279826464207847,23.427331887202133,3.9639909029184586,7.865284554318469,9.871664146467015,0.8858242071678077,MOD,HTB,
2025-11-10 15:15:00+05:30,KPITTECH,11,11.0,15,8.375209380234505,0.926241134751773,12.557692307692308,-33.61344537815126,-25.210084033613448,0.0,4.411979725591045,7.123780648401218,0.4610261063517591,MOD,HTB,
2025-11-11 15:15:00+05:30,KPITTECH,11,10.0,14,-14.03682602592722,0.9232177361944472,12.023841059602649,-48.95453036840245,-63.06007301692589,0.0,1.5674167639475052,4.787185994850335,0.09892796007069543,MOD,HTB,
2025-11-12 15:15:00+05:30,KPITTECH,11,9.0,13,17.642341619888093,0.9144015782551512,10.682458386683738,-32.180209171359614,-14.48109412711146,0.0,5.149630003339848,8.09146906687685,0.6107497411983064,MOD,HTB,
2025-11-13 15:15:00+05:30,KPITTECH,11,8.0,12,32.28670594882557,0.9118834080717488,10.348600508905852,-38.894741106880986,-6.482456851148059,0.0,5.74673826043984,9.622489454969973,0.8473501695340088,MOD,HTB,
2025-11-14 15:15:00+05:30,KPITTECH,11,7.0,11,-62.23896486774332,0.9065983058403924,9.706443914081145,-14.762568686951157,-77.09341425408095,1.355123458579203,0.1562644518110591,0.0,-0.6798458016647281,MOD,HTB,
2025-11-17 15:15:00+05:30,KPITTECH,11,6.0,8,-12.283000327546675,0.8919914448669202,8.258525852585258,-35.335689045936014,-47.66209220149522,0.0,2.213875151866681,4.969844583888917,0.12726349599034206,MOD,HTB,
2025-11-18 15:15:00+05:30,KPITTECH,11,5.0,7,-25.771476230191144,0.8751330258957077,7.0085227272727275,-26.7603278140161,-52.600769359424355,0.0,1.690723251275402,3.56586042141383,-0.0906619191712618,MOD,HTB,
2025-11-19 15:15:00+05:30,KPITTECH,11,4.0,6,-37.24240668708102,0.8196418882257189,4.544524669073406,-19.902147773446085,-57.21867484865962,0.0,1.170660197135335,2.373363308519058,-0.2759910327160705,MOD,HTB,
2025-11-20 15:15:00+05:30,KPITTECH,11,3.0,5,-63.370299341283555,0.7221776504297994,2.5994224422442245,5.833333333333712,-57.50000000000075,10.50957583043938,1.0181521889183727,0.0,-0.6981241109868772,MOD,HTB,
2025-11-21 15:15:00+05:30,KPITTECH,11,2.0,4,-40.02725259751359,0.5331027193235323,1.1417987240172875,-11.08363884389082,-51.15525620257481,0.0,1.474596650571313,2.0840613748038312,-0.32098415911318473,MOD,HTB,
2025-11-24 15:15:00+05:30,KPITTECH,11,1.0,1,51.66666666666705,0.20132616897221906,0.25207557973089034,-36.801605888257704,15.055202408832006,0.0,7.77758043461155,11.652062614751129,1.1604608586685141,MOD,HTB,
2025-11-25 15:15:00+05:30,KPITTECH,11,0.0,0,-18.726591760300014,0.09688909997625267,0.10728372337628188,-19.616204690831168,-38.37953091684435,,2.2552241913074353,4.298910295510526,0.023158158348806003,MOD,HTB,
2025-11-26 15:15:00+05:30,KPITTECH,12,23.0,34,-14.178482068390704,0.958726662064365,23.22871640669047,-37.67266638760988,-51.904562578485105,2.2133273073463697,3.202231001863011,4.403042630919003,0.6950793352080651,MOD,HTB,
2025-11-27 15:15:00+05:30,KPITTECH,12,22.0,33,-9.8280098280102,0.9616057595214788,25.04557317807669,-16.406890894175554,-26.25102543068126,4.436785485626901,4.681300020436992,4.969477865034546,0.7941966781284503,MOD,HTB,
2025-11-28 15:15:00+05:30,KPITTECH,12,21.0,32,2.455192732631,0.9617404351087772,25.137254901960784,-3.274662300451011,-0.8186655751118219,5.876544974972544,6.200199882635034,6.5700912056776195,1.0740463893995982,MOD,HTB,
2025-12-01 15:15:00+05:30,KPITTECH,12,20.0,29,-17.41195092995683,0.9570723154274411,22.29499039972072,-44.51864218141274,-62.00810875268268,0.6592270553479675,2.2915654244645154,3.982201592477994,0.6214108173401734,MOD,HTB,
2025-12-02 15:15:00+05:30,KPITTECH,12,19.0,28,-15.007898894155538,0.9598126179270858,23.883432271991364,-86.04206500955986,-101.17909496494617,0.0,0.0,4.295079775464291,0.6761826298848562,MOD,HTB,
2025-12-03 15:15:00+05:30,KPITTECH,12,18.0,27,-10.363186165543379,0.9576157322584585,22.59365994236311,-46.014463959309886,-56.42533577048507,0.043794005195098296,2.515934451046284,4.8997841666885495,0.7820036899563174,MOD,HTB,
2025-12-04 15:15:00+05:30,KPITTECH,12,17.0,26,-14.919513152729415,0.9581591786208403,22.900104420466413,-47.337278106508876,-62.32741617357073,0.0,2.0502029226313194,4.306584273193744,0.6781963330780156,MOD,HTB,
2025-12-05 15:15:00+05:30,KPITTECH,12,16.0,25,-26.0108772759514,0.9572689542292628,22.40218878248974,-51.49738551735066,-77.64221201077447,0.0,0.9235930495777798,2.863698482025439,0.42550042318293263,MOD,HTB,
2025-12-08 15:15:00+05:30,KPITTECH,12,15.0,22,-46.56862745098076,0.954280316959039,20.872417599747674,-34.431874077718035,-81.16084604033524,0.5472512653674565,0.3491717892866106,0.19353791522318461,-0.04286932179716145,MOD,HTB,
2025-12-09 15:15:00+05:30,KPITTECH,12,14.0,21,-7.40923684860347,0.9500575104214745,19.0230306586475,-76.3168809622567,-83.78266279551977,0.0,0.03504561466236081,5.2845106864619416,0.849303879737775,MOD,HTB,
2025-12-10 15:15:00+05:30,KPITTECH,12,13.0,20,-16.77670291881237,0.9489430518655423,18.585972850678733,-0.751252086810669,-17.529215358930795,6.112901643863958,4.918216164311747,4.064869393203106,0.6358837507324784,MOD,HTB,
2025-12-11 15:15:00+05:30,KPITTECH,12,12.0,19,-60.777957860615885,0.9481130028496623,18.272651240591024,-31.70473945207781,-92.67539224453371,0.16898744438530455,0.0,0.0,-0.3666022402165377,MOD,HTB,
2025-12-12 15:15:00+05:30,KPITTECH,12,11.0,18,-8.836760925450967,0.9473287968727379,17.98570643210555,-76.08871620527653,-84.99271491015055,0.0,0.0,5.098573762671403,0.8167804235164742,MOD,HTB,
2025-12-15 15:15:00+05:30,KPITTECH,12,10.0,15,-12.468107242236258,0.9426337642860119,16.431856693294602,-26.40947098269581,-38.910505836574366,0.0,2.953540675267331,4.625705546649771,0.7340470147608296,MOD,HTB,
2025-12-16 15:15:00+05:30,KPITTECH,12,9.0,14,-34.18219107844813,0.9271395898598912,12.724874703244527,-29.999142881631954,-64.28387760349705,0.0,0.6813046735711814,1.80170553313673,0.23933237807863667,MOD,HTB,
2025-12-17 15:15:00+05:30,KPITTECH,12,8.0,13,-11.073253833049016,0.9212844072850509,11.703963287442637,-64.29489927132447,-75.43934847835365,0.0,0.0,4.807320878464866,0.7658261311516488,MOD,HTB,
2025-12-18 15:15:00+05:30,KPITTECH,12,7.0,12,3.4308259713533826,0.9160767924774716,10.915655150949268,-50.86206896551803,-47.41379310344828,0.0,1.9337158824461667,6.697309407690686,1.0962743612021526,MOD,HTB,
2025-12-19 15:15:00+05:30,KPITTECH,12,6.0,11,-5.711954304365936,0.9098837968403186,10.096783541002608,-22.08047105004944,-27.805037618581053,0.0,3.6513447721885757,5.50561853016635,0.8879732762250082,MOD,HTB,
2025-12-22 15:15:00+05:30,KPITTECH,12,5.0,8,-23.714641957803273,0.8875385896996129,7.8919389978213506,-10.523739598629168,-34.26333822809631,1.451068500733109,2.782016055795579,3.1622867858132606,0.4778158342186049,MOD,HTB,
2025-12-23 15:15:00+05:30,KPITTECH,12,4.0,7,-17.831090938564156,0.843785974592146,5.401473858631666,-26.00357549163047,-43.88103364212653,0.0,1.6838461297004386,3.927659809408071,0.6118614990893456,MOD,HTB,
2025-12-24 15:15:00+05:30,KPITTECH,12,3.0,6,-23.01222678099217,0.6672657268166697,2.0054012483680004,-17.967019443759348,-41.02059233735335,0.0,1.8553262200787513,3.2536381931384835,0.49381904538870536,MOD,HTB,
2025-12-26 15:15:00+05:30,KPITTECH,12,2.0,4,-19.790550012367966,0.4748284847563893,0.9041398304630651,-28.11543868353668,-47.96163069544327,0.0,0.7924537030695865,3.6727099038776383,0.5672189025560355,MOD,HTB,
2025-12-29 15:15:00+05:30,KPITTECH,12,1.0,1,-40.25157232704364,0.200323711504823,0.2505060039754214,-21.008403361344538,-61.34453781512567,0.0,0.0,1.0134519446068821,0.10105292028832986,MOD,HTB,
2025-12-30 15:15:00+05:30,KPITTECH,12,0.0,0,-74.81296758104581,0.15755594155512415,0.18702243784111583,35.13281919451507,-39.417309340187735,,1.1217725947743513,0.0,-0.6863635889820048,MOD,HTB,
2025-12-31 15:15:00+05:30,KPITTECH,13,17.0,27,-65.65484311050517,0.9669886294167991,29.29259259259259,2.5573267411129024,-63.080726280795254,6.5957569016294695,2.0768819907800737,0.0,-0.2317893475154695,EXT,HTB,KPITTECH
2026-01-01 15:15:00+05:30,KPITTECH,13,16.0,26,-34.27592116538132,0.9605341600095386,24.338368580060422,4.282655246252676,-29.97858672376874,6.851347687004555,4.226700870457925,1.7895288265218543,0.04333898556957525,EXT,HTB,KPITTECH
2026-01-02 15:15:00+05:30,KPITTECH,13,15.0,25,-25.698132602364225,0.9550403933965578,21.2421875,5.136986301369084,-20.547945205480232,7.000192702983246,4.83635753589448,2.9043618509937064,0.11854847406080073,EXT,HTB,KPITTECH
2026-01-05 15:15:00+05:30,KPITTECH,13,14.0,22,23.562265468191338,0.9483926459520482,18.377083333333335,35.65217391304269,59.1304347826083,12.175589057209002,10.579334161395781,9.325133886113871,0.5504604190268952,EXT,HTB,KPITTECH
2026-01-06 15:15:00+05:30,KPITTECH,13,13.0,21,28.89161267728904,0.9453340695748206,17.292929292929294,-28.975327069979404,0.0,1.2210943956340203,6.25,10.021679203274363,0.5971877864181238,EXT,HTB,KPITTECH
2026-01-07 15:15:00+05:30,KPITTECH,13,12.0,20,22.24969097651459,0.9488709488709489,18.558352402745996,-45.52980132450331,-23.178807947019493,0.0,4.489484357764153,9.153637596317049,0.5389518518244745,EXT,HTB,KPITTECH
2026-01-08 15:15:00+05:30,KPITTECH,13,11.0,19,-6.7998300042495075,0.9508450368959771,19.343825665859566,-12.76595744680851,-19.574468085105995,3.7991564208285533,4.7313410007436305,5.363894822829041,0.28424755387778744,EXT,HTB,KPITTECH
2026-01-09 15:15:00+05:30,KPITTECH,13,10.0,18,2.5438819638764905,0.9515284374619413,19.63065326633166,16.930500296283757,19.470075340725934,9.68603874094846,7.796414080962408,6.581655370971388,0.3661726086362977,EXT,HTB,KPITTECH
2026-01-12 15:15:00+05:30,KPITTECH,13,9.0,15,30.61224489795841,0.9496832358674464,18.87409200968523,-53.000512908189826,-22.226021542145123,0.0,4.365466099647955,10.24664522132035,0.6122741770708385,EXT,HTB,KPITTECH
2026-01-13 15:15:00+05:30,KPITTECH,13,8.0,14,45.92227230206727,0.9409282700421941,15.928571428571429,-18.744142455483047,27.264207207975165,1.36770857856058,8.622625295038533,12.250083653277516,0.7465114949285155,EXT,HTB,KPITTECH
2026-01-14 15:15:00+05:30,KPITTECH,13,7.0,13,38.95004233700177,0.9231983760009023,12.020558002936857,-2.540865588209998,36.419073431015114,5.536693740239701,9.498104049089738,11.337330263912918,0.6853794391004421,EXT,HTB,KPITTECH
2026-01-16 15:15:00+05:30,KPITTECH,13,6.0,11,36.95926081478447,0.9133440884996543,10.539893617021276,-29.486099410278012,7.5821398483579685,0.0,6.959879678640696,11.076828948092514,0.6679243970597366,EXT,HTB,KPITTECH
2026-01-19 15:15:00+05:30,KPITTECH,13,5.0,8,50.05609735047859,0.8260619977037887,4.749174917491749,18.950814023602767,68.91205099491773,14.904511993191594,13.261101592652782,12.791555763927304,0.7827566022914646,EXT,HTB,KPITTECH
2026-01-20 15:15:00+05:30,KPITTECH,13,4.0,7,73.43183225692255,0.7981892523364486,3.955137481910275,-2.6548672566367655,70.79646017699115,4.865860086297078,13.659318150476599,15.857682666521358,0.9877135154287313,EXT,HTB,KPITTECH
2026-01-21 15:15:00+05:30,KPITTECH,13,3.0,6,27.668689753660622,0.6384980900027951,1.7662371134020618,-44.826967903890974,-17.03424780347735,0.0,4.422879137614186,9.861810353290657,0.586465278294429,EXT,HTB,KPITTECH
2026-01-22 15:15:00+05:30,KPITTECH,13,2.0,5,7.169743681662974,0.5055347550056976,1.02238683127572,-52.25225225225184,-45.04504504504504,0.0,1.2789327286020225,7.184962513504342,0.4067318613003073,EXT,HTB,KPITTECH
2026-01-23 15:15:00+05:30,KPITTECH,13,1.0,4,31.28631447215518,0.260562015503876,0.3523784562966846,-61.15657882903097,-29.678927961147174,0.0,2.8697608955456033,10.334787800065243,0.6181843749628003,EXT,HTB,KPITTECH
2026-01-27 15:15:00+05:30,KPITTECH,13,0.0,0,-58.84483070794858,0.16649164677804296,0.19974802428129654,57.60576057605843,-0.9000900090000815,,6.132672118316062,0.0,-0.17207960465430572,EXT,HTB,KPITTECH
2026-01-28 15:15:00+05:30,KPITTECH,14,20.0,27,17.158854872210455,0.9668968541050094,29.20860927152318,-16.282225237448706,0.9045680687463504,4.050674376314833,6.304128242448312,8.093635724377776,0.3447861565519413,EXT,HTB,KPITTECH
2026-01-29 15:15:00+05:30,KPITTECH,14,19.0,26,31.81949667341582,0.95100243582537,19.409177820267686,119.09298780487805,150.53353658536543,23.069175564844915,15.477081635297086,9.671362747995797,0.4942531188285403,EXT,HTB,KPITTECH
2026-01-30 15:15:00+05:30,KPITTECH,14,18.0,25,27.071449289374016,0.9438675273645805,16.815,121.29894937917904,148.04202483285576,24.067931230697322,15.477001018845915,9.160140568955189,0.44584621899010807,EXT,HTB,KPITTECH
2026-02-01 15:15:00+05:30,KPITTECH,14,17.0,23,60.790273556231,0.9363879413662763,14.720289855072464,22.240194096239843,82.89526890416545,9.783352687085081,11.580329420864551,12.795931329009507,0.7896135862748895,EXT,HTB,KPITTECH
2026-02-02 15:15:00+05:30,KPITTECH,14,16.0,22,13.959517399541104,0.9333777481678881,14.01,10.956175298805007,24.900398406374503,8.068725579508431,7.87499638967423,7.749642208016824,0.31216853586235704,EXT,HTB,KPITTECH
2026-02-03 15:15:00+05:30,KPITTECH,14,15.0,21,-7.077856420627356,0.9271682727946627,12.73027989821883,14.135702746364876,7.067851373181863,8.708657915624443,6.719214154737149,5.490440067130343,0.09769004291402604,EXT,HTB,KPITTECH
2026-02-04 15:15:00+05:30,KPITTECH,14,14.0,20,19.369966357426623,0.9204740794354473,11.574516496018202,-9.183673469387523,10.204081632653063,4.574748722184332,6.940072470276186,8.33143938091833,0.36732869741962604,EXT,HTB,KPITTECH
2026-02-05 15:15:00+05:30,KPITTECH,14,13.0,19,24.885939444213783,0.8972196478220574,8.729486023444545,-35.379812695109024,-10.405827263267431,0.0,5.533744870139461,8.924908556111616,0.42356468984485307,EXT,HTB,KPITTECH
2026-02-06 15:15:00+05:30,KPITTECH,14,12.0,18,26.288117770767613,0.8919854280510018,8.258010118043845,41.88481675392671,68.06282722513089,14.76114692443929,11.043819526089187,9.075822668139143,0.4378600623041171,EXT,HTB,KPITTECH
2026-02-09 15:15:00+05:30,KPITTECH,14,11.0,15,10.34126163391934,0.8840193934784676,7.622131147540983,-25.92016588906169,-15.552099533437014,0.0,5.092427180901986,7.360739273186355,0.2752799940535795,EXT,HTB,KPITTECH
2026-02-10 15:15:00+05:30,KPITTECH,14,10.0,14,7.176542956734998,0.8841687907108468,7.6332518337408315,-24.66598150051364,-17.471736896197797,0.0,4.922579286743482,7.0206995749045955,0.24301531604338017,EXT,HTB,KPITTECH
2026-02-11 15:15:00+05:30,KPITTECH,14,9.0,13,19.79166666666643,0.8792598021253206,7.282245827010622,-26.109660574412533,-6.266318537859245,0.0,5.763512777149497,8.376798967190584,0.3716279815210897,EXT,HTB,KPITTECH
2026-02-12 15:15:00+05:30,KPITTECH,14,8.0,12,8.987754184923809,0.8601855586930214,6.152336987882285,-15.753347586361846,-6.751434679868448,1.462127037778658,5.71446909494539,7.215295703357054,0.26148082689819085,EXT,HTB,KPITTECH
2026-02-13 15:15:00+05:30,KPITTECH,14,7.0,11,-16.26016260162575,0.8420496995289914,5.331105398457583,-8.136696501221033,-24.41008950366178,3.5511939803963317,4.272483105528792,4.50584135189493,0.004075354677483116,EXT,HTB,KPITTECH
2026-02-16 15:15:00+05:30,KPITTECH,14,6.0,8,-12.492901760363688,0.8093122989738092,4.244176706827309,-7.956353716754324,-20.459195271653424,2.6213569637609275,4.473814853163738,4.909687297729206,0.04248302070481422,EXT,HTB,KPITTECH
2026-02-17 15:15:00+05:30,KPITTECH,14,5.0,7,28.37362387924186,0.7775897869722371,3.4961964038727524,-21.61055505004524,6.8243858052777835,0.0,6.857744182737389,9.300321458284682,0.4591220416273763,EXT,HTB,KPITTECH
2026-02-18 15:15:00+05:30,KPITTECH,14,4.0,6,-17.421602787456447,0.7561499414291293,3.100880704563651,-15.121554030475219,-32.56950098871646,0.0,3.282862325831236,4.381366957672932,-0.007765664208048212,EXT,HTB,KPITTECH
2026-02-19 15:15:00+05:30,KPITTECH,14,3.0,5,-60.57726570851673,0.6687314492192541,2.0186988702765873,74.27493515680344,14.147606696534373,60.673067287166816,7.57500838917725,0.0,-0.44774270814028644,EXT,HTB,KPITTECH
2026-02-20 15:15:00+05:30,KPITTECH,14,2.0,4,-4.800192007681399,0.4742416600619641,0.902014526517747,-18.033181053137774,-22.842029333975606,0.0,4.058464975444346,5.734808910681015,0.12091109868394162,EXT,HTB,KPITTECH
2026-02-23 15:15:00+05:30,KPITTECH,14,1.0,1,-56.57360718238867,0.2984271523178808,0.4253687315634218,-1.2300123001232808,-57.810578105781616,1.760731191680083,0.23854216758808153,0.19377190217350904,-0.40692493999564994,EXT,HTB,KPITTECH
2026-02-24 15:15:00+05:30,KPITTECH,14,0.0,0,-81.68642951251707,0.22111956263370572,0.2838941023880369,13.157894736842104,-68.42105263157954,,0.0,0.0,-0.6629531083919085,EXT,HTB,KPITTECH
2026-02-25 15:15:00+05:30,KPITTECH,15,21.0,33,-18.830027617373837,0.9314445096887844,13.586723768736617,-59.35092814749395,-78.2927137264812,0.0,1.6587817613826745,3.8822423135756763,0.7450320682350617,MOD,HTB,
2026-02-26 15:15:00+05:30,KPITTECH,15,20.0,32,-26.41509433962293,0.9314052651093808,13.578378378378378,-22.692889561270224,-49.16792738275311,3.6645247713368163,3.3151936922846295,2.929724915399517,0.5857629297266933,MOD,HTB,
2026-02-27 15:15:00+05:30,KPITTECH,15,19.0,31,-31.015766347894687,0.9304880625396155,13.386018237082068,-36.31647211413689,-67.44487678339878,1.9817739463699149,2.1608773990185126,2.3523328139185464,0.48915928810444304,MOD,HTB,
2026-03-02 15:15:00+05:30,KPITTECH,15,18.0,28,-50.13854070457935,0.9308838821490468,13.468405215646941,-38.41059602648977,-88.74172185430523,1.2524961690359264,0.5924819871104652,0.0,0.08762454764589156,MOD,HTB,
2026-03-04 15:15:00+05:30,KPITTECH,15,17.0,26,-24.255491173695653,0.9293183052688756,13.147934678194044,-35.15889114266427,-59.49966193373871,1.3228891107301057,2.313086741907169,3.2008501353765566,0.6311096812256958,MOD,HTB,
2026-03-05 15:15:00+05:30,KPITTECH,15,16.0,25,-56.063122923588985,0.9275783619817998,12.808027923211169,-50.08347245409047,-106.42737896494285,0.0,0.0,0.0,-0.036778195348552284,MOD,HTB,
2026-03-06 15:15:00+05:30,KPITTECH,15,15.0,24,-54.13876620601323,0.9220918496088821,11.835627530364372,-51.553773449807004,-105.97164542460392,0.0,0.0,0.0,0.00362891612642796,MOD,HTB,
2026-03-09 15:15:00+05:30,KPITTECH,15,14.0,21,-24.508037194551225,0.9349137034726555,14.364217252396166,-23.843930635837822,-48.41040462427779,2.1106307532917636,2.7245669759263036,3.169141481971949,0.625806789550742,MOD,HTB,
2026-03-10 15:15:00+05:30,KPITTECH,15,13.0,20,-42.32728316234926,0.9307800043094161,13.446692607003891,-30.222350147514177,-72.67755630711598,0.7427390309691855,0.8558417174293718,0.9338435701605696,0.2516431785919735,MOD,HTB,
2026-03-11 15:15:00+05:30,KPITTECH,15,12.0,19,-37.2807017543853,0.9285024672816992,12.98649662415604,-18.30831197363603,-55.65726839985287,2.73609261532281,2.0294628623115964,1.5664985413733055,0.357609902773991,MOD,HTB,
2026-03-12 15:15:00+05:30,KPITTECH,15,11.0,18,-49.82523983044579,0.9256796297281481,12.455261274158913,-5.952823870823384,-55.80772378897239,5.043258744255108,1.9280446569248295,0.0,0.09420315296927032,MOD,HTB,
2026-03-13 15:15:00+05:30,KPITTECH,15,10.0,17,46.04816184796661,0.9198723064644853,11.4800796812749,-123.80588460068816,-77.18761941153923,0.0,0.14884669829460725,12.059102134555527,2.1073263923993655,MOD,HTB,
2026-03-16 15:15:00+05:30,KPITTECH,15,9.0,14,-28.413575374900624,0.908750828676958,9.959003632589518,-39.61965134706815,-68.1458003169565,0.0,0.48515118159270576,2.6788796323370647,0.5437993762776063,MOD,HTB,
2026-03-17 15:15:00+05:30,KPITTECH,15,8.0,13,-14.547125028712129,0.9002129450799782,9.021339950372209,22.916507524253305,8.402719425558852,12.691633999545394,6.980543301552087,4.420399195555097,0.8349632752487751,MOD,HTB,
2026-03-18 15:15:00+05:30,KPITTECH,15,7.0,12,-18.181818181818183,0.8931176809368401,8.356084418500224,5.814798662595978,-12.356447158017485,8.01918234836114,5.150653886995436,3.9636765926372703,0.758642991138497,MOD,HTB,
2026-03-19 15:15:00+05:30,KPITTECH,15,6.0,11,-24.30133657351189,0.8826533002295405,7.521756487025948,24.242424242424583,0.0,14.303843318437126,6.25,3.195093913696327,0.6301470321679247,MOD,HTB,
2026-03-20 15:15:00+05:30,KPITTECH,15,5.0,10,-19.52538299789829,0.8634596941093332,6.323844731977819,-31.640801566971657,-51.227964441765515,0.0,1.4678265622808508,3.794890966520639,0.730431187785529,MOD,HTB,
2026-03-23 15:15:00+05:30,KPITTECH,15,4.0,7,-29.967586080362615,0.8552526462951867,5.908589168678855,42.02192448233847,12.180267965894558,28.207599460270792,7.485696544047807,2.4838579090975457,0.5111686881960223,MOD,HTB,
2026-03-24 15:15:00+05:30,KPITTECH,15,3.0,6,-58.143925092502045,0.7222988301232152,2.60099311228576,12.820512820513164,-45.248868778280546,14.054149028409013,1.5418333445651036,0.0,-0.08047030525142469,MOD,HTB,
2026-03-25 15:15:00+05:30,KPITTECH,15,2.0,5,-42.309976247031216,0.5738368807685064,1.3465193370165747,0.0,-42.309976247031216,6.25,1.7174813992439288,0.9360126749756413,0.25200658442528767,MOD,HTB,
2026-03-27 15:15:00+05:30,KPITTECH,15,1.0,3,-54.79869092015996,0.4561213434452871,0.8386454183266933,46.96613892886765,-7.575183698204682,63.52674460707086,5.386282708993705,0.0,-0.010228000964917806,MOD,HTB,
2026-03-30 15:15:00+05:30,KPITTECH,15,0.0,0,-64.08227848101194,0.3388776262440103,0.5125792738169908,31.545741324921135,-32.33438485804344,,2.186892792335171,0.0,-0.20516221146392244,MOD,HTB,
2026-04-01 15:15:00+05:30,KPITTECH,16,17.0,27,-58.6488492947297,0.9601210490921318,24.075885328836424,8.900756564308303,-49.69589081738648,7.453786234354484,2.9601677762505894,0.0,0.16888048173968825,NON,non-HTB,
2026-04-02 15:15:00+05:30,KPITTECH,16,16.0,26,-63.97814679031048,0.9625504663789503,25.702602230483272,-7.9136690647475465,-71.94244604316548,5.139481967740878,1.40463211167859,0.0,0.0435616975987873,NON,non-HTB,
2026-04-06 15:15:00+05:30,KPITTECH,16,15.0,22,-42.918454935622314,0.9620654044750431,25.361161524500908,-57.55395683453238,-100.71942446043164,0.0,0.0,0.6672444497130482,0.5387817486092707,NON,non-HTB,
2026-04-07 15:15:00+05:30,KPITTECH,16,14.0,21,-49.793113121536635,0.962648102282616,25.772401433691755,-55.71227080394986,-105.78279266572636,0.0,0.0,0.0,0.37712370531979844,NON,non-HTB,
2026-04-08 15:15:00+05:30,KPITTECH,16,13.0,20,-53.16578057032414,0.9599559385731873,23.972491909385113,-52.054414214325384,-105.49694614103308,0.0,0.0,0.0,0.29781520652720417,NON,non-HTB,
2026-04-09 15:15:00+05:30,KPITTECH,16,12.0,19,-52.054414214325384,0.9570110001264382,22.261764705882353,-51.625505790427404,-103.94865355099667,0.0,0.0,0.0,0.32394906011379015,NON,non-HTB,
2026-04-10 15:15:00+05:30,KPITTECH,16,11.0,18,-52.792442345096816,0.9538147486603725,20.65193370165746,-32.055749128919224,-85.01742160278778,0.0,0.0,0.0,0.3065942796597524,NON,non-HTB,
2026-04-13 15:15:00+05:30,KPITTECH,16,10.0,15,-44.18881952724945,0.9529544599171998,20.256,-46.50835036290703,-90.90268480022614,0.0,0.0,0.5023614762621962,0.5089090409643365,NON,non-HTB,
2026-04-15 15:15:00+05:30,KPITTECH,16,9.0,13,-57.66458433445365,0.953317710902812,20.42140026420079,-12.371984328819536,-70.10791119664457,2.778474517314797,0.03046250765287098,0.0,0.19202553757426494,NON,non-HTB,
2026-04-16 15:15:00+05:30,KPITTECH,16,8.0,12,-44.642857142857444,0.9477571281554573,18.141367323290847,-37.45318352059864,-82.26324237560162,0.0,0.0,0.44343615170058315,0.49823231631359033,NON,non-HTB,
2026-04-17 15:15:00+05:30,KPITTECH,16,7.0,11,-68.20917480272715,0.9429546562652364,16.52991452991453,13.356484573260317,-54.761586750366085,10.684886811190273,1.1388591087088014,0.0,-0.05593120678904809,NON,non-HTB,
2026-04-20 15:15:00+05:30,KPITTECH,16,6.0,8,-46.40054588877485,0.9318610452028959,13.675892857142857,-12.98168898606239,-59.4424706203884,0.3309455356020827,0.241035694156818,0.21534716802964135,0.45690014885265007,NON,non-HTB,
2026-04-21 15:15:00+05:30,KPITTECH,16,5.0,7,-46.85408299866131,0.9287394749876177,13.03301476976542,-25.49993289491313,-72.4734934908063,0.0,0.0,0.1564997558740011,0.446235193627148,NON,non-HTB,
2026-04-22 15:15:00+05:30,KPITTECH,16,4.0,6,-65.32834297379999,0.8870823655529748,7.856012658227848,14.270182114704467,-50.96493612394673,14.937227344186782,0.7926590792724897,0.0,0.011811744775380464,NON,non-HTB,
2026-04-23 15:15:00+05:30,KPITTECH,16,3.0,5,-78.18393800150943,0.7000684384624158,2.3340939342080245,13.013698630137608,-65.06849315068493,15.756186875040818,0.0,0.0,-0.2904884251093538,NON,non-HTB,
2026-04-24 15:15:00+05:30,KPITTECH,16,2.0,4,-128.9682539682543,0.49572036004196807,0.9830267192290846,61.271920557786075,-66.90612014930628,62.332617991039655,0.0,0.0,-1.4846849839723604,NON,non-HTB,
2026-04-27 15:15:00+05:30,KPITTECH,16,1.0,1,-48.859934853420505,0.36637813707877404,0.5782283701348914,-10.869565217390686,-59.78260869565187,0.0,0.0,0.0,0.3990674541992707,NON,non-HTB,
2026-04-28 15:15:00+05:30,KPITTECH,16,0.0,0,-74.22034590766779,0.2471529359480029,0.3282910271546635,33.25415676959682,-40.719375636240244,,0.9527163327930639,0.0,-0.19728429408784268,NON,non-HTB,
2026-04-29 15:15:00+05:30,KPITTECH,17,18.0,27,-82.71687962340252,0.9654255319148937,27.923076923076923,-73.16081831730087,-156.48286140089357,0.0,0.0,0.0,-0.030251808747417328,EXT,HTB,KPITTECH
2026-04-30 15:15:00+05:30,KPITTECH,17,17.0,26,-76.11548556430387,0.968498119290704,30.744136460554373,-52.770448548812666,-129.28759894459043,0.0,0.0,0.0,-0.008683639178198593,EXT,HTB,KPITTECH
2026-05-04 15:15:00+05:30,KPITTECH,17,16.0,22,-80.62418725617745,0.9697959183673469,32.108108108108105,0.0,-80.62418725617745,6.25,1.107924138801604,0.0,-0.023414534161406198,EXT,HTB,KPITTECH
2026-05-05 15:15:00+05:30,KPITTECH,17,15.0,21,-55.31969638492304,0.9675672015708578,29.832985386221296,-54.97703900135826,-110.60086669685103,0.0,0.0,0.49684445792662346,0.059260662181664654,EXT,HTB,KPITTECH
2026-05-06 15:15:00+05:30,KPITTECH,17,14.0,20,-86.89839572192514,0.9679733279450394,30.22397476340694,19.347521515778844,-67.38274734805462,9.784342818882875,1.7932345065017188,0.0,-0.043913718256523036,EXT,HTB,KPITTECH
2026-05-07 15:15:00+05:30,KPITTECH,17,13.0,19,7.686932215233466,0.9109209864116758,10.225988700564972,121.49661742371883,129.09015601270067,29.733086077593484,15.03234680219403,7.051945481262882,0.26511682490534705,EXT,HTB,KPITTECH
2026-05-08 15:15:00+05:30,KPITTECH,17,12.0,18,48.050139275766654,0.9006971119647176,9.070200573065902,96.55172413793105,144.1379310344834,25.923673996413697,16.24871422322255,11.273020625581397,0.39699207526086544,EXT,HTB,KPITTECH
2026-05-11 15:15:00+05:30,KPITTECH,17,11.0,15,53.848809112875074,0.8917783651123278,8.240296554731792,119.3724420190996,172.57844474761225,35.47205874383327,18.9582027217937,11.880835855205408,0.4159375727123151,EXT,HTB,KPITTECH
2026-05-12 15:15:00+05:30,KPITTECH,17,10.0,14,84.89208633093493,0.8662556955239882,6.4769539078156315,205.74971815107136,288.8951521984216,60.45141915829172,28.08670798113415,15.14082351027118,0.5173626143064536,EXT,HTB,KPITTECH
2026-05-13 15:15:00+05:30,KPITTECH,17,9.0,13,108.87355013164417,0.8565171223785506,5.969472710453284,113.26860841424043,220.90896299423164,38.2338221109607,23.23660897466866,17.66621552404592,0.5957151975852649,EXT,HTB,KPITTECH
2026-05-14 15:15:00+05:30,KPITTECH,17,8.0,12,132.66403728935103,0.8401949467744004,5.257624398073836,123.23818967349025,254.2672993838097,43.96784363330475,26.251670352339463,20.177553798865546,0.6734438192306454,EXT,HTB,KPITTECH
2026-05-15 15:15:00+05:30,KPITTECH,17,7.0,11,270.4249534983542,0.8312525837122778,4.926016658500735,46.99515807462359,316.14924522928004,21.880604879142997,31.74085854549031,34.83979541205649,1.123538265071439,EXT,HTB,KPITTECH
2026-05-18 15:15:00+05:30,KPITTECH,17,6.0,8,193.06651634723852,0.8146700486506715,4.395781916087054,-1.4094432699087065,191.68428470754083,5.606986821569667,22.67884077556265,26.58097882218971,0.8707916671334837,EXT,HTB,KPITTECH
2026-05-19 15:15:00+05:30,KPITTECH,17,5.0,7,203.20279908491483,0.7910059266378344,3.784824679057291,50.87695809345233,253.04592314901564,32.84641432647181,28.52391570407683,27.659415979597828,0.9039090758096744,EXT,HTB,KPITTECH
2026-05-20 15:15:00+05:30,KPITTECH,17,4.0,6,238.12709030100274,0.7568937946097741,3.1134285255896037,41.30029309885455,278.4439115374364,31.426370402814076,31.389950034661645,31.383706542978423,1.0180142221302697,EXT,HTB,KPITTECH
2026-05-21 15:15:00+05:30,KPITTECH,17,3.0,5,180.41582830315286,0.573461715513273,1.3444554366399857,60.0,239.33333333333394,50.181927976610055,28.354754862914287,25.236587275243537,0.8294591572939813,EXT,HTB,KPITTECH
2026-05-22 15:15:00+05:30,KPITTECH,17,2.0,4,239.02795299116926,0.40324118207816967,0.6757188498402555,-13.962765957446203,225.39893617021337,0.0,27.586402414232303,31.479949799934413,1.0209575336620687,EXT,HTB,KPITTECH
2026-05-25 15:15:00+05:30,KPITTECH,17,1.0,1,183.96846254927726,0.2303150402394144,0.29923287095418244,-26.350461133069828,158.10276679841897,0.0,22.407933822018368,25.613951560105797,0.8410663749743461,EXT,HTB,KPITTECH
2026-05-26 15:15:00+05:30,KPITTECH,17,0.0,0,339.6464646464643,0.12723880597014925,0.14578879863189398,-25.31645569620253,315.18987341772123,,39.64896127568648,42.28576961561767,1.3496997813987726,EXT,HTB,KPITTECH
2026-05-27 15:15:00+05:30,KPITTECH,18,22.0,34,92.11132311336272,0.9605291971944665,24.3351826900214,168.82276843466954,259.3790426908144,24.528348632080537,21.721422225688116,18.313011589354485,0.036685942678832476,EXT,HTB,KPITTECH
2026-05-29 15:15:00+05:30,KPITTECH,18,21.0,32,57.09466035165091,0.9626122126861991,25.7467018469657,-12.342471092632607,44.822658178511695,4.843054971416298,8.9828409513258,13.714024928365278,-0.0368729766300147,EXT,HTB,KPITTECH
2026-06-01 15:15:00+05:30,KPITTECH,18,20.0,29,101.64853065745838,0.9644502041805739,27.12955677943876,283.6340614118389,382.3994935106052,42.464820542407224,31.217464500720872,19.568417171831502,0.05672059546518972,EXT,HTB,KPITTECH
2026-06-02 15:15:00+05:30,KPITTECH,18,19.0,28,122.21601836342232,0.9673985484650048,29.673480870217553,25.371287128712307,147.27722772277198,9.56153116973801,15.9207091708847,22.279887172031465,0.09992637377833552,EXT,HTB,KPITTECH
2026-06-03 15:15:00+05:30,KPITTECH,18,18.0,27,148.87365328109667,0.9588933590719659,23.32696949747641,79.03089978622819,226.72799118999802,16.976248125786903,21.469689926808886,25.80265166350859,0.1559256227421181,EXT,HTB,KPITTECH
2026-06-04 15:15:00+05:30,KPITTECH,18,17.0,26,161.51090849886,0.9536664849548616,20.582649169306354,70.4862907397833,230.85876875323362,16.180229326284998,22.037283723557977,27.47597709245422,0.18247249396095946,EXT,HTB,KPITTECH
2026-06-05 15:15:00+05:30,KPITTECH,18,16.0,25,158.37841360881154,0.9534745928387747,20.493632426142607,107.03462505641973,263.7178412534663,21.961288656801035,24.655473992640683,27.060996613926257,0.1758921142023149,EXT,HTB,KPITTECH
2026-06-08 15:15:00+05:30,KPITTECH,18,15.0,22,154.54303224087425,0.9470872682623657,17.89904314444508,18.61702127659544,172.87234042553192,9.34161179934349,18.980034191195756,26.55308035622267,0.16783519254525625,EXT,HTB,KPITTECH
2026-06-09 15:15:00+05:30,KPITTECH,18,14.0,21,167.57933628026714,0.9443298468706773,16.96294681778553,-24.47089947089977,143.51851851851882,2.001920215149686,17.018122574340588,28.280274343733648,0.1952203389666859,EXT,HTB,KPITTECH
2026-06-10 15:15:00+05:30,KPITTECH,18,13.0,20,183.50501398458346,0.9408638272345531,15.910123757354432,8.860414394765229,192.20283533260664,7.867742426342401,21.007706321695636,30.393394818376645,0.22867514444493478,EXT,HTB,KPITTECH
2026-06-11 15:15:00+05:30,KPITTECH,18,12.0,19,116.40571817562906,0.938355590907188,15.22207130730051,63.582251082251695,179.2478354978355,18.503481686542067,20.2965810961465,21.51332712409239,0.08772077310237977,EXT,HTB,KPITTECH
2026-06-12 15:15:00+05:30,KPITTECH,18,11.0,18,121.6577540106955,0.9369221798771324,14.853433077619478,39.94673768308922,161.1185086551268,14.366532962361156,19.13851338886848,22.20621509162324,0.09875363716563523,EXT,HTB,KPITTECH
2026-06-15 15:15:00+05:30,KPITTECH,18,10.0,15,95.53930289253476,0.9293004432689247,13.144360251136609,-25.76298057867678,70.02246003435005,0.0,12.214674472491122,18.76410564772052,0.04388704261472338,EXT,HTB,KPITTECH
2026-06-16 15:15:00+05:30,KPITTECH,18,9.0,14,92.17803529101923,0.9184350832938564,11.260173128144421,-1.9756338491929832,90.22061244649355,5.734974905549938,14.126184219354126,18.321788876256182,0.03682608383753017,EXT,HTB,KPITTECH
2026-06-17 15:15:00+05:30,KPITTECH,18,8.0,13,179.3692071747689,0.9002429400292984,9.024353166519717,20.628160766568467,199.62736225712007,12.047734718811313,24.201486780598014,29.844300237856093,0.21998712407387935,EXT,HTB,KPITTECH
2026-06-18 15:15:00+05:30,KPITTECH,18,7.0,12,75.10729613733936,0.8786040106721749,7.237504431052818,4.692003485488608,79.76405925330177,7.677485974822526,13.557653712960743,16.077725600734215,0.0009658668747378643,EXT,HTB,KPITTECH
2026-06-19 15:15:00+05:30,KPITTECH,18,6.0,11,193.0190328872153,0.8483046718758832,5.592160828986124,316.50928036470145,503.41908173233446,112.97150445327549,54.59215593748641,31.65741187771211,0.24866108523900635,EXT,HTB,KPITTECH
2026-06-22 15:15:00+05:30,KPITTECH,18,5.0,8,202.3619957537155,0.8190032903532082,4.524962315345191,38.99279624611634,240.5657259929936,24.07523871163303,30.938861560821717,32.89989666059,0.2682876914715657,EXT,HTB,KPITTECH
2026-06-23 15:15:00+05:30,KPITTECH,18,4.0,7,274.85852869846525,0.7883883608977288,3.725637985898796,-22.957461174882454,252.53207292370084,0.0,32.92372184912962,42.5813914017869,0.42057994882754146,EXT,HTB,KPITTECH
2026-06-24 15:15:00+05:30,KPITTECH,18,3.0,6,273.8247791191754,0.5872174805131622,1.4225832073586309,-48.116020601790034,227.02629438872327,0.0,30.902853783502948,42.44283354079947,0.41840836833153594,EXT,HTB,KPITTECH
2026-06-25 15:15:00+05:30,KPITTECH,18,2.0,5,273.8521874366083,0.4117321995626734,0.6999060619272137,-19.647696476965386,254.74254742547362,0.0,34.7911655355079,42.44650700431845,0.4184659445267364,EXT,HTB,KPITTECH
2026-06-29 15:15:00+05:30,KPITTECH,18,1.0,1,637.2549019607843,0.2759912854030501,0.38119884448724123,-28.7941568930396,610.2956668305364,0.0,85.5069655345762,92.08570184328241,1.1818599645739256,EXT,HTB,KPITTECH
2026-06-30 15:15:00+05:30,KPITTECH,19,20.0,28,125.87623426547106,0.924380704041721,12.224137931034482,114.008941877794,238.45007451564828,21.19724875784268,21.98013212106589,22.76301548428914,-0.13502559567306407,EXT,HTB,KPITTECH
2026-07-01 15:15:00+05:30,KPITTECH,19,19.0,27,204.4525215810995,0.8701943167572085,6.7038229376257545,191.62210338680927,392.156862745098,32.40587987920638,32.79899478909124,33.178069880766024,0.6334684549713454,EXT,HTB,KPITTECH
2026-07-02 15:15:00+05:30,KPITTECH,19,18.0,26,172.61850397296638,0.8392938809110034,5.222538417757542,197.85138764547816,367.0546105640107,34.303738824172335,31.526965364494252,28.9485328662218,0.32212448625352275,EXT,HTB,KPITTECH
2026-07-03 15:15:00+05:30,KPITTECH,19,17.0,25,204.75319926873942,0.8154624153595612,4.41895030190432,189.22069769527317,390.09954264191555,34.14093916450883,33.653393075122246,33.21808406674144,0.636409151484336,EXT,HTB,KPITTECH
2026-07-06 15:15:00+05:30,KPITTECH,19,16.0,22,251.88916876574308,0.8066873433317755,4.1729670329670325,63.46652364351601,313.7570394207574,16.813229383435214,29.521279918619804,39.50617676769338,1.0974097073428584,EXT,HTB,KPITTECH
2024-08-01 15:15:00+05:30,ASTRAL,1,63.0,91,,,,-96.17591699949418,,2.4359743082503376,,,,NON,non-HTB,
2024-08-02 15:15:00+05:30,ASTRAL,1,62.0,90,,,,-95.75217085191312,,2.3988841746196794,,,,NON,non-HTB,
2024-08-05 15:15:00+05:30,ASTRAL,1,61.0,87,,,,-73.08623226235153,,3.222726307630609,,,,NON,non-HTB,
2024-08-06 15:15:00+05:30,ASTRAL,1,60.0,86,,,,-55.395683453238284,,3.905392210889462,,,,NON,non-HTB,
2024-08-07 15:15:00+05:30,ASTRAL,1,59.0,85,,,,-96.80451127819506,,2.1169817155841244,,,,NON,non-HTB,
2024-08-08 15:15:00+05:30,ASTRAL,1,58.0,84,,,,-22.516588018302027,,5.273165658959645,,,,NON,non-HTB,
2024-08-09 15:15:00+05:30,ASTRAL,1,57.0,83,,,,-86.80078508341538,,2.4493283456101738,,,,NON,non-HTB,
2024-08-12 15:15:00+05:30,ASTRAL,1,56.0,80,,,,-103.75901132852775,,1.5403863160717597,,,,NON,non-HTB,
2024-08-13 15:15:00+05:30,ASTRAL,1,55.0,79,,,,-77.25951339601393,,2.6941334936240455,,,,NON,non-HTB,
2024-08-14 15:15:00+05:30,ASTRAL,1,54.0,78,,,,-95.55674518201235,,1.7996636400804573,,,,NON,non-HTB,
2024-08-16 15:15:00+05:30,ASTRAL,1,53.0,76,,,,-138.02055738052323,,0.0,,,,NON,non-HTB,
2024-08-19 15:15:00+05:30,ASTRAL,1,52.0,73,,,,-98.52735846571325,,1.347742935038563,,,,NON,non-HTB,
2024-08-20 15:15:00+05:30,ASTRAL,1,51.0,72,,,,-122.634527962787,,0.0709221805252791,,,,NON,non-HTB,
2024-08-21 15:15:00+05:30,ASTRAL,1,50.0,71,,,,-126.05708245243082,,0.0,,,,NON,non-HTB,
2024-08-22 15:15:00+05:30,ASTRAL,1,49.0,70,,,,-94.46004595353587,,1.3477006091046406,,,,NON,non-HTB,
2024-08-23 15:15:00+05:30,ASTRAL,1,48.0,69,,,,-66.7693888032871,,2.729735360706404,,,,NON,non-HTB,
2024-08-26 15:15:00+05:30,ASTRAL,1,47.0,66,,,,-91.1854103343465,,1.2300232952157757,,,,NON,non-HTB,
2024-08-27 15:15:00+05:30,ASTRAL,1,46.0,65,,,,-105.84315735520292,,0.3377333691394431,,,,NON,non-HTB,
2024-08-28 15:15:00+05:30,ASTRAL,1,45.0,64,,,,-112.80214861235429,,0.0,,,,NON,non-HTB,
2024-08-29 15:15:00+05:30,ASTRAL,1,44.0,63,,,,-118.42446229593111,,0.0,,,,NON,non-HTB,
2024-08-30 15:15:00+05:30,ASTRAL,1,43.0,62,-30.317044345100925,,,-125.39021852237205,-156.08740894901143,0.0,0.0,2.3039353522849373,0.7742955206822933,NON,non-HTB,
2024-09-02 15:15:00+05:30,ASTRAL,1,42.0,59,-15.722054692131005,,,-101.80170797750445,-117.68381587169291,0.0,1.3415166171966086,4.202127287328116,0.9871552834559245,NON,non-HTB,
2024-09-03 15:15:00+05:30,ASTRAL,1,41.0,58,-35.952747817154595,,,-113.2349885726156,-149.59484728859314,0.0,0.0,1.5717073602041796,0.6921019369492781,NON,non-HTB,
2024-09-04 15:15:00+05:30,ASTRAL,1,40.0,57,-64.40025657472715,,,-56.50737950252888,-121.27154505108886,2.641730116324364,1.0737805334765067,0.0,0.2772109291707628,NON,non-HTB,
2024-09-05 15:15:00+05:30,ASTRAL,1,39.0,56,-25.641025641025642,,,-77.51937984496124,-103.35917312661499,1.2168806709334532,1.7818494776331184,2.911787091032563,0.8424926387166995,NON,non-HTB,
2024-09-06 15:15:00+05:30,ASTRAL,1,38.0,55,-57.216010032396525,,,-70.2465205609193,-127.86445315583128,1.6044829877611342,0.6626904054517386,0.0,0.38198914766005065,NON,non-HTB,
2024-09-09 15:15:00+05:30,ASTRAL,1,37.0,52,-54.277591108813645,0.8994594594594595,8.946236559139784,-98.92720106496851,-153.74174519067654,0.0,0.0,0.0,0.4248443445375712,NON,non-HTB,
2024-09-10 15:15:00+05:30,ASTRAL,1,36.0,51,-47.40061162079487,,,-82.21993833504625,-130.01027749229164,0.38969069908689824,0.281908181666779,0.08559002493714468,0.5251412448591779,NON,non-HTB,
2024-09-11 15:15:00+05:30,ASTRAL,1,35.0,50,9.759104216960763,,,-87.0421221698367,-77.19807263872386,0.0,2.6513985398713564,7.522790108200283,1.3587837374358676,NON,non-HTB,
2024-09-12 15:15:00+05:30,ASTRAL,1,34.0,49,-61.50691952844695,,,-68.63807606956678,-130.56716726015355,1.1546306029598212,0.10083430126963111,0.0,0.3194086320769816,NON,non-HTB,
2024-09-13 15:15:00+05:30,ASTRAL,1,33.0,48,-66.90340178065978,,,-62.6618332470218,-129.98446400828539,1.499956590853542,0.04754942712271448,0.0,0.24070395606617082,NON,non-HTB,
2024-09-16 15:15:00+05:30,ASTRAL,1,32.0,45,-46.85059864653826,,,-74.99868883411105,-122.20066082760766,0.18947130038321422,0.17699808573391,0.1569518479046829,0.5331628765291159,NON,non-HTB,
2024-09-17 15:15:00+05:30,ASTRAL,1,31.0,44,-52.868713701591744,,,-66.85543495359447,-120.0776047401819,0.7224944518301017,0.1989898051565027,0.0,0.4453920336972793,NON,non-HTB,
2024-09-18 15:15:00+05:30,ASTRAL,1,30.0,43,-67.14049673476858,,,-49.81549815498179,-117.29045861887191,2.031972612224105,0.2553665814891227,0.0,0.23724605874069007,NON,non-HTB,
2024-09-19 15:15:00+05:30,ASTRAL,1,29.0,42,-53.07248035797813,,,-82.62728536578967,-136.1382892217287,0.0,0.0,0.0,0.4424202109573601,NON,non-HTB,
2024-09-20 15:15:00+05:30,ASTRAL,1,28.0,41,-56.55526992287918,0.9159984726995036,10.904545454545454,-77.720207253886,-134.71502590673575,0.0,0.0,0.0,0.39162567268069476,NON,non-HTB,
2024-09-23 15:15:00+05:30,ASTRAL,1,27.0,38,-54.38203378735595,0.9622334364317109,25.478448275862068,-60.53698074974694,-115.2482269503546,0.45279330970503934,0.0,0.0,0.42332110647392285,NON,non-HTB,
2024-09-24 15:15:00+05:30,ASTRAL,1,26.0,37,-60.163406783857845,0.96554234409124,28.02112676056338,-54.76723923325865,-115.26014438635842,0.8620266499793028,0.0,0.0,0.3390030141831994,NON,non-HTB,
2024-09-25 15:15:00+05:30,ASTRAL,1,25.0,36,-71.81328545781037,0.9714952816421831,34.081911262798634,-54.40023738285404,-126.60418881827916,0.74936863043625,0.0,0.0,0.16909604817349688,NON,non-HTB,
2024-09-26 15:15:00+05:30,ASTRAL,1,24.0,35,-65.85788561525108,0.9644193127446716,27.105134474327627,-57.521352623322066,-123.75806170472327,0.26853131828552046,0.0,0.0,0.25595222470057893,NON,non-HTB,
2024-09-27 15:15:00+05:30,ASTRAL,1,23.0,34,-70.93425605536288,0.9649764767381077,27.55223880597015,-59.92192744722621,-131.28123523707632,0.0,0.0,0.0,0.18191620046719476,NON,non-HTB,
2024-09-30 15:15:00+05:30,ASTRAL,1,22.0,31,-65.05807866792938,,,-84.96732026143837,-150.5781799899449,0.0,0.0,0.0,0.2676169617863607,NON,non-HTB,
2024-10-01 15:15:00+05:30,ASTRAL,1,21.0,30,-58.36624820750162,,,-73.23872275722273,-132.03243791180918,0.0,0.0,0.0,0.3652135670733099,NON,non-HTB,
2024-10-03 15:15:00+05:30,ASTRAL,1,20.0,28,-56.61840744570861,0.9567932067932068,22.14450867052023,-62.95853062073942,-119.93339924033484,0.0,0.0,0.0,0.3907048472158508,NON,non-HTB,
2024-10-04 15:15:00+05:30,ASTRAL,1,19.0,27,-66.90981606360369,0.9531301482701812,20.33567662565905,-40.30770851994237,-107.48722271984752,0.8119473834098057,0.0,0.0,0.24061040733621158,NON,non-HTB,
2024-10-07 15:15:00+05:30,ASTRAL,1,18.0,24,-66.42066420664159,,,-21.130480718436345,-87.69149498151035,3.0397965213443743,0.12156309118547468,0.0,0.24774441364309824,NON,non-HTB,
2024-10-08 15:15:00+05:30,ASTRAL,1,17.0,23,-65.86857650687391,0.9470098410295231,17.87142857142857,-67.89473684210574,-134.21052631578948,0.0,0.0,0.0,0.2557963040244577,NON,non-HTB,
2024-10-09 15:15:00+05:30,ASTRAL,1,16.0,22,-55.3944239763797,0.9405763835756185,15.82832618025751,-39.61175236096514,-95.22560335781789,0.0,0.0,0.0,0.4085559616815046,NON,non-HTB,
2024-10-10 15:15:00+05:30,ASTRAL,1,15.0,21,-69.70284576280164,,,-57.98323757313795,-128.09024300247842,0.0,0.0,0.0,0.19987563099671585,NON,non-HTB,
2024-10-11 15:15:00+05:30,ASTRAL,1,14.0,20,-72.0933280901822,0.9368403556885232,14.832894736842105,-38.1578947368421,-110.52631578947367,0.0,0.0,0.0,0.16501178297629332,NON,non-HTB,
2024-10-14 15:15:00+05:30,ASTRAL,1,13.0,17,-42.797494780793556,,,-47.194546407970634,-90.19402202412189,0.0,0.0,0.6829451797471568,0.5922751299717723,NON,non-HTB,
2024-10-15 15:15:00+05:30,ASTRAL,1,12.0,16,-42.826552462527005,,,-63.8616593519229,-106.96170928490783,0.0,0.0,0.6791734509126395,0.5918513399323408,NON,non-HTB,
2024-10-16 15:15:00+05:30,ASTRAL,1,11.0,15,-55.071012621538536,,,-39.94708994708971,-95.23809523809524,0.0,0.0,0.0,0.4132727354447378,NON,non-HTB,
2024-10-17 15:15:00+05:30,ASTRAL,1,10.0,14,-55.230843476861786,0.9231685054369394,12.015495867768594,-5.096703237748038,-60.355696236487034,4.921555161578793,1.0205680621170305,0.0,0.41094169179503637,NON,non-HTB,
2024-10-18 15:15:00+05:30,ASTRAL,1,9.0,13,-50.435336589509454,0.9207055587021604,11.611224489795918,-24.481106971793025,-75.0399148483231,0.0,0.0,0.0,0.4808814781664105,NON,non-HTB,
2024-10-21 15:15:00+05:30,ASTRAL,1,8.0,10,-69.11260495126997,,,15.90296495956898,-53.099730458220535,12.05920261280706,1.163124817652901,0.0,0.20848396317846435,NON,non-HTB,
2024-10-22 15:15:00+05:30,ASTRAL,1,7.0,9,-56.70446964643121,0.9080767173530985,9.878636741479633,-32.34802007808118,-89.23591745677636,0.0,0.0,0.0,0.3894496781430957,NON,non-HTB,
2024-10-23 15:15:00+05:30,ASTRAL,1,6.0,8,-59.03812414714923,0.8918271089461068,8.24446032880629,-14.502049808964143,-73.62579133781435,0.0,0.0,0.0,0.355414632197217,NON,non-HTB,
2024-10-24 15:15:00+05:30,ASTRAL,1,5.0,7,-41.1614195127383,0.8610098503063678,6.194754464285714,-32.366071428571175,-73.66071428571453,0.0,0.0,0.8953277073401489,0.6161363728858555,NON,non-HTB,
2024-10-25 15:15:00+05:30,ASTRAL,1,4.0,6,-50.752974457110085,0.8007880220646179,4.019778481012659,-7.7715173887694,-58.563934608232,1.5241630302797369,0.0,0.0,0.4762489074861268,NON,non-HTB,
2024-10-28 15:15:00+05:30,ASTRAL,1,3.0,3,-26.360331862704292,0.6120547945205479,1.5776836158192091,-38.7186629526465,-65.18105849582197,0.0,0.0,2.8182635546374226,0.8320019596995372,NON,non-HTB,
2024-10-29 15:15:00+05:30,ASTRAL,1,2.0,2,-44.50996512913508,0.42311733800350265,0.7334547662416515,-26.43547470153548,-71.06310403638432,0.0,0.0,0.46068269601320444,0.5672997075307786,NON,non-HTB,
2024-10-30 15:15:00+05:30,ASTRAL,1,1.0,1,-40.178953067563064,0.26187486149072914,0.3547838270616493,-22.562403609984838,-62.83201005312161,0.0,0.0,1.0228804667398672,0.630465096607184,NON,non-HTB,
2024-10-31 15:15:00+05:30,ASTRAL,1,0.0,0,-56.497175141242934,0.19343575418994413,0.23982683982683983,-8.481764206955047,-65.0268589199887,,0.0,0.0,0.3924729525850666,NON,non-HTB,
2024-11-01 15:30:00+05:30,ASTRAL,2,17.0,27,,,,,,,,,,MOD,HTB,
2024-11-04 15:15:00+05:30,ASTRAL,2,16.0,24,-82.73894436519258,,,-32.63109686283516,-115.64002747881868,1.2954332769633308,1.4262729787057122,1.4761166746076082,0.4248208094133264,MOD,HTB,
2024-11-05 15:15:00+05:30,ASTRAL,2,15.0,23,-100.86252914898895,,,-54.51977401129995,-155.93220338983,0.0,0.0,0.43565073274064864,0.3418853447799059,MOD,HTB,
2024-11-06 15:15:00+05:30,ASTRAL,2,14.0,22,-95.82910019495343,,,-60.49723756906103,-156.9060773480668,0.0,0.0,0.7244300119738888,0.3649188546501759,MOD,HTB,
2024-11-07 15:15:00+05:30,ASTRAL,2,13.0,21,-111.42450222011252,,,-2.513966480447181,-113.96648044692789,5.813103598005313,1.325891247794833,0.0,0.2935526250365981,MOD,HTB,
2024-11-08 15:15:00+05:30,ASTRAL,2,12.0,20,-101.34852165173014,,,-18.461022069312495,-119.99664345053311,2.8839695353878487,1.0044490307407874,0.4077758546624267,0.3396613910475717,MOD,HTB,
2024-11-11 15:15:00+05:30,ASTRAL,2,11.0,17,-106.64957165335949,0.9933037515127068,148.33734939759037,-6.414742243994264,-113.13272684861262,4.87315866335301,1.1172987249726158,0.10381270985413832,0.31540321860680853,MOD,HTB,
2024-11-12 15:15:00+05:30,ASTRAL,2,10.0,16,-112.14418538120388,0.9940034979595236,165.76388888888889,-15.759312320916905,-128.0802292263605,2.6577367138626045,0.36994522180582645,0.0,0.2902592778281956,MOD,HTB,
2024-11-13 15:15:00+05:30,ASTRAL,2,9.0,15,-83.0162573503983,,,-35.87132608192442,-119.18537375607444,0.0,0.7057103837170162,1.4601821898252612,0.4235517954985141,MOD,HTB,
2024-11-14 15:15:00+05:30,ASTRAL,2,8.0,14,-82.0970761918479,,,-21.940587199399257,-104.21778919714747,0.5360415706276412,1.335371430082128,1.5130002877387785,0.42775806690541707,MOD,HTB,
2024-11-18 15:15:00+05:30,ASTRAL,2,7.0,10,-89.69132207338434,,,-22.47322184280366,-112.36610921402095,0.0,0.6630254121270385,1.0767632036609853,0.3930059845641368,MOD,HTB,
2024-11-19 15:15:00+05:30,ASTRAL,2,6.0,9,-95.91422776006928,,,-44.53240969816976,-140.87376662688854,0.0,0.0,0.7195448529542424,0.36452930179679627,MOD,HTB,
2024-11-21 15:15:00+05:30,ASTRAL,2,5.0,7,-102.23156910854071,,,25.638037524764542,-76.33142990327414,19.635571611594603,2.284974778596592,0.35713068604115783,0.33562047132900574,MOD,HTB,
2024-11-22 15:15:00+05:30,ASTRAL,2,4.0,6,-93.9764492753618,,,-9.066183136900138,-103.12783318223055,0.7372372001419338,0.8226249017037994,0.8307570637572814,0.3733967836389948,MOD,HTB,
2024-11-25 15:15:00+05:30,ASTRAL,2,3.0,3,-74.79348068765401,,,-11.455393814087088,-86.33455337934143,0.0,1.4959302003548287,1.932851589920232,0.4611801019973068,MOD,HTB,
2024-11-26 15:15:00+05:30,ASTRAL,2,2.0,2,-116.16919570896611,,,-11.68614357262053,-127.99109627156372,0.0,0.0,0.0,0.27184039957262396,MOD,HTB,
2024-11-27 15:15:00+05:30,ASTRAL,2,1.0,1,-117.08622564188342,0.9681420919086552,30.38938053097345,-8.649553571428317,-125.83705357142831,0.0,0.0,0.0,0.26764397240457005,MOD,HTB,
2024-11-28 15:15:00+05:30,ASTRAL,2,0.0,0,-140.8763172490299,,,16.611295681063122,-124.03100775193849,,0.0,0.0,0.15877796578129122,MOD,HTB,
2024-11-29 15:15:00+05:30,ASTRAL,3,43.0,62,-53.68942731277533,,,-147.23549297348592,-201.7154192160473,0.0,0.0,0.0,0.21603286765039165,EXT,HTB,ASTRAL
2024-12-02 15:15:00+05:30,ASTRAL,3,42.0,59,-57.42590425387124,,,-116.4647577092516,-174.559471365639,0.0,0.0,0.0,0.1928210752458548,EXT,HTB,ASTRAL
2024-12-03 15:15:00+05:30,ASTRAL,3,41.0,58,-70.96774193548411,,,-78.84255872551385,-150.36982849711453,1.3112195046000572,0.0,0.0,0.10869628871650458,EXT,HTB,ASTRAL
2024-12-04 15:15:00+05:30,ASTRAL,3,40.0,57,-42.612870165596114,,,-108.50599781897542,-151.58124318429637,0.0,0.0,0.7069099749905008,0.2848428052227358,EXT,HTB,ASTRAL
2024-12-05 15:15:00+05:30,ASTRAL,3,39.0,56,-71.27178125254107,,,-82.24043715846969,-154.09836065573796,0.9154178298007999,0.0,0.0,0.10680753157398802,EXT,HTB,ASTRAL
2024-12-06 15:15:00+05:30,ASTRAL,3,38.0,55,-67.89158898647507,0.9429223744292238,16.52,-65.62533897385907,-133.9624688144053,1.9090920177923951,0.3979899339984161,0.0,0.12780600751917415,EXT,HTB,ASTRAL
2024-12-09 15:15:00+05:30,ASTRAL,3,37.0,52,-70.74713259727756,,,-90.85992428339618,-162.24986479177934,0.0,0.0,0.0,0.11006676102014229,EXT,HTB,ASTRAL
2024-12-10 15:15:00+05:30,ASTRAL,3,36.0,51,-39.029084687767075,,,-109.17738622851608,-148.63258026159335,0.0,0.0,1.1721827266037634,0.30710604566156563,EXT,HTB,ASTRAL
2024-12-11 15:15:00+05:30,ASTRAL,3,35.0,50,-30.636438713802384,,,-117.78975741239843,-148.78706199460868,0.0,0.0,2.2624265203270593,0.3592429540765024,EXT,HTB,ASTRAL
2024-12-12 15:15:00+05:30,ASTRAL,3,34.0,49,-83.867651435219,,,-110.22975929978168,-195.0218818380749,0.0,0.0,0.0,0.028559297088948502,EXT,HTB,ASTRAL
2024-12-13 15:15:00+05:30,ASTRAL,3,33.0,48,-61.73005903442352,,,-108.17438692098042,-170.5722070844684,0.0,0.0,0.0,0.16608274691727914,EXT,HTB,ASTRAL
2024-12-16 15:15:00+05:30,ASTRAL,3,32.0,45,-20.278022359187567,,,-102.15633423180617,-122.64150943396227,0.0,0.15522223770715257,3.6092914558455744,0.42359164773993985,EXT,HTB,ASTRAL
2024-12-17 15:15:00+05:30,ASTRAL,3,31.0,44,-74.08814589665579,,,-96.44892590968948,-171.25164401578255,0.0,0.0,0.0,0.08931167317977183,EXT,HTB,ASTRAL
2024-12-18 15:15:00+05:30,ASTRAL,3,30.0,43,-46.363611423555156,,,-86.05423353624768,-132.8168234643055,0.0,0.0,0.22013961104175167,0.26154239983676236,EXT,HTB,ASTRAL
2024-12-19 15:15:00+05:30,ASTRAL,3,29.0,42,-51.2337644354593,,,-102.39767227149346,-154.15605852894248,0.0,0.0,0.0,0.23128796966824838,EXT,HTB,ASTRAL
2024-12-20 15:15:00+05:30,ASTRAL,3,28.0,41,-62.20795229768029,,,-81.7919075144514,-144.50867052023122,0.0,0.0,0.0,0.1631139719474035,EXT,HTB,ASTRAL
2024-12-23 15:15:00+05:30,ASTRAL,3,27.0,38,-91.49157238512993,,,-54.847790127398035,-146.8411735685885,0.9961204711054334,0.0,0.0,-0.01880212737257328,EXT,HTB,ASTRAL
2024-12-24 15:15:00+05:30,ASTRAL,3,26.0,37,-68.68817330554522,,,-50.44843049327327,-119.48312485248998,1.2858417032702303,0.0,0.0,0.12285745567783922,EXT,HTB,ASTRAL
2024-12-26 15:15:00+05:30,ASTRAL,3,25.0,35,-67.41306090933334,0.9712689545091779,33.80555555555556,-57.64635603345335,-125.44802867383513,0.25556988529850044,0.0,0.0,0.13077872608842037,EXT,HTB,ASTRAL
2024-12-27 15:15:00+05:30,ASTRAL,3,24.0,34,-59.7830985069249,,,-45.56977305649418,-105.62530178657653,1.369063564636276,0.06434713046783794,0.0,0.17817768134255907,EXT,HTB,ASTRAL
2024-12-30 15:15:00+05:30,ASTRAL,3,23.0,31,-73.59980852082309,,,-67.16665160687987,-141.26080539742807,0.0,0.0,0.0,0.09234532920653171,EXT,HTB,ASTRAL
2024-12-31 15:15:00+05:30,ASTRAL,3,22.0,30,-69.3251348825994,,,-36.60454985479159,-106.18344627299102,1.8045776140062322,0.0,0.0,0.11890051438545925,EXT,HTB,ASTRAL
2025-01-01 15:15:00+05:30,ASTRAL,3,21.0,29,-61.460592913955445,,,-39.927404718692735,-101.63339382940082,1.2346600594607737,0.0,0.0,0.16775672798205357,EXT,HTB,ASTRAL
2025-01-02 15:15:00+05:30,ASTRAL,3,20.0,28,-63.39239894949739,,,-52.19238355332975,-115.91564254286092,0.0,0.0,0.0,0.15575593649592193,EXT,HTB,ASTRAL
2025-01-03 15:15:00+05:30,ASTRAL,3,19.0,27,-81.12026155886673,,,-15.755329008340777,-97.00339820821777,4.1217890236681765,0.0,0.0,0.045626669501398306,EXT,HTB,ASTRAL
2025-01-06 15:15:00+05:30,ASTRAL,3,18.0,24,-53.38704005626506,,,-32.392559332905414,-85.95253367543356,1.3315932968067539,0.24257415610771174,0.0,0.21791136184011767,EXT,HTB,ASTRAL
2025-01-07 15:15:00+05:30,ASTRAL,3,17.0,23,-56.31941604002024,,,-32.82931910729534,-89.33362795542702,1.0486629476759761,0.0,0.0,0.199694816238471,EXT,HTB,ASTRAL
2025-01-08 15:15:00+05:30,ASTRAL,3,16.0,22,-67.29345096271375,,,-8.055940450488189,-75.40360261656828,4.913984314356801,0.7661860899474883,0.0,0.13152176861061973,EXT,HTB,ASTRAL
2025-01-09 15:15:00+05:30,ASTRAL,3,15.0,21,-60.248686065888116,0.9493575724439585,18.74628879892038,-33.44051446945367,-93.89067524115698,0.44741677418772274,0.0,0.0,0.17528535203472195,EXT,HTB,ASTRAL
2025-01-10 15:15:00+05:30,ASTRAL,3,14.0,20,-56.865376014312766,0.9471682738014396,17.9280205655527,-9.27317494324061,-66.19128321555276,4.558429763033957,1.2332893751692684,0.0,0.19630319632906312,EXT,HTB,ASTRAL
2025-01-13 15:15:00+05:30,ASTRAL,3,13.0,17,-74.17694079393067,0.9447436664671853,17.097472924187727,-19.003664992533967,-93.32156915976651,2.1736733715168635,0.0,0.0,0.08876006032236124,EXT,HTB,ASTRAL
2025-01-14 15:15:00+05:30,ASTRAL,3,12.0,16,-70.18827755971115,0.9438037464169056,16.794780545670225,-50.819124038782405,-121.36409227683109,0.0,0.0,0.0,0.11353848781538815,EXT,HTB,ASTRAL
2025-01-15 15:15:00+05:30,ASTRAL,3,11.0,15,-57.89686279789894,,,-26.663066590165347,-84.71430017887849,0.0,0.0,0.0,0.18989538023222313,EXT,HTB,ASTRAL
2025-01-16 15:15:00+05:30,ASTRAL,3,10.0,14,-58.749336165692434,,,-14.292836961941772,-73.12614259597807,2.5263136892443354,0.0,0.0,0.1845996336892737,EXT,HTB,ASTRAL
2025-01-17 15:15:00+05:30,ASTRAL,3,9.0,13,-64.10895200132929,,,-34.66551114962865,-98.99670010999725,0.0,0.0,0.0,0.1513045559713894,EXT,HTB,ASTRAL
2025-01-20 15:15:00+05:30,ASTRAL,3,8.0,10,-53.53355105888721,0.9257810034711266,12.473639455782314,-7.075471698112901,-60.64690026954178,3.668366036427115,0.4422988386037982,0.0,0.2170012042153128,EXT,HTB,ASTRAL
2025-01-21 15:15:00+05:30,ASTRAL,3,7.0,9,-64.83482556344582,0.8988837820091924,8.88961038961039,9.93831391363979,-54.83207676490748,10.282542586313589,0.8556653746713938,0.0,0.14679527444726764,EXT,HTB,ASTRAL
2025-01-22 15:15:00+05:30,ASTRAL,3,6.0,8,-50.61386409493581,0.8913982259570495,8.20795271359484,-8.214395728514534,-58.86983605435285,2.5037204094509984,0.2987530429286338,0.0,0.23513892291714295,EXT,HTB,ASTRAL
2025-01-23 15:15:00+05:30,ASTRAL,3,5.0,7,-49.6054865665682,0.8848782197301559,7.686453576864536,-25.700934579438645,-75.43391188250972,0.0,0.0,0.0,0.24140317938730435,EXT,HTB,ASTRAL
2025-01-24 15:15:00+05:30,ASTRAL,3,4.0,6,-58.56714791609853,0.8660196404984781,6.4637805400771535,-3.0654995061142785,-61.650601178513945,4.385440242865374,0.0,0.0,0.1857314259884868,EXT,HTB,ASTRAL
2025-01-27 15:15:00+05:30,ASTRAL,3,3.0,3,-43.030741161485764,0.7411178059422397,2.862760834670947,81.60338705271815,38.92379131384898,105.94143433191448,10.841905052188562,0.6526697722180452,0.282246901391031,EXT,HTB,ASTRAL
2025-01-28 15:15:00+05:30,ASTRAL,3,2.0,2,-66.36490487696967,0.5635493947676689,1.291210020129725,1.701374710766299,-64.65223900911936,9.355273016288889,0.0,0.0,0.13729009511714305,EXT,HTB,ASTRAL
2025-01-29 15:15:00+05:30,ASTRAL,3,1.0,1,-61.3580121360043,0.38323945053859076,0.6213747796827431,6.098180709420765,-55.22241420198592,28.515149124733664,0.0,0.0,0.16839398167317352,EXT,HTB,ASTRAL
2025-01-30 15:15:00+05:30,ASTRAL,3,0.0,0,-68.21515058494492,0.18525355630361603,0.2273757163801146,26.53331972650178,-41.500833418376956,,0.8512647973214993,0.0,0.12579597379699106,EXT,HTB,ASTRAL
2025-01-31 15:15:00+05:30,ASTRAL,4,19.0,27,-71.9234576047515,0.972780824700386,35.73880597014925,-65.08600650860035,-137.47758517633025,0.0,0.0,0.0,0.2228479514800315,NON,non-HTB,
2025-02-01 15:15:00+05:30,ASTRAL,4,18.0,26,4.940223298093073,0.9699115044247788,32.23529411764706,-27.079686932400758,-22.126085664278833,2.453566559878767,4.756092613370541,6.894152520184242,1.756700198665527,NON,non-HTB,
2025-02-03 15:15:00+05:30,ASTRAL,4,17.0,24,-57.48845246402727,,,-64.5484949832782,-122.40802675585255,0.0,0.0,0.0,0.5109055205837074,NON,non-HTB,
2025-02-04 15:15:00+05:30,ASTRAL,4,16.0,23,-60.86266207991562,,,-31.85558800106155,-92.91213166976374,1.2026916740500813,0.0,0.0,0.44357152172998193,NON,non-HTB,
2025-02-05 15:15:00+05:30,ASTRAL,4,15.0,22,-53.30804199234779,0.9680616044940984,30.3102766798419,-57.89283247261573,-111.50948981941414,0.0,0.0,0.0,0.5943276507865045,NON,non-HTB,
2025-02-06 15:15:00+05:30,ASTRAL,4,14.0,21,-67.44225257123587,0.961566662593181,25.019077901430844,-13.844803133652695,-81.38042817586245,3.8453056022883874,0.21252195502761626,0.0,0.3122725838944614,NON,non-HTB,
2025-02-07 15:15:00+05:30,ASTRAL,4,13.0,20,-63.86429681692265,,,-38.67028493894197,-102.78154681139817,0.0,0.0,0.0,0.3836724363295859,NON,non-HTB,
2025-02-10 15:15:00+05:30,ASTRAL,4,12.0,17,-54.03916979313605,,,-32.11325966850892,-86.32596685082873,0.0,0.0,0.0,0.5797376388713016,NON,non-HTB,
2025-02-11 15:15:00+05:30,ASTRAL,4,11.0,16,-52.76487969607429,0.9477716300845139,18.146682188591384,-31.40548360916084,-84.33607396167857,0.0,0.0,0.0,0.6051667193679144,NON,non-HTB,
2025-02-12 15:15:00+05:30,ASTRAL,4,10.0,15,-51.12620664998278,0.9435611117854108,16.718279569892474,-32.281205164992826,-83.57245337159318,0.0,0.0,0.0,0.6378672393615744,NON,non-HTB,
2025-02-13 15:15:00+05:30,ASTRAL,4,9.0,14,-55.99592756890441,,,-22.59475218658826,-78.71720116618042,0.3658703448570937,0.0,0.0,0.5406895829324541,NON,non-HTB,
2025-02-14 15:15:00+05:30,ASTRAL,4,8.0,13,-31.472461596103752,0.9285714285714286,13.0,-11.252813203300825,-42.76069017254348,3.092332591979652,2.4513714541528695,2.1537823544472445,1.0300673091787813,NON,non-HTB,
2025-02-17 15:15:00+05:30,ASTRAL,4,7.0,10,-43.821839080459114,0.9243577545195052,12.220125786163521,0.0,-43.821839080459114,6.25,2.049992930826038,0.5499904061210523,0.7836294573451799,NON,non-HTB,
2025-02-18 15:15:00+05:30,ASTRAL,4,6.0,9,-57.199428005719604,0.9184399337707733,11.260902255639097,-37.170616811424864,-94.5826586191678,0.0,0.0,0.0,0.5166731446378708,NON,non-HTB,
2025-02-19 15:15:00+05:30,ASTRAL,4,5.0,8,-59.313707652560616,0.9046151987435062,9.483850538315389,-22.246535375637887,-81.69219547775378,0.0,0.0,0.0,0.47448166292123567,NON,non-HTB,
2025-02-20 15:15:00+05:30,ASTRAL,4,4.0,7,-45.77968526466446,0.8746207701283547,6.975802698929734,22.481533026443213,-23.19523248759947,17.985710436033266,3.833869665234213,0.29590947253428507,0.7445596816850374,NON,non-HTB,
2025-02-21 15:15:00+05:30,ASTRAL,4,3.0,6,-41.46983520248098,0.675971391972673,2.0861472574534674,-3.96825396825364,-45.45454545454512,3.836457681757434,1.3813775430359796,0.8552889418811833,0.8305648420580951,NON,non-HTB,
2025-02-24 15:15:00+05:30,ASTRAL,4,2.0,3,-76.65030982485078,0.4961705879111797,0.9847987751531059,28.216301164369206,-48.21772983784556,40.62835742877366,0.5863945275596651,0.0,0.12852130962850003,NON,non-HTB,
2025-02-25 15:15:00+05:30,ASTRAL,4,1.0,2,-52.87769784172596,0.33155859440677016,0.49601743942315757,-0.7194762213102313,-53.60097848765967,4.937003129045724,0.0,0.0,0.6029153782377669,NON,non-HTB,
2025-02-27 15:15:00+05:30,ASTRAL,4,0.0,0,-60.45030044161397,0.20250685468076773,0.2539292730844794,69.73400431344389,9.705248023004378,,7.515762729462157,0.0,0.4518003993758699,NON,non-HTB,
2025-02-28 15:15:00+05:30,ASTRAL,5,18.0,27,-62.39090875329663,,,-11.898122327569503,-74.36326454731363,4.642506248131507,1.3332420874578434,0.0,0.40841240845079657,NON,non-HTB,
2025-03-03 15:15:00+05:30,ASTRAL,5,17.0,24,-59.61142184280348,0.964037813181728,26.80698529411765,-65.18518518518485,-125.18518518518587,0.0,0.0,0.0,0.5145551955293357,NON,non-HTB,
2025-03-04 15:15:00+05:30,ASTRAL,5,16.0,23,-74.24611635699056,0.9544697745901639,20.963431786216596,-62.83524904214594,-137.54789272030686,0.0,0.0,0.0,-0.04431315456597716,NON,non-HTB,
2025-03-05 15:15:00+05:30,ASTRAL,5,15.0,22,-50.847457627118644,0.9539449083883834,20.713125845737483,-56.81818181818182,-107.95454545454545,0.0,0.0,0.0,0.8492326441611506,NON,non-HTB,
2025-03-06 15:15:00+05:30,ASTRAL,5,14.0,21,-59.79073243647235,0.9519465100293695,19.810143042912873,-45.04504504504504,-105.10510510510511,0.0,0.0,0.0,0.5077076992907785,NON,non-HTB,
2025-03-07 15:15:00+05:30,ASTRAL,5,13.0,20,-59.8175564528189,0.9505629284860683,19.227735368956743,-36.01981089599416,-96.05282905598216,0.0,0.0,0.0,0.5066833462546427,NON,non-HTB,
2025-03-10 15:15:00+05:30,ASTRAL,5,12.0,17,-47.12021496164146,0.9468759618344106,17.823870220162224,-7.404520654715865,-54.55962587685113,4.660794152222138,1.8366367774895616,0.1219697999731019,0.9915682396763672,NON,non-HTB,
2025-03-11 15:15:00+05:30,ASTRAL,5,11.0,16,-63.08049535603786,,,-44.70359572400388,-108.06608357628836,0.0,0.0,0.0,0.3820785395375628,NON,non-HTB,
2025-03-12 15:15:00+05:30,ASTRAL,5,10.0,15,-50.712654539726174,0.9380908813662702,15.152709359605911,-23.28426536169577,-74.11500059197184,0.5907481175859763,0.0,0.0,0.8543804918983037,NON,non-HTB,
2025-03-13 15:15:00+05:30,ASTRAL,5,9.0,14,-64.4901249496171,0.9341495304885297,14.18592057761733,-1.6125131016693177,-66.11303716842735,5.829628690294662,0.5233716953129075,0.0,0.32824773600111357,NON,non-HTB,
2025-03-17 15:15:00+05:30,ASTRAL,5,8.0,10,-59.896147808234325,0.9274926289187075,12.791701244813279,-20.16698261606098,-80.18392288145708,0.0,0.0,0.0,0.5036821068990692,NON,non-HTB,
2025-03-18 15:15:00+05:30,ASTRAL,5,7.0,9,-48.79016263387617,0.9178326883000893,11.170289855072463,-35.82802547770701,-84.79299363057397,0.0,0.0,0.0,0.927796433614916,NON,non-HTB,
2025-03-19 15:15:00+05:30,ASTRAL,5,6.0,8,-65.24575902566333,0.9038812650921727,9.403799019607844,-27.359238699445246,-92.78350515463954,0.0,0.0,0.0,0.2993916523331988,NON,non-HTB,
2025-03-20 15:15:00+05:30,ASTRAL,5,5.0,7,-69.43627162528058,0.849823516435032,5.658832170400294,-12.175962293793829,-81.69677926158752,0.0,0.0,0.0,0.13936474775166488,NON,non-HTB,
2025-03-21 15:15:00+05:30,ASTRAL,5,4.0,6,-69.94087870474094,0.8040332422851165,4.102906287069988,45.77275175013497,-23.84798830679213,34.15901310411694,3.6928961927408652,0.0,0.12009485963264466,NON,non-HTB,
2025-03-24 15:15:00+05:30,ASTRAL,5,3.0,3,-62.715105162524246,0.6003127901862079,1.5019564685742235,26.69717772692601,-35.85049580472956,38.7750018662334,2.036441638858512,0.0,0.3960320261916232,NON,non-HTB,
2025-03-25 15:15:00+05:30,ASTRAL,5,2.0,2,-63.497016264283886,0.4153127538586515,0.7103160819729073,70.10069713400429,7.048799380325963,134.63429128173053,7.107906320617202,0.0,0.36617247791488955,NON,non-HTB,
2025-03-26 15:15:00+05:30,ASTRAL,5,1.0,1,-77.11598746081441,0.2725,0.3745704467353952,15.64945226917058,-61.345852895148035,63.415242695190535,0.0,0.0,-0.15390752479525857,NON,non-HTB,
2025-03-27 15:15:00+05:30,ASTRAL,5,0.0,0,-76.83397683397719,0.11120586730342828,0.1251199385914412,-34.09267007593438,-111.18859445219384,,0.0,0.0,-0.1431381292621249,NON,non-HTB,
2025-03-28 15:15:00+05:30,ASTRAL,6,15.0,27,-72.12002005476424,0.970784023668639,33.22784810126582,-42.2153369481026,-114.6398140975984,0.5551239728084439,0.0,0.0,0.01670245967962065,NON,non-HTB,
2025-04-01 15:15:00+05:30,ASTRAL,6,14.0,23,-62.41437052823905,0.9709220293233544,33.39029535864979,-44.34250764525959,-107.03363914373088,0.0,0.0,0.0,0.3242921267106799,NON,non-HTB,
2025-04-02 15:15:00+05:30,ASTRAL,6,13.0,22,-79.27941340678224,0.9721741281226812,34.937777777777775,-24.625946793029772,-104.10059326144581,2.1693539836989877,0.0,0.0,-0.2101917230613885,NON,non-HTB,
2025-04-03 15:15:00+05:30,ASTRAL,6,12.0,21,-69.40619147295396,0.9705603038936372,32.96774193548387,-26.141384388806735,-95.72901325478645,1.7123069258659944,0.04019539832032862,0.0,0.10270861800803181,NON,non-HTB,
2025-04-04 15:15:00+05:30,ASTRAL,6,11.0,20,-65.75997608728107,0.9695064445143037,31.79381443298969,2.9881966233367967,-62.75212909009481,6.795427380030941,2.0985525518270145,0.0,0.21826380814111107,NON,non-HTB,
2025-04-07 15:15:00+05:30,ASTRAL,6,10.0,17,-80.53899171377752,0.9701423061577338,32.492204899777285,-49.02723735408525,-129.9610894941638,0.0,0.0,0.0,-0.250110048052352,NON,non-HTB,
2025-04-08 15:15:00+05:30,ASTRAL,6,9.0,16,-59.63590709353349,0.9660327959211795,28.440162271805274,-26.750590086546744,-86.5460267505901,0.15566935418483835,0.08266922299247428,0.04929773444733096,0.4123466809580172,NON,non-HTB,
2025-04-09 15:15:00+05:30,ASTRAL,6,8.0,15,-60.807075732449235,0.9626219976465702,25.753703703703703,-13.838915029061722,-74.73014115693366,2.8848586348397003,0.8149824773033221,0.0,0.37523021897401587,NON,non-HTB,
2025-04-11 15:15:00+05:30,ASTRAL,6,7.0,13,-67.18656268746324,0.9513427464008859,19.551920341394027,-26.06255012028869,-93.42421812349711,0.0,0.0,0.0,0.17305268691302958,NON,non-HTB,
2025-04-15 15:15:00+05:30,ASTRAL,6,6.0,9,-51.69753086419788,0.9466481417158735,17.743489583333332,1.5429717636170768,-50.14658231754359,6.875809052326883,2.100508524739814,0.8725741033601436,0.6639282463623074,NON,non-HTB,
2025-04-16 15:15:00+05:30,ASTRAL,6,5.0,8,-73.09721175584059,0.9327398615232443,13.867647058823529,-37.821482602118,-111.19515885022727,0.0,0.0,0.0,-0.014266520720725642,NON,non-HTB,
2025-04-17 15:15:00+05:30,ASTRAL,6,4.0,7,-60.42527153128242,0.862149669416652,6.254244482173175,-29.919447640967327,-90.52550824702689,0.0,0.0,0.0,0.3873302877831155,NON,non-HTB,
2025-04-21 15:15:00+05:30,ASTRAL,6,3.0,3,-35.767511177346904,0.6678946500247429,2.011092715231788,-29.895366218236173,-65.76980568011925,0.0,0.0,2.5266143980523217,1.1687795124095135,NON,non-HTB,
2025-04-22 15:15:00+05:30,ASTRAL,6,2.0,2,-52.01084169658001,0.481703785605223,0.9293986184477855,28.48794740686699,-23.374726077429113,58.314700101182574,3.9468056393386295,0.8400688129476599,0.6539988568509445,NON,non-HTB,
2025-04-23 15:15:00+05:30,ASTRAL,6,1.0,1,-79.46166511561249,0.298470082212664,0.4254559565386108,46.316089496936016,-32.77754025936945,175.69643509093459,2.932156184925655,0.0,-0.21596761083497149,NON,non-HTB,
2025-04-24 15:15:00+05:30,ASTRAL,6,0.0,0,-80.28933092224166,0.16772021031488155,0.201519023282226,46.796256299496044,-33.117350611950386,,2.802039655652809,0.0,-0.2421978439768439,NON,non-HTB,
2025-04-25 15:15:00+05:30,ASTRAL,7,23.0,34,-69.13984090402336,,,-2.230814991076402,-71.3860797144567,6.010542157801744,2.0623616379842766,0.0,0.02169007811139965,MOD,HTB,
2025-04-28 15:15:00+05:30,ASTRAL,7,22.0,31,-37.010159651668424,0.9691274257022663,31.39120879120879,-58.394160583941606,-95.62043795620372,0.0,0.3626014659332162,1.434367211334625,0.4091213913301663,MOD,HTB,
2025-04-29 15:15:00+05:30,ASTRAL,7,21.0,30,-74.51782583284663,0.9686192468619247,30.866666666666667,-29.308323563892145,-104.04454865181745,2.6893692273076177,0.0,0.0,-0.043159608602875384,MOD,HTB,
2025-04-30 15:15:00+05:30,ASTRAL,7,20.0,29,-40.071237756011364,0.966616602949208,28.955010224948875,-56.71641791044708,-97.01492537313432,0.0,0.06758182907319957,1.0368658106697106,0.3722098047969549,MOD,HTB,
2025-05-02 15:15:00+05:30,ASTRAL,7,19.0,27,-43.90613171839481,0.9628043885469628,25.884892086330936,-60.16297311705195,-104.33325717767151,0.0,0.0,0.5390502465758645,0.3259672668697528,MOD,HTB,
2025-05-05 15:15:00+05:30,ASTRAL,7,18.0,24,-60.04447739065907,0.9621716051871263,25.435168738898756,-59.656972408650255,-120.05965697240796,0.0,0.0,0.0,0.13136525983846717,MOD,HTB,
2025-05-06 15:15:00+05:30,ASTRAL,7,17.0,23,-46.22496147919877,,,-15.432098765432098,-61.72839506172839,3.8028807460324057,1.84576287323907,0.23813033487314547,0.2980059792272497,MOD,HTB,
2025-05-07 15:15:00+05:30,ASTRAL,7,16.0,22,-62.374710871240694,0.9486063283737249,18.45764854614412,-30.935808197989175,-93.50348027842163,1.1253908010270743,0.0,0.0,0.10326646201980205,MOD,HTB,
2025-05-08 15:15:00+05:30,ASTRAL,7,15.0,21,-60.42533155457934,0.9483829236739975,18.3734335839599,-13.358478705013718,-73.86452931007459,3.929718604129697,0.7680674716282796,0.0,0.12677278262982228,MOD,HTB,
2025-05-09 15:15:00+05:30,ASTRAL,7,14.0,20,-37.48535728231124,0.9438130096962691,16.797714285714285,-36.05298220863632,-73.67348538286592,0.0,0.6682814609129152,1.3726516824114827,0.40339128648933786,MOD,HTB,
2025-05-12 15:15:00+05:30,ASTRAL,7,13.0,17,-82.17540714178995,0.944568333864288,17.04022988505747,-34.482758620688976,-116.94152923538162,0.0,0.0,0.0,-0.13549749267030425,MOD,HTB,
2025-05-13 15:15:00+05:30,ASTRAL,7,12.0,16,-56.392372189655774,0.9437012616496545,16.76238738738739,-8.168721223823974,-64.6071587702365,4.3872711729023495,0.9077812671858101,0.0,0.17540366479258065,MOD,HTB,
2025-05-14 15:15:00+05:30,ASTRAL,7,11.0,15,-52.51312828207052,0.9387791634345725,15.33430799220273,-33.87278885961611,-86.56379375235227,0.0,0.0,0.0,0.22218099039401337,MOD,HTB,
2025-05-15 15:15:00+05:30,ASTRAL,7,10.0,14,-48.13032210292484,0.9357215599353023,14.557315936626281,-33.43239227340267,-81.72362555720655,0.0,0.0,0.0,0.27503045193186404,MOD,HTB,
2025-05-16 15:15:00+05:30,ASTRAL,7,9.0,13,-62.38532110091743,0.9305200594353641,13.392643284858854,-27.22990874300887,-89.78510450397444,0.0,0.0,0.0,0.10313852003416815,MOD,HTB,
2025-05-19 15:15:00+05:30,ASTRAL,7,8.0,10,-74.57436330378437,0.9052727687742524,9.556626506024097,4.219409282699782,-70.32348804500702,7.790409391928376,0.0,0.0,-0.04384135786890246,MOD,HTB,
2025-05-20 15:15:00+05:30,ASTRAL,7,7.0,9,-45.31170065044249,0.8722607967695868,6.828450269853508,-38.88481291269226,-84.37270726338959,0.0,0.0,0.35663801739046763,0.309018408495292,MOD,HTB,
2025-05-21 15:15:00+05:30,ASTRAL,7,6.0,8,-54.28881650380021,0.8396068796068796,5.234681372549019,3.61794500723589,-50.65123010130246,7.900986086406955,1.1274902062336112,0.0,0.20076909980573035,MOD,HTB,
2025-05-22 15:15:00+05:30,ASTRAL,7,5.0,7,-47.615761507143,0.8275806190244693,4.799812030075188,-14.512785072563297,-62.19765031098825,0.0,0.0,0.0576763134471886,0.28123520963825366,MOD,HTB,
2025-05-23 15:15:00+05:30,ASTRAL,7,4.0,6,-70.88781830695082,0.7858126721763086,3.6688102893890675,17.17622810030917,-53.58983167296431,16.707855993653258,0.5123342848925023,0.0,0.0006123345952457629,MOD,HTB,
2025-05-26 15:15:00+05:30,ASTRAL,7,3.0,3,-39.925472451424014,0.5293493798127911,1.1247183305574606,39.10651554318348,-0.6628222973414798,53.92287077894924,6.171960606113093,1.055791659023641,0.3739674955419844,MOD,HTB,
2025-05-27 15:15:00+05:30,ASTRAL,7,2.0,2,34.80202245715531,0.30964590964590966,0.44853201273434734,26.850032743941775,61.558611656844086,55.31721208801529,13.762778694024174,10.794604880167578,1.2750586473210757,MOD,HTB,
2025-05-28 15:15:00+05:30,ASTRAL,7,1.0,1,42.02232435981674,0.1975321774279332,0.2461558854718982,13.114754098360656,55.08196721311535,54.15026934178366,13.201894181920926,11.739452211925963,1.3621236582065805,MOD,HTB,
2025-05-29 15:15:00+05:30,ASTRAL,7,0.0,0,-53.89580145052837,0.11140350877192982,0.12537018756169793,1.995742416178516,-51.88930282064898,,0.0,0.0,0.20550821741501862,MOD,HTB,
2025-05-30 15:15:00+05:30,ASTRAL,8,19.0,27,-68.73760740251217,0.9746052977686241,38.37829201101928,-85.99426704886402,-155.32297846810334,0.0,0.0,0.0,-0.012014134484971935,MOD,HTB,
2025-06-02 15:15:00+05:30,ASTRAL,8,18.0,24,-58.81964179499102,0.9725085969459131,35.37500778089014,-29.828980511732734,-88.82407530160475,1.7202617338832833,0.7792123461579827,0.1339213374321288,0.06764435660724435,MOD,HTB,
2025-06-03 15:15:00+05:30,ASTRAL,8,17.0,23,-58.580748235920346,0.9715717466438246,34.176272965879264,-48.16053511705716,-107.02341137123746,0.0,0.0,0.15868913542198687,0.06956308683885437,MOD,HTB,
2025-06-04 15:15:00+05:30,ASTRAL,8,16.0,22,-26.15746795710175,0.9709396082847583,33.41109843937575,-24.254342838413933,-50.47525401507732,2.230856145819446,3.025942609418227,3.525711243680157,0.32997834592304415,MOD,HTB,
2025-06-05 15:15:00+05:30,ASTRAL,8,15.0,21,-67.80330458824425,0.971040943127033,33.5315113122172,-60.93118749585944,-129.1476256705742,0.0,0.0,0.0,-0.004510060025250607,MOD,HTB,
2025-06-06 15:15:00+05:30,ASTRAL,8,14.0,20,-52.875514067497285,0.9687219155836282,30.971267379679144,-25.523560209424677,-78.53403141361257,1.597884666763054,1.0585547751976114,0.7503662657318576,0.11538602706358105,MOD,HTB,
2025-06-09 15:15:00+05:30,ASTRAL,8,13.0,17,-45.42504866969501,0.9671619962194903,29.452521008403362,-32.552083333333336,-78.125,0.0,0.7875360358652759,1.5235432206050683,0.1752262054842071,MOD,HTB,
2025-06-10 15:15:00+05:30,ASTRAL,8,12.0,16,-59.53159754023379,0.9659490006742504,28.367713717693835,-36.76953381483854,-96.52002626395301,0.0,0.0,0.060111299442239946,0.061926115323218775,MOD,HTB,
2025-06-11 15:15:00+05:30,ASTRAL,8,11.0,15,-43.74795951681388,0.9660656564682899,28.468670848621137,-22.905759162303664,-66.75392670157098,0.6826390705138858,1.393156045564046,1.697663320585524,0.18869614444470567,MOD,HTB,
2025-06-12 15:15:00+05:30,ASTRAL,8,10.0,14,-79.95735607675907,0.9652879013489803,27.808399343801266,-6.000400026667535,-86.00573371558012,4.686079153672205,0.0,0.0,-0.10212820476836162,MOD,HTB,
2025-06-13 15:15:00+05:30,ASTRAL,8,9.0,13,-37.22084367245539,0.964567236002681,27.22246664346212,-17.00680272108933,-54.290947148089714,1.479068847458903,2.132792164040694,2.375603681628192,0.24112022211557455,MOD,HTB,
2025-06-16 15:15:00+05:30,ASTRAL,8,8.0,10,-82.42811501597502,0.9577564274732316,22.67224030037547,-9.593859929645028,-92.10105532459285,2.7499198212950318,0.0,0.0,-0.12197269069814692,MOD,HTB,
2025-06-17 15:15:00+05:30,ASTRAL,8,7.0,9,-41.00724034087181,0.9538521463171046,20.66948016415869,9.601843553962361,-31.36602227627617,10.145951712294337,3.6521180140108056,1.9822750630236328,0.21070887998973384,MOD,HTB,
2025-06-18 15:15:00+05:30,ASTRAL,8,6.0,8,-45.42546385156692,0.9428952134747189,16.511666899538913,-19.230769230769234,-64.74358974358915,0.0,0.7720372713231887,1.5235001188578727,0.17522287085261493,MOD,HTB,
2025-06-19 15:15:00+05:30,ASTRAL,8,5.0,7,-36.89307596020758,0.9237653600758028,12.11739651416122,-25.09741760782103,-62.08308566144965,0.0,0.8713631186316864,2.409658973066306,0.2437527661694285,MOD,HTB,
2025-06-20 15:15:00+05:30,ASTRAL,8,4.0,6,-63.93696719193918,0.8735201228430756,6.906396040844453,29.620090148099862,-34.12749517063718,24.295627041596926,3.216993059629695,0.0,0.02654334500062611,MOD,HTB,
2025-06-23 15:15:00+05:30,ASTRAL,8,3.0,3,0.0,0.6030709372514678,1.519341851855109,-6.01604278074927,-6.01604278074927,0.0,5.6723170100784515,6.25,0.540068248501009,MOD,HTB,
2025-06-24 15:15:00+05:30,ASTRAL,8,2.0,2,80.42539049518052,0.3320658771273872,0.4971536350010946,-16.644474034620504,63.91478029294214,0.0,12.575342450359923,14.671128496944053,1.1860238311146478,MOD,HTB,
2025-06-25 15:15:00+05:30,ASTRAL,8,1.0,1,12.59445843828625,0.1710578546816382,0.20635680746566706,6.624271330153683,19.210386857444778,30.436602170562644,8.19959300052949,7.5642498813857095,0.6412236260268908,MOD,HTB,
2025-06-26 15:15:00+05:30,ASTRAL,8,0.0,0,55.595526195303805,0.08621534617454496,0.09434974182769898,-58.55263157894797,-2.6315789473690194,,5.97560001345234,12.063995785108903,0.9865968919193001,MOD,HTB,
2025-06-27 15:15:00+05:30,ASTRAL,9,24.0,34,-20.63365282215062,0.9453543429325467,17.29971590909091,-16.000000000000608,-36.666666666666664,4.533725594854612,4.095345639527739,3.563027122345172,0.21534371369484964,MOD,HTB,
2025-06-30 15:15:00+05:30,ASTRAL,9,23.0,31,-20.52980132450271,0.9420345785736338,16.251664447403463,-20.572035304266432,-41.144070608532864,3.8302968049213746,3.70986847085272,3.576537100990814,0.2165230986693128,MOD,HTB,
2025-07-01 15:15:00+05:30,ASTRAL,9,22.0,30,-32.00426723563111,0.9390394088669951,15.404040404040405,-33.449290875033455,-65.56061011506526,2.1871275052483936,2.1376686501737963,2.084677019736778,0.08621383022279085,MOD,HTB,
2025-07-02 15:15:00+05:30,ASTRAL,9,21.0,29,-20.79280971225373,0.9349660889223813,14.376593279258401,16.740324092674435,-4.017677782241255,8.358737365674065,5.992779318817756,3.542322770288158,0.2135362554586065,MOD,HTB,
2025-07-03 15:15:00+05:30,ASTRAL,9,20.0,28,-5.351170568561568,0.933212587729228,13.972881355932204,23.356690023356688,18.01801801801832,9.298272643410114,7.42544795480357,5.552623266197017,0.388898552581142,MOD,HTB,
2025-07-04 15:15:00+05:30,ASTRAL,9,19.0,27,-6.040268456376449,0.9297643900984194,13.237791932059448,-39.754733508524296,-45.81901489118106,0.8864033563990501,3.2162284829234915,5.46284556921526,0.38107284266621577,MOD,HTB,
2025-07-07 15:15:00+05:30,ASTRAL,9,18.0,24,-12.737145538646267,0.9277983691623425,12.850102669404517,-37.68252472915778,-50.46766704797793,0.5298866903884231,2.7164669634788017,4.590678626127809,0.30502005204172905,MOD,HTB,
2025-07-08 15:15:00+05:30,ASTRAL,9,17.0,23,-28.09176643702793,0.9279391323432584,12.877157360406091,-47.71505376344025,-75.94086021505346,0.0,0.8355498444031363,2.5931715265856248,0.13064597380238482,MOD,HTB,
2025-07-09 15:15:00+05:30,ASTRAL,9,16.0,22,-40.12304400160492,0.9280890538033395,12.906088751289989,70.385126162018,30.544488711818783,17.96882238553927,8.4831599512839,1.0301394672260475,-0.005986701745204408,MOD,HTB,
2025-07-10 15:15:00+05:30,ASTRAL,9,15.0,21,-16.09549996646832,0.925472179683512,12.417808219178083,12.05707013195915,-4.019023377318701,8.346897994662982,5.95068391272179,4.153523351265942,0.2668810473975823,MOD,HTB,
2025-07-11 15:15:00+05:30,ASTRAL,9,14.0,20,-12.986125350284267,0.9209959816303099,11.657584014532244,80.67796610169552,67.79661016949153,21.033444236391652,11.422922443343065,4.55826401973682,0.30219252373986405,MOD,HTB,
2025-07-14 15:15:00+05:30,ASTRAL,9,13.0,17,10.09421265141319,0.9093600225542712,10.032659409020217,58.20565999866224,68.2411186191212,18.78360942725595,11.804085432451881,7.566517292749499,0.564303369141634,MOD,HTB,
2025-07-15 15:15:00+05:30,ASTRAL,9,12.0,16,11.350737797957171,0.9011535539131036,9.116701607267645,15.33333333333303,26.666666666666664,9.750601147264295,8.465075961126832,7.730490140476763,0.5785730418130223,MOD,HTB,
2025-07-16 15:15:00+05:30,ASTRAL,9,11.0,15,12.103281334050259,0.8897018599562363,8.06633601983881,18.791946308724526,30.872483221475896,10.827008828525067,8.87462477226202,7.828704742121206,0.5871192694476648,MOD,HTB,
2025-07-17 15:15:00+05:30,ASTRAL,9,10.0,14,30.506001724253178,0.8792527878400455,7.281764705882353,-39.949397429922094,-9.321526066980914,0.0,5.440292323517787,10.232753211985285,0.7961089557691444,MOD,HTB,
2025-07-18 15:15:00+05:30,ASTRAL,9,9.0,13,34.613592491513316,0.8702317290552585,6.706043956043956,44.40026507620971,78.86017229953673,18.743985656206917,13.298306960734552,10.769956137836777,0.8427566300142909,MOD,HTB,
2025-07-21 15:15:00+05:30,ASTRAL,9,8.0,10,13.957197926358562,0.8631316725978647,6.306292251690068,-12.643907632926489,1.3309376455716075,1.6378888552933137,6.3778485714372195,8.070691327203035,0.6081731918502985,MOD,HTB,
2025-07-22 15:15:00+05:30,ASTRAL,9,7.0,9,19.689048815263025,0.8388996674057649,5.207311827956989,4.071937563623408,23.752969121140143,7.9017332113552445,8.595985615711118,8.819138174254116,0.6732667048697848,MOD,HTB,
2025-07-23 15:15:00+05:30,ASTRAL,9,6.0,8,16.222793024199614,0.8081661613881185,4.212844653665098,-27.111291853056798,-10.844516741222103,0.0,5.151082251028028,8.366474168469503,0.6339023231303322,MOD,HTB,
2025-07-24 15:15:00+05:30,ASTRAL,9,5.0,7,47.551117451260104,0.7942187698968547,3.859529702970297,-4.077471967379607,43.493034318723005,4.124322956992589,10.795594416242796,12.463412281055401,0.989681064325276,MOD,HTB,
2025-07-25 15:15:00+05:30,ASTRAL,9,4.0,6,72.04710772428189,0.775028333962977,3.445004198152813,-25.001736231682123,47.22550177095758,0.0,11.331805521537246,15.67585130079241,1.267868702606096,MOD,HTB,
2025-07-28 15:15:00+05:30,ASTRAL,9,3.0,3,46.00141542816702,0.5908277553184439,1.4439585357952704,-31.236688910976085,14.908419707510358,0.0,8.00665596519481,12.260448162267203,0.972081941324396,MOD,HTB,
2025-07-29 15:15:00+05:30,ASTRAL,9,2.0,2,37.778088708549674,0.38189050956620574,0.6178363469200122,-66.19718309859219,-28.169014084507044,0.0,2.8275879917855,11.18396938248031,0.878694092397082,MOD,HTB,
2025-07-30 15:15:00+05:30,ASTRAL,9,1.0,1,46.65088427795603,0.19991936025804719,0.24987401310263732,-36.33822501747062,10.482180293501049,0.0,7.570000844278613,12.345505101983884,0.9794576058085033,MOD,HTB,
2025-07-31 15:15:00+05:30,ASTRAL,9,0.0,0,-63.13674845745412,0.09428172942817294,0.104096088697259,15.75931232091723,-47.27793696275007,,0.10150619685826354,0.0,-0.267340826208437,MOD,HTB,
2025-08-01 15:15:00+05:30,ASTRAL,10,17.0,27,-79.0373113073192,0.9573927560426798,22.470187393526405,-24.268379728765815,-103.49750178443969,2.973249057764169,0.0,0.0,-1.1282956072139205,MOD,HTB,
2025-08-04 15:15:00+05:30,ASTRAL,10,16.0,24,-32.111692844676504,0.9564270152505446,21.95,-24.4926522043387,-56.682995101468926,2.529630039396263,2.630547842330147,2.703942608100409,0.0595436178424097,MOD,HTB,
2025-08-05 15:15:00+05:30,ASTRAL,10,15.0,23,-18.922138902514668,0.9564969333903866,21.98688524590164,-13.333333333333973,-32.280701754385326,4.13546734639468,4.1493786303560904,4.15907437372312,0.393413901213713,MOD,HTB,
2025-08-06 15:15:00+05:30,ASTRAL,10,14.0,22,-24.0079084875008,0.9538364691893404,20.662121212121214,12.693935119886845,-11.283497884343504,8.357377064344213,5.50160819400354,3.5977622804433547,0.2646766186682681,MOD,HTB,
2025-08-07 15:15:00+05:30,ASTRAL,10,13.0,21,-20.468661773010243,0.9530941520865954,20.319303338171263,-19.801980198019482,-40.31117397454064,2.8116304551495808,3.5307403930578656,3.9883558080904518,0.35426640378682667,MOD,HTB,
2025-08-08 15:15:00+05:30,ASTRAL,10,12.0,20,-7.304601899196494,0.9491848540625821,18.679172056921086,17.50036459092964,10.2085460113759,9.446614450312877,6.95340047217759,5.442361697550258,0.6874913498054804,MOD,HTB,
2025-08-11 15:15:00+05:30,ASTRAL,10,11.0,17,-23.885350318472653,0.9489079818980783,18.57252888318357,-7.968127490039182,-31.872509960160023,4.539877389854312,3.9270067907220167,3.6112855729871773,0.26777896244746857,MOD,HTB,
2025-08-12 15:15:00+05:30,ASTRAL,10,10.0,16,0.0,0.9288728721134241,13.059333333333333,-15.797788309636651,-15.797788309636651,2.6489732064801674,5.074154516401688,6.25,0.8723944569684482,MOD,HTB,
2025-08-13 15:15:00+05:30,ASTRAL,10,9.0,15,2.316423442204884,0.9258032803849537,12.47768479776848,-13.143652389050702,-10.824184320394801,3.053811271847309,5.42735612613995,6.506240150818307,0.9310306287789798,MOD,HTB,
2025-08-14 15:15:00+05:30,ASTRAL,10,8.0,14,-19.516003122560498,0.9183799025890798,11.251884422110553,-15.63721657544957,-35.18373729476153,2.1763384569253823,3.5224414099816306,4.093515390066145,0.37838127643350905,MOD,HTB,
2025-08-18 15:15:00+05:30,ASTRAL,10,7.0,10,9.841774547658277,0.9184576822569464,11.263570961412688,-44.10311002965693,-34.217930195422404,0.0,3.3504128316858686,7.339095931872588,1.1215216125578038,MOD,HTB,
2025-08-19 15:15:00+05:30,ASTRAL,10,6.0,9,-16.025641025641356,0.9086502208337822,9.94693396226415,-46.10318331503808,-62.20270764727405,0.0,0.8610316014752915,4.478885760771373,0.46673363372148013,MOD,HTB,
2025-08-20 15:15:00+05:30,ASTRAL,10,5.0,8,-26.48532569792445,0.9053714035663494,9.567630057803468,-32.31597845601436,-58.88689407540428,0.0,1.0230051758532956,3.3244349798959556,0.2019651737096135,MOD,HTB,
2025-08-21 15:15:00+05:30,ASTRAL,10,4.0,7,-41.43549406559354,0.8480645161290322,5.581740976645436,-23.935234072510323,-65.46990496304086,0.0,0.2953425148607892,1.676452062976095,-0.17647195701144672,MOD,HTB,
2025-08-22 15:15:00+05:30,ASTRAL,10,3.0,6,-30.94668729779217,0.7353688274740906,2.778844307928585,1.4064697609004606,-29.535864978903273,7.105662612471352,3.4898201812276834,2.8323942846377994,0.0890336774587594,MOD,HTB,
2025-08-25 15:15:00+05:30,ASTRAL,10,2.0,3,-35.323207347227125,0.5677595096799299,1.3135268962412785,-5.654909168021168,-40.99809146815547,0.0,2.1017467841271538,2.3499233001963065,-0.021750204656782575,MOD,HTB,
2025-08-26 15:15:00+05:30,ASTRAL,10,1.0,2,-45.39559014267153,0.35806618407445706,0.5577929923479662,44.476327116212666,-0.7173601147769659,87.60033960412883,6.175192271202368,1.2403348570856287,-0.27671480110075236,MOD,HTB,
2025-08-28 15:15:00+05:30,ASTRAL,10,0.0,0,-70.09001032905415,0.2602596497342511,0.3518256772673734,33.823529411764035,-36.02941176470655,,2.2720904903059473,0.0,-0.9018104716194056,MOD,HTB,
2025-08-29 15:15:00+05:30,ASTRAL,11,22.0,32,-40.29008863819501,0.9681194961542748,30.367132867132867,-22.760646108663064,-63.14243759177613,3.6568138146620126,2.4209112642884145,1.0084512067185372,0.4711512278230145,NON,non-HTB,
2025-09-01 15:15:00+05:30,ASTRAL,11,21.0,29,-46.02421581816895,0.9675272975432211,29.79509632224168,-23.420865862313374,-69.55287437899186,3.3056479849540104,1.8115929556367705,0.26417881812960536,0.33315539684423484,NON,non-HTB,
2025-09-02 15:15:00+05:30,ASTRAL,11,20.0,28,-13.986013986013987,0.9682922524854404,30.538033395176253,-49.191848208011244,-63.24666198172874,0.0,2.1406543888936382,4.428096938132692,1.1041774105056372,NON,non-HTB,
2025-09-03 15:15:00+05:30,ASTRAL,11,19.0,27,-45.620437956204384,0.9674767259098054,29.74721189591078,-21.100014066676042,-66.81671121114081,3.400595758425146,1.830548348004074,0.31657405938402966,0.34287259701154754,NON,non-HTB,
2025-09-04 15:15:00+05:30,ASTRAL,11,18.0,26,-19.644987020276115,0.9661141354211267,28.510830324909747,-23.206751054852,-42.897327707453655,2.9959035703974393,3.3566598056834125,3.6916477384491544,0.9679902172608131,NON,non-HTB,
2025-09-05 15:15:00+05:30,ASTRAL,11,17.0,25,-45.733788395904746,0.9680164486835342,30.26607142857143,-52.14766021682385,-98.11993961849838,0.0,0.0,0.30186520572019204,0.34014473841558024,NON,non-HTB,
2025-09-08 15:15:00+05:30,ASTRAL,11,16.0,22,-58.06010928961749,0.9685866816521495,30.833631484794275,-30.832476875642342,-89.07159986296678,1.1424816232414037,0.0,0.0,0.043503097717489676,NON,non-HTB,
2025-09-09 15:15:00+05:30,ASTRAL,11,15.0,21,0.0,0.9697504280599802,32.05831903945111,-88.5558583106267,-88.5558583106267,0.0,0.0,6.25,1.4407607407152065,NON,non-HTB,
2025-09-10 15:15:00+05:30,ASTRAL,11,14.0,20,-54.857301576280065,0.9622893547061241,25.517711171662125,-14.603616133518143,-69.54102920723227,3.586784211720754,0.9802861404074665,0.0,0.12058093327907418,NON,non-HTB,
2025-09-11 15:15:00+05:30,ASTRAL,11,13.0,19,-42.17367256637105,0.9600607202680067,24.03800786369594,-44.444444444445075,-86.80555555555556,0.0,0.0,0.7639208315134149,0.4258214468068724,NON,non-HTB,
2025-09-12 15:15:00+05:30,ASTRAL,11,12.0,18,-42.38157085241519,0.9556776556776557,21.56198347107438,-23.295649194930395,-65.77595066803637,1.531653739983848,1.0479112282449035,0.7369338992700654,0.42081822733836827,NON,non-HTB,
2025-09-15 15:15:00+05:30,ASTRAL,11,11.0,15,-36.912981065006925,0.9490598468670243,18.630879345603272,-23.982458544607372,-60.98396601342924,0.4212550121997907,1.0891744822307883,1.4469884840330107,0.5524237129353761,NON,non-HTB,
2025-09-16 15:15:00+05:30,ASTRAL,11,10.0,14,-51.47656461663444,0.940121644295302,15.700525394045535,-10.848928668294933,-62.38133984269084,3.4230624965232304,0.8456037164816043,0.0,0.20194076214654122,NON,non-HTB,
2025-09-17 15:15:00+05:30,ASTRAL,11,9.0,13,-62.28610540725469,0.9280800821355236,12.904354032833691,-23.3260153677284,-85.75740944017564,0.0,0.0,0.0,-0.05819849132349351,NON,non-HTB,
2025-09-18 15:15:00+05:30,ASTRAL,11,8.0,12,-60.15859994531005,0.9215157680569684,11.741412832145171,-0.6836671908108911,-60.846379982223716,6.0420583375254004,0.7145912794613025,0.0,-0.00699856587393678,NON,non-HTB,
2025-09-19 15:15:00+05:30,ASTRAL,11,7.0,11,-38.49061791188335,0.916398243045388,10.961471103327495,-4.125696211236584,-42.63219418276866,4.881301306793614,2.2685447689542073,1.2421047005171069,0.5144567650748922,NON,non-HTB,
2025-09-22 15:15:00+05:30,ASTRAL,11,6.0,8,-61.21739130434751,0.8974121996303143,8.747747747747749,-15.327806033582146,-76.63903016790914,0.0,0.0,0.0,-0.0324791296699057,NON,non-HTB,
2025-09-23 15:15:00+05:30,ASTRAL,11,5.0,7,-60.67368714694064,0.8649615365770004,6.405297532656023,0.6973500697343727,-59.97210599720996,6.613630929697571,0.014445422421736215,0.0,-0.019394504119567026,NON,non-HTB,
2025-09-24 15:15:00+05:30,ASTRAL,11,4.0,6,-42.47615068588634,0.8389077157310545,5.2076219512195125,-2.089427496865542,-44.57445326647229,4.97906437784213,1.4754346347030483,0.7246568326019283,0.4185420966729606,NON,non-HTB,
2025-09-25 15:15:00+05:30,ASTRAL,11,3.0,5,-39.09859955925215,0.571345212980834,1.3328795811518324,-19.230769230769553,-58.40455840455873,0.0,0.0,1.1631562275441807,0.49982525621308727,NON,non-HTB,
2025-09-26 15:15:00+05:30,ASTRAL,11,2.0,4,-41.48471615720557,0.39871681415929205,0.6631098682758113,-29.197080291970803,-70.80291970802952,0.0,0.0,0.8533571158285486,0.4424016706503518,NON,non-HTB,
2025-09-29 15:15:00+05:30,ASTRAL,11,1.0,1,-75.74654042243328,0.23737302149775572,0.31125704727092496,-59.345006960216196,-135.54106527950765,0.0,0.0,0.0,-0.3821333914321924,NON,non-HTB,
2025-09-30 15:15:00+05:30,ASTRAL,11,0.0,0,-60.7302260920462,0.13511492247095777,0.1562229780365481,24.08759124087558,-36.496350364963504,,1.5011006548111854,0.0,-0.020755153869323976,NON,non-HTB,
2025-10-01 15:15:00+05:30,ASTRAL,12,17.0,27,-40.63565778971146,0.9764575849682232,41.47652582159625,-5.082038623492218,-45.73834761144152,5.563158180618853,3.221557461581122,0.96358533965192,0.3054836000066721,MOD,HTB,
2025-10-03 15:15:00+05:30,ASTRAL,12,16.0,25,-40.33419763756776,0.9744,38.0625,-23.82499458522982,-64.25528842682905,2.775687922395366,1.8390279322887664,1.0027243696933628,0.3106280293604627,MOD,HTB,
2025-10-06 15:15:00+05:30,ASTRAL,12,15.0,22,-40.031453284723064,,,-71.27429805615616,-111.59107271418287,0.0,0.0,1.0420313121485163,0.31579437364972784,MOD,HTB,
2025-10-07 15:15:00+05:30,ASTRAL,12,14.0,21,-57.31860757724064,,,-65.43305424611239,-123.12671497924435,0.0,0.0,0.0,0.020788405685037863,MOD,HTB,
2025-10-08 15:15:00+05:30,ASTRAL,12,13.0,20,-37.015945330296454,0.9719800433402207,34.68884892086331,-34.285714285713965,-71.42857142857143,0.003559218558597116,0.8377588840930338,1.4336157880462428,0.36725413550225483,MOD,HTB,
2025-10-09 15:15:00+05:30,ASTRAL,12,12.0,19,-47.642750479983256,0.9707448131747848,33.18197278911565,-47.15296134885982,-95.02036150603669,0.0,0.0,0.05417478557571548,0.1859072876342734,MOD,HTB,
2025-10-10 15:15:00+05:30,ASTRAL,12,11.0,18,-41.95804195804196,0.9719327160793059,34.6286701208981,-48.48570023188877,-90.6471786944002,0.0,0.0,0.7919120739678382,0.28291706216022194,MOD,HTB,
2025-10-13 15:15:00+05:30,ASTRAL,12,10.0,15,-42.80401375342177,0.9705840217754644,32.99512987012987,-1.4036072706843854,-44.213629026598035,5.908479531603367,2.50525500381477,0.6820990067850599,0.26848052019710267,MOD,HTB,
2025-10-14 15:15:00+05:30,ASTRAL,12,9.0,14,-25.380710659897833,0.9686589606240015,30.907046476761618,-24.02826855123739,-49.46996466431096,0.0,1.9614235611081692,2.945634660130067,0.5658098728061639,MOD,HTB,
2025-10-15 15:15:00+05:30,ASTRAL,12,8.0,13,-56.164193593120984,0.962904717853839,25.957605985037407,-29.904722164267017,-86.23687321788626,0.0,0.0,0.0,0.04048852573108837,MOD,HTB,
2025-10-16 15:15:00+05:30,ASTRAL,12,7.0,12,-47.05231109880954,0.9595138000365564,23.69977426636569,12.439530062197337,-34.554250172771255,10.036045713912555,3.1023597626524873,0.13078006925528046,0.19598315889800225,MOD,HTB,
2025-10-17 15:15:00+05:30,ASTRAL,12,6.0,11,-20.79002079002079,0.9401288541187298,15.702536510376634,-29.88809341766841,-50.740251616041945,0.0,1.5132399445160698,3.5426855719062136,0.6441501760031424,MOD,HTB,
2025-10-20 15:15:00+05:30,ASTRAL,12,5.0,8,-41.24278251306021,0.9164042112840817,10.96232508073197,-30.336458907886534,-71.70435741864219,0.0,0.0,0.8847649797408375,0.2951229927224347,MOD,HTB,
2025-10-21 14:30:00+05:30,ASTRAL,12,4.0,7,-44.96713939813213,0.9117592506723546,10.332632685233841,-3.460207612456747,-48.44290657439446,4.639340151761985,1.328412064882082,0.401352200555799,0.2315666959869937,MOD,HTB,
2025-10-23 15:15:00+05:30,ASTRAL,12,3.0,5,6.1664953751290925,0.6433443438719918,1.8038248737070002,3.4246575342465753,9.589041095891034,8.750428179952642,7.311114895669904,7.054094666333774,1.1041641846533614,MOD,HTB,
2025-10-24 15:15:00+05:30,ASTRAL,12,2.0,4,-1.4007564084608874,0.3926561677664872,0.6465137981602453,0.7003291547036657,-0.7003291547020732,6.889072731991589,6.170121502821243,6.067414184368285,0.9750287353205158,MOD,HTB,
2025-10-27 15:15:00+05:30,ASTRAL,12,1.0,1,-8.340283569641684,0.16373066261289457,0.195786997433704,8.33333333333365,0.0,36.67934732307704,6.25,5.16323759560445,0.8566054313596383,MOD,HTB,
2025-10-28 15:15:00+05:30,ASTRAL,12,0.0,0,21.20818225354133,0.06044226044226044,0.06433054393305439,-46.73860746443023,-25.431301120350664,,2.9390565446135732,9.017573842738503,1.360851162874434,MOD,HTB,
2025-10-29 15:15:00+05:30,ASTRAL,13,18.0,27,-57.72495755517827,0.9841607810552555,62.13442622950819,-46.39421436856079,-104.38698232926217,0.0,0.13649064417980902,0.24741988328336878,-0.006044389183757872,EXT,HTB,ASTRAL
2025-10-30 15:15:00+05:30,ASTRAL,13,17.0,26,-56.80262797700489,0.9829275840726223,57.57401812688822,12.303485987696202,-44.42925495557075,7.978283562053205,3.5974164488861544,0.3430580219621788,-0.0020451402427412993,EXT,HTB,ASTRAL
2025-10-31 15:15:00+05:30,ASTRAL,13,16.0,25,-22.003713126590423,0.9811474574543972,52.043243243243246,-46.28350373031256,-68.38905775076051,0.0,2.1038271911718094,3.9578479286891675,0.14884400682295584,EXT,HTB,ASTRAL
2025-11-03 15:15:00+05:30,ASTRAL,13,15.0,22,-37.63187957798627,0.9809456952314095,51.48157894736842,-34.38975050573101,-72.15104517869214,0.5542159827436589,1.6463893595002528,2.3328983391759435,0.08107980451410782,EXT,HTB,ASTRAL
2025-11-04 15:15:00+05:30,ASTRAL,13,14.0,21,-19.795221843004036,0.978397009563571,45.289887640449436,6.8212824010914055,-12.96043656207429,7.436008396817314,5.405804199007716,4.187681680322035,0.15842009181051422,EXT,HTB,ASTRAL
2025-11-06 15:15:00+05:30,ASTRAL,13,13.0,19,-12.048192771084913,0.9750812567713976,39.130434782608695,-31.806615776081422,-43.89312977099294,0.14947841858627062,3.28964178866243,4.994301903846494,0.19201144412652224,EXT,HTB,ASTRAL
2025-11-07 15:15:00+05:30,ASTRAL,13,12.0,18,-24.355851813869723,0.9720996296859941,34.841818181818184,-18.621973929237086,-43.02318114685703,2.477389092690218,3.2934382916100993,3.713120736768924,0.13864506234927276,EXT,HTB,ASTRAL
2025-11-10 15:15:00+05:30,ASTRAL,13,11.0,15,-18.41503683007424,0.9714403546757397,34.014440433213,-36.966220522625584,-55.449330783939104,0.0,2.213379932825812,4.331340797867293,0.1644046157615924,EXT,HTB,ASTRAL
2025-11-11 15:15:00+05:30,ASTRAL,13,10.0,14,-7.66087844739414,0.9710775929093454,33.575268817204304,-59.72641448847333,-67.43304861601696,0.0,1.243786276519296,5.451385684374185,0.21103497170077165,EXT,HTB,ASTRAL
2025-11-12 15:15:00+05:30,ASTRAL,13,9.0,13,-32.5814536340855,0.9701291292848623,32.47743055555556,-44.68500220278123,-77.41204606960761,0.0,0.38612654834278837,2.857743072392651,0.10297860412522784,EXT,HTB,ASTRAL
2025-11-13 15:15:00+05:30,ASTRAL,13,8.0,12,-34.68208092485607,0.9638604994205037,26.67055393586006,-19.305019305019304,-54.05405405405464,0.38371724301603655,2.0634898899362626,2.6394119403088014,0.09387022067218684,EXT,HTB,ASTRAL
2025-11-14 15:15:00+05:30,ASTRAL,13,7.0,11,-25.720503858076178,0.9527850640333282,20.179738562091504,-42.38691304059781,-68.21643817471326,0.0,0.8555525787970787,3.5711624610229475,0.13272788982027595,EXT,HTB,ASTRAL
2025-11-17 15:15:00+05:30,ASTRAL,13,6.0,8,-51.00306018361101,0.9019487566649366,9.198748796920116,-31.380039566136222,-82.54314755440282,0.0,0.0,0.944627478155502,0.0231019610808641,EXT,HTB,ASTRAL
2025-11-18 15:15:00+05:30,ASTRAL,13,5.0,7,-65.63039723661485,0.8773237539290525,7.151537335285505,15.864257138915399,-49.66202234791037,14.528645402341139,1.9448151550571593,0.0,-0.0403226146927661,EXT,HTB,ASTRAL
2025-11-19 15:15:00+05:30,ASTRAL,13,4.0,6,-35.049137516322844,0.8513225634652938,5.725970149253731,-14.452856159669023,-49.552649690296256,0.0,1.849499417386774,2.6012661790009437,0.09227865219226904,EXT,HTB,ASTRAL
2025-11-20 15:15:00+05:30,ASTRAL,13,3.0,5,-23.17339149400125,0.6496136424193978,1.8539923954372624,-28.708133971292177,-51.94805194805132,0.0,1.522010147927204,3.8361421003677947,0.14377224605229735,EXT,HTB,ASTRAL
2025-11-21 15:15:00+05:30,ASTRAL,13,2.0,4,4.828585224529527,0.42569221355361786,0.7412266098421789,-11.048960707134428,-6.215040397763214,0.0,5.668516641190185,6.7536740705767455,0.2651896638475047,EXT,HTB,ASTRAL
2025-11-24 15:15:00+05:30,ASTRAL,13,1.0,1,36.6673456915875,0.28874922887106724,0.40597387109015015,89.50201884252996,125.84118438761807,334.40308741395984,19.089857523509497,10.080908098068056,0.4032434919957177,EXT,HTB,ASTRAL
2025-11-25 15:15:00+05:30,ASTRAL,13,0.0,0,112.49744323992635,0.2006235655826441,0.25097508125677137,-11.604095563140241,101.02389078498263,,16.838925849975684,18.048365657297953,0.732045087969656,EXT,HTB,ASTRAL
2025-11-26 15:15:00+05:30,ASTRAL,14,23.0,34,30.614327505272463,0.9714815420688151,34.06500956022945,-6.126616746086391,24.50646698434247,5.5924910675480675,7.694490118588712,10.246917537709502,0.51478498713373,EXT,HTB,ASTRAL
2025-11-27 15:15:00+05:30,ASTRAL,14,22.0,33,-4.787634224745541,0.9686475857548613,30.89547038327526,33.40149965916899,28.629856850716056,9.950592008030826,7.965554970050473,5.626047032430816,0.2675843763101925,EXT,HTB,ASTRAL
2025-11-28 15:15:00+05:30,ASTRAL,14,21.0,32,4.194044456870607,0.9653624118024374,27.87037037037037,65.27777777777841,69.44444444444444,13.72015489672953,10.489273833956766,6.796838333645081,0.3303005747301699,EXT,HTB,ASTRAL
2025-12-01 15:15:00+05:30,ASTRAL,14,20.0,29,4.219409282699782,0.9629224030037546,25.970464135021096,55.94405594405595,60.1398601398595,13.311004155620266,10.11268797249599,6.800146211402993,0.3304776892213448,EXT,HTB,ASTRAL
2025-12-02 15:15:00+05:30,ASTRAL,14,19.0,28,-17.538936438894346,0.9625513536289898,25.703234880450072,-17.56975191510296,-35.13950383020592,3.961667023623244,3.963672012713558,3.965677001803862,0.17854609870931137,EXT,HTB,ASTRAL
2025-12-03 15:15:00+05:30,ASTRAL,14,18.0,27,-33.91267486222943,0.9608058034549345,24.51398135818908,-38.297872340426174,-72.34042553191522,1.0825837838639087,1.4665075142554904,1.8367196828474577,0.06421350407568624,EXT,HTB,ASTRAL
2025-12-04 15:15:00+05:30,ASTRAL,14,17.0,26,-29.021558872305455,0.9570419565675733,22.278527607361962,-23.548968001108815,-52.63886964953689,2.9479736259652882,2.7013340449513668,2.472311576867031,0.0983666074979966,EXT,HTB,ASTRAL
2025-12-05 15:15:00+05:30,ASTRAL,14,16.0,25,-31.487439249776912,0.9515240743770107,19.628796400449943,-19.890260631001997,-51.440329218106996,3.348906167997223,2.716491759329398,2.1518360373044616,0.0811481510695819,EXT,HTB,ASTRAL
2025-12-08 15:15:00+05:30,ASTRAL,14,15.0,22,-35.414207346712985,0.9492859067636755,18.718384697130713,-46.04115800488252,-81.61841646320228,0.0,0.3160388164556778,1.641660340699469,0.05372878150108981,EXT,HTB,ASTRAL
2025-12-09 15:15:00+05:30,ASTRAL,14,14.0,21,-38.28217442750748,0.9466959360576381,17.760295670538543,-41.23567235113287,-79.67570589879851,0.0,0.3384919577638069,1.2691728925541101,0.03370268182896195,EXT,HTB,ASTRAL
2025-12-10 15:15:00+05:30,ASTRAL,14,13.0,20,-22.9423573272157,0.9423237206201034,16.338150289017342,-17.236426314276525,-40.21832806664686,3.1070600728130024,3.19786478622459,3.2627252958045556,0.14081573353022273,EXT,HTB,ASTRAL
2025-12-11 15:15:00+05:30,ASTRAL,14,12.0,19,-34.58009880028293,0.9408506867523261,15.906367041198502,-49.64539007092199,-84.39716312056802,0.0,0.0,1.7500131437440392,0.05955309552479002,EXT,HTB,ASTRAL
2025-12-12 15:15:00+05:30,ASTRAL,14,11.0,18,-33.91746749575999,0.9400336889387985,15.676029962546817,4.237886707161386,-29.66520695013452,7.109531391651926,3.8996148300991766,1.8360970405292851,0.06418003864387645,EXT,HTB,ASTRAL
2025-12-15 15:15:00+05:30,ASTRAL,14,10.0,15,-19.546247818498813,0.9324894514767933,13.8125,-16.081666899733985,-35.65934834288847,2.3399375618089606,3.228485891838939,3.7044939257836793,0.1645296833779961,EXT,HTB,ASTRAL
2025-12-16 15:15:00+05:30,ASTRAL,14,9.0,14,-12.286689419794913,0.9185323725177402,11.274814314652263,-33.55934525032594,-45.8872679953431,0.0,2.2712995197065586,4.649325420388506,0.21522086496150417,EXT,HTB,ASTRAL
2025-12-17 15:15:00+05:30,ASTRAL,14,8.0,13,-26.63115845539249,0.9105986151440697,10.185509056839475,-13.333333333333973,-40.00000000000032,2.5089037666982796,2.6961274063873857,2.7830526676715697,0.11505801142866298,EXT,HTB,ASTRAL
2025-12-18 15:15:00+05:30,ASTRAL,14,7.0,12,-12.712762200720068,0.9082069874752802,9.894075403949731,-46.11891585071661,-58.8903079324532,0.0,0.8920206145193676,4.593853128853159,0.21224573458587093,EXT,HTB,ASTRAL
2025-12-19 15:15:00+05:30,ASTRAL,14,6.0,11,-4.90883590462865,0.8876697736351531,7.902323376007587,-40.1323664014648,-45.06090262620637,0.0,2.04223485821656,5.610255183990858,0.26673806362479857,EXT,HTB,ASTRAL
2025-12-22 15:15:00+05:30,ASTRAL,14,5.0,8,-48.18935582170067,0.8434371665226892,5.38721194417397,-29.14001421464043,-77.46979388770498,0.0,0.0,0.0,-0.03547600693583432,EXT,HTB,ASTRAL
2025-12-23 15:15:00+05:30,ASTRAL,14,4.0,7,-28.167030490810507,0.8011116481391977,4.027946537059538,-28.954802259886364,-57.20338983050783,0.0,0.3015011723524627,2.583387840495073,0.10433350671907805,EXT,HTB,ASTRAL
2025-12-24 15:15:00+05:30,ASTRAL,14,3.0,6,-1.4329727018703553,0.5932400932400932,1.4584527220630372,8.590450282769314,7.1587085689741565,11.478103165015368,7.018783627645073,6.063215155351344,0.2910089080885489,EXT,HTB,ASTRAL
2025-12-26 15:15:00+05:30,ASTRAL,14,2.0,4,123.54546760522946,0.3990367621067515,0.6639952944636424,-30.25936599423664,93.65994236311239,0.0,16.983430633182877,22.455346433469565,1.1636935073007968,EXT,HTB,ASTRAL
2025-12-29 15:15:00+05:30,ASTRAL,14,1.0,1,123.08812818645369,0.2109004739336493,0.2672672672672673,-8.018077119322902,115.16874407755799,0.0,20.829493592931765,22.39498461084322,1.1605000519624393,EXT,HTB,ASTRAL
2025-12-30 15:15:00+05:30,ASTRAL,14,0.0,0,-65.61002580169621,0.16246443637790642,0.19397914958416307,18.39587932303164,-47.09345106696167,,0.12544230693482192,0.0,-0.15711899081485142,EXT,HTB,ASTRAL
2025-12-31 15:15:00+05:30,ASTRAL,15,17.0,27,26.481534497566887,0.9512005335704757,19.492027334851937,-40.9629895795907,-14.37297879985627,0.7237216005295678,5.296841683707294,9.706636049628623,0.33986766469364726,EXT,HTB,ASTRAL
2026-01-01 15:15:00+05:30,ASTRAL,15,16.0,26,24.263431542461003,0.949338962337518,18.739035087719298,-52.264808362369344,-27.874564459930312,0.0,4.368506994109378,9.416754984405964,0.3112715290341043,EXT,HTB,ASTRAL
2026-01-02 15:15:00+05:30,ASTRAL,15,15.0,25,36.32625085675089,0.9501664879507873,19.066817667044166,-28.18063097120014,8.24798955254688,2.141414289893915,6.818256302845832,10.994008100124411,0.4667873119033994,EXT,HTB,ASTRAL
2026-01-05 15:15:00+05:30,ASTRAL,15,14.0,22,24.104452628054297,0.950325876343139,19.131205673758867,-36.96236559139785,-12.768817204301687,0.1289130634479177,5.318470943812746,9.395980706956719,0.30922194761457816,EXT,HTB,ASTRAL
2026-01-06 15:15:00+05:30,ASTRAL,15,13.0,21,54.28226779252202,0.94938959345739,18.758782201405154,-55.25606469002726,-0.6738544474387402,0.0,6.199806410871226,13.345356408961273,0.6982791346875455,EXT,HTB,ASTRAL
2026-01-07 15:15:00+05:30,ASTRAL,15,12.0,20,25.257560651378895,0.9445640473627557,17.038834951456312,-3.324468085106383,21.941489361701827,5.643385402425537,7.920300535129263,9.546668487060542,0.32408799943115113,EXT,HTB,ASTRAL
2026-01-08 15:15:00+05:30,ASTRAL,15,11.0,19,18.354860639021382,0.9430496749955275,16.559162303664923,37.250253979004405,55.53674229597051,13.419331119089673,10.574980688311104,8.644885753139915,0.2350972943260846,EXT,HTB,ASTRAL
2026-01-09 15:15:00+05:30,ASTRAL,15,10.0,18,-5.5317383487757885,0.9367898576725272,14.820245979186376,-40.963688120531074,-46.51808650975523,0.0,2.5674495963804085,5.529097767568474,-0.0728525343902937,EXT,HTB,ASTRAL
2026-01-12 15:15:00+05:30,ASTRAL,15,9.0,15,13.154250900028323,0.9328115593016255,13.883512544802867,-16.643550624133777,-3.4674063800277395,2.2034358745397027,5.955724660147608,7.965879366723424,0.1680502074150595,EXT,HTB,ASTRAL
2026-01-13 15:15:00+05:30,ASTRAL,15,8.0,14,23.563656525054338,0.9273516986969715,12.764946764946766,-54.35161312800629,-30.65988432861885,0.0,3.5895863702363617,9.325315648598318,0.302249918345179,EXT,HTB,ASTRAL
2026-01-14 15:15:00+05:30,ASTRAL,15,7.0,13,27.247956403269754,0.9255840784539948,12.437984496124031,-20.477815699658702,6.825938566552901,0.5063383153693528,6.85788251077423,9.806813744355296,0.3497484976538461,EXT,HTB,ASTRAL
2026-01-16 15:15:00+05:30,ASTRAL,15,6.0,11,60.8880071150037,0.9151186213070726,10.781147000659196,-11.643835616438668,49.315068493150996,2.388611269129695,10.87680256975373,14.211449152141714,0.7834413754042964,EXT,HTB,ASTRAL
2026-01-19 15:15:00+05:30,ASTRAL,15,5.0,8,28.50983937139218,0.8606402021691061,6.175670570457121,-0.6954102920716903,27.816411682892905,5.932730085752995,9.0742048592239,9.971769080215731,0.36601689333846976,EXT,HTB,ASTRAL
2026-01-20 15:15:00+05:30,ASTRAL,15,4.0,7,35.842293906810035,0.8209096337579618,4.583773270352876,-49.708234277070034,-13.687774656005267,0.0,4.823536675882846,10.930692384699777,0.4605480620245647,EXT,HTB,ASTRAL
2026-01-21 15:15:00+05:30,ASTRAL,15,3.0,6,50.71220821836216,0.6111188132538472,1.5714795008912656,33.447301917645305,83.98989148208845,26.63121252761319,15.304640245476312,12.877517613589845,0.6522533595266932,EXT,HTB,ASTRAL
2026-01-22 15:15:00+05:30,ASTRAL,15,2.0,5,110.43465949313259,0.4165741439801039,0.7140138540001523,16.961130742050113,127.20848056537103,18.64213764836823,20.410286513446334,20.726027382210376,1.422204688721083,EXT,HTB,ASTRAL
2026-01-23 15:15:00+05:30,ASTRAL,15,1.0,4,99.84197672748235,0.18446240561522917,0.2261850427071787,52.161486245087204,151.48267238299425,53.97192701609625,23.660698759740644,19.330523294547,1.2856421397790854,EXT,HTB,ASTRAL
2026-01-27 15:15:00+05:30,ASTRAL,15,0.0,0,-17.894209433827214,0.04151480637813212,0.043312934466163626,20.714285714286362,2.857142857143507,,6.622502196725821,3.9194465337912305,-0.23223147549018153,EXT,HTB,ASTRAL
2026-01-28 15:15:00+05:30,ASTRAL,16,20.0,27,54.002324150660264,0.9823426573426574,55.633663366336634,-50.15114042319444,4.122011541631692,0.0,6.4966958005415,12.063018318039337,0.2432552028603441,EXT,HTB,ASTRAL
2026-01-29 15:15:00+05:30,ASTRAL,16,19.0,26,29.351535836177163,0.9815954586196594,53.33441558441559,-41.1240575736806,-11.651816312543149,0.488653389002168,5.541593805162578,9.405607064579428,0.11164321377795204,EXT,HTB,ASTRAL
2026-01-30 15:15:00+05:30,ASTRAL,16,18.0,25,32.38866396761103,0.9822406033329278,55.30821917808219,-95.36784741144415,-62.67029972752074,0.0,2.385037392473291,9.73266132450812,0.1278586170898717,EXT,HTB,ASTRAL
2026-02-01 15:15:00+05:30,ASTRAL,16,17.0,23,76.60738714090319,0.980981104203853,51.579288025889966,-2.0524047342132756,74.57070534309428,5.924325711808516,11.04303495188146,14.505691202518964,0.36394494574092673,EXT,HTB,ASTRAL
2026-02-02 15:15:00+05:30,ASTRAL,16,16.0,22,37.76953715149018,0.9798217380539738,48.558282208588956,77.00170357751246,114.48040885860276,19.074722525904082,13.754709049016373,10.312347387500786,0.15658741122398695,EXT,HTB,ASTRAL
2026-02-03 15:15:00+05:30,ASTRAL,16,15.0,21,113.628812545685,0.9717256475738781,34.36774193548387,-14.640314101284657,99.15485459506282,3.7072348677994924,12.86311730031009,18.51822115568438,0.5616044840091619,EXT,HTB,ASTRAL
2026-02-04 15:15:00+05:30,ASTRAL,16,14.0,20,37.78337531486026,0.9575280502849086,22.544951590594746,-37.25881570192887,0.6653359946767069,0.0,6.294973280959058,10.313838588267167,0.15666129398112835,EXT,HTB,ASTRAL
2026-02-05 15:15:00+05:30,ASTRAL,16,13.0,19,59.60264900662252,0.954779896845388,21.114058355437667,-39.89361702127659,19.946808510638295,0.0,7.6250671695433025,12.667664217824836,0.27315566220458753,EXT,HTB,ASTRAL
2026-02-06 15:15:00+05:30,ASTRAL,16,12.0,18,104.05969740535392,0.9383554022476911,15.222021660649819,104.32897500169274,207.30302825011793,27.5167284192107,20.954019445366992,17.479644106273362,0.5105144230622077,EXT,HTB,ASTRAL
2026-02-09 15:15:00+05:30,ASTRAL,16,11.0,15,57.97101449275301,0.9374374637948286,14.984006734006734,50.30181086519114,107.9812206572764,18.52099591573062,14.337241608648593,12.491467649641773,0.26444427086544403,EXT,HTB,ASTRAL
2026-02-10 15:15:00+05:30,ASTRAL,16,10.0,14,70.22106631989567,0.9382344646046817,15.190258751902588,-52.287581699346404,18.300653594770946,0.0,7.642887126779736,13.815030422731619,0.32984800833478034,EXT,HTB,ASTRAL
2026-02-11 15:15:00+05:30,ASTRAL,16,9.0,13,82.38993710691766,0.9271950640721405,12.735332464146023,-5.033979360684335,77.39743267052576,4.836969115775645,12.284032857552107,15.131439582348955,0.39481831552068103,EXT,HTB,ASTRAL
2026-02-12 15:15:00+05:30,ASTRAL,16,8.0,12,92.16589861751095,0.9142087282875427,10.65619742007852,24.559193954660522,116.49874055415617,13.72927617483986,15.548188949242542,16.190158163737646,0.4470127412399653,EXT,HTB,ASTRAL
2026-02-13 15:15:00+05:30,ASTRAL,16,7.0,11,144.2216458979074,0.9077122426452944,9.835673426937078,119.37499999999943,261.87500000000057,46.09912096265123,27.774049192590578,21.845349502276846,0.7249413963133622,EXT,HTB,ASTRAL
2026-02-16 15:15:00+05:30,ASTRAL,16,6.0,8,85.41147132169604,0.8592741231896702,6.106013639181649,237.37066342057213,320.75471698113233,115.85644134931263,34.58196167147682,15.458554688456601,0.41095046200679736,EXT,HTB,ASTRAL
2026-02-17 15:15:00+05:30,ASTRAL,16,5.0,7,109.76136153419223,0.8253114265612713,4.724472873726605,111.58536585365826,220.12195121951163,64.76085619877293,26.065118642299524,18.09834914537845,0.5409559386641751,EXT,HTB,ASTRAL
2026-02-18 15:15:00+05:30,ASTRAL,16,4.0,6,122.03431828036949,0.7993712252833622,3.9843298969072163,138.66829566279807,259.01038485033655,91.19688926321207,30.196169288750163,19.43133635208043,0.6064819668252109,EXT,HTB,ASTRAL
2026-02-19 15:15:00+05:30,ASTRAL,16,3.0,5,157.17821782178274,0.6058446455505279,1.5370706974074428,6.184291898577613,163.26530612244954,10.765929621283027,21.656066986503355,23.257557775506335,0.7941172855723855,EXT,HTB,ASTRAL
2026-02-20 15:15:00+05:30,ASTRAL,16,2.0,4,215.3036882989788,0.3339185106556708,0.5013178057002758,-25.75581038817713,190.10241000797203,0.0,24.685630182062443,29.61593525836217,1.1044525449668696,EXT,HTB,ASTRAL
2026-02-23 15:15:00+05:30,ASTRAL,16,1.0,1,87.33891162279335,0.14929455801900374,0.17549500761550177,-20.195838433292256,67.31946144430844,0.0,13.294195387015137,15.667273890477084,0.4212411776069934,EXT,HTB,ASTRAL
2026-02-24 15:15:00+05:30,ASTRAL,16,0.0,0,174.59361830222758,0.06945156330087135,0.07463508675296061,-18.094089264173704,156.81544028950543,,23.217991360245858,25.158689831098652,0.8870991192020681,EXT,HTB,ASTRAL
2026-02-25 15:15:00+05:30,ASTRAL,17,21.0,33,178.41971112999067,0.9795547714181931,47.911167512690355,154.15869980879515,329.82791586997985,23.433680139474674,25.994726816499696,28.909021311045436,0.3080721287039952,EXT,HTB,ASTRAL
2026-02-26 15:15:00+05:30,ASTRAL,17,20.0,32,121.81079934549368,0.9785433665760048,45.605633802816904,178.56079995238377,298.1965359204804,26.801123470494066,24.36435201903326,21.67550076224898,0.1030915460840398,EXT,HTB,ASTRAL
2026-02-27 15:15:00+05:30,ASTRAL,17,19.0,31,116.99507389162561,0.9767113276492083,41.93933054393305,294.0473344489603,407.6021993784368,41.3909270288495,31.565307435722385,21.06205890513818,0.08565382862659235,EXT,HTB,ASTRAL
2026-03-02 15:15:00+05:30,ASTRAL,17,18.0,28,145.1839199658388,0.9753433965927292,39.55708661417323,184.42009460511318,326.92653134542786,30.514917679227928,27.53462190605591,24.657094952648414,0.18772549737149272,EXT,HTB,ASTRAL
2026-03-04 15:15:00+05:30,ASTRAL,17,17.0,26,135.97033374536463,0.972739073993942,35.682539682539684,30.80714725816389,166.358595194085,10.581525046524188,17.383023944119184,23.4809195074802,0.1543631483710089,EXT,HTB,ASTRAL
2026-03-05 15:15:00+05:30,ASTRAL,17,16.0,25,85.60405112129278,0.9572425420315647,22.387732749178532,1.2055455093432517,86.79927667269493,6.426020254598636,12.142598969596415,17.07068406873235,-0.028012905703059327,EXT,HTB,ASTRAL
2026-03-06 15:15:00+05:30,ASTRAL,17,15.0,24,109.93709155316681,0.942221252454724,16.307401812688823,240.22412970910798,347.52026704816376,43.23006159969242,30.608752604762344,20.163531367578887,0.06009691035608695,EXT,HTB,ASTRAL
2026-03-09 15:15:00+05:30,ASTRAL,17,14.0,21,112.5,0.9386601379924326,15.302612481857764,55.31729753247617,167.1949779352358,15.891364507750467,18.558417820454736,20.489732288275146,0.06937718885063565,EXT,HTB,ASTRAL
2026-03-10 15:15:00+05:30,ASTRAL,17,13.0,20,154.69480753087873,0.9317489066572425,13.651779935275082,-16.816816816816544,138.13813813813815,3.18350864002825,16.61161434039247,25.87237689236779,0.22216437303362263,EXT,HTB,ASTRAL
2026-03-11 15:15:00+05:30,ASTRAL,17,12.0,19,216.6545630597929,0.902282102713545,9.233539891556932,497.98734905117834,703.8527889591725,104.38017091347814,61.74905380188913,33.818321901192874,0.4465203337285784,EXT,HTB,ASTRAL
2026-03-12 15:15:00+05:30,ASTRAL,17,11.0,18,211.35265700483092,0.8922149041663583,8.277720562993478,142.85714285714286,351.1904761904762,35.42716205564632,34.013725513817874,33.136420074062215,0.4273221587790291,EXT,HTB,ASTRAL
2026-03-13 15:15:00+05:30,ASTRAL,17,10.0,17,209.60318447568133,0.8707776181530188,6.738597491448118,13.66459627329221,222.9813664596279,9.185875534685858,24.143330424940306,32.911493636468755,0.42098732761908975,EXT,HTB,ASTRAL
2026-03-16 15:15:00+05:30,ASTRAL,17,9.0,14,232.8750154837106,0.8473346766807107,5.550275977921766,21.0135970333751,253.3992583436341,11.734309214253493,28.036689277256954,35.90680379043093,0.505254509733786,EXT,HTB,ASTRAL
2026-03-17 15:15:00+05:30,ASTRAL,17,8.0,13,223.56495468277944,0.8388833573035366,5.206683451590753,-24.227740763173834,199.87886129618414,0.0,23.796372381231496,34.70765317360369,0.47154282676649906,EXT,HTB,ASTRAL
2026-03-18 15:15:00+05:30,ASTRAL,17,7.0,12,240.81878386514148,0.8287474033310251,4.839327516492871,52.10516859316071,291.6691621249329,22.140089280750296,32.60186655858759,36.93087784596838,0.5340188547758261,EXT,HTB,ASTRAL
2026-03-19 15:15:00+05:30,ASTRAL,17,6.0,11,262.9310344827589,0.82355920552802,4.667623539060898,67.2782874617737,328.4403669724773,28.64959411410583,36.723403606900696,39.78588306968486,0.6140872021747773,EXT,HTB,ASTRAL
2026-03-20 15:15:00+05:30,ASTRAL,17,5.0,10,272.76645526753254,0.809020239512571,4.236156949028236,5.538461538462099,278.1538461538465,8.272098478974872,32.65125396726798,41.05785930805867,0.6497012109804976,EXT,HTB,ASTRAL
2026-03-23 15:15:00+05:30,ASTRAL,17,4.0,7,322.7472243738703,0.7965908280436488,3.9161991584852736,68.59414065004196,389.12750817360114,42.140178774892384,46.491335309285645,47.541614472759925,0.8306813225610266,EXT,HTB,ASTRAL
2026-03-24 15:15:00+05:30,ASTRAL,17,3.0,6,327.7147690958091,0.5956325549224334,1.4729982894844018,-19.462581617278605,308.890005022602,0.0,38.970814075945256,48.187857778317785,0.8486687768185831,EXT,HTB,ASTRAL
2026-03-25 15:15:00+05:30,ASTRAL,17,2.0,5,199.2973103949592,0.3740856473261842,0.5976626765757077,-22.46372412118296,177.28128225365683,0.0,25.45238567273159,31.587301746567263,0.38366980981347715,EXT,HTB,ASTRAL
2026-03-27 15:15:00+05:30,ASTRAL,17,1.0,3,205.96941292550486,0.17719036787198997,0.21534795042897997,-6.170554115759596,199.92595335061006,0.0,29.285094754414693,32.44443478271749,0.4078294592555615,EXT,HTB,ASTRAL
2026-03-30 15:15:00+05:30,ASTRAL,17,0.0,0,51.87175801512378,0.022236664964486327,0.02274237964105973,-6.879299562225822,45.02814258911849,,11.930133098982532,12.795678291807594,-0.15015736805082755,EXT,HTB,ASTRAL
2026-04-01 15:15:00+05:30,ASTRAL,18,17.0,27,227.93650793650852,0.9870846981750117,76.42753623188406,-5.081946385465344,222.97039766230552,5.563170643499866,21.214586370347543,36.307022964093434,0.29497394279653405,EXT,HTB,ASTRAL
2026-04-02 15:15:00+05:30,ASTRAL,18,16.0,26,172.35664567451113,0.9862976406533576,71.98013245033113,391.71974522292993,557.3248407643313,62.34746733185336,45.011490975412485,28.913798644431633,0.01563189745600348,EXT,HTB,ASTRAL
2026-04-06 15:15:00+05:30,ASTRAL,18,15.0,22,204.86133983268502,0.9750120365912374,39.01926782273603,103.65058670143475,306.38852672750977,23.536317026428282,28.96616589094392,33.23247571306327,0.17899912039928648,EXT,HTB,ASTRAL
2026-04-07 15:15:00+05:30,ASTRAL,18,14.0,21,196.90122659780502,0.9528704054566124,20.218090452261308,-6.459948320413437,190.5684754521964,5.127561964158844,20.582410055739125,32.17354612442429,0.1389919267561676,EXT,HTB,ASTRAL
2026-04-08 15:15:00+05:30,ASTRAL,18,13.0,20,178.80364109232772,0.9406003735252585,15.835122699386503,6.49772579597141,185.18518518518516,7.436220386254244,20.46380947799098,29.76923025780305,0.04803422472023078,EXT,HTB,ASTRAL
2026-04-09 15:15:00+05:30,ASTRAL,18,12.0,19,184.50658952105462,0.9257939079714841,12.475982532751091,47.98464491362763,231.60588611644303,15.490290213586821,24.447975501907887,30.52640480469732,0.07669700317481859,EXT,HTB,ASTRAL
2026-04-10 15:15:00+05:30,ASTRAL,18,11.0,18,199.2504684572148,0.9112286628733998,10.264897346019028,147.69230769230768,344.00000000000057,36.422079694444186,34.02618990775571,32.485975044884476,0.15079911733382076,EXT,HTB,ASTRAL
2026-04-13 15:15:00+05:30,ASTRAL,18,10.0,15,248.44720496894408,0.8727356206695049,6.8576582486061,92.30769230769232,338.46153846153845,28.815849510967762,35.477329520562115,39.04597952570204,0.39805984166746433,EXT,HTB,ASTRAL
2026-04-15 15:15:00+05:30,ASTRAL,18,9.0,13,259.82256020278834,0.8129390151651598,4.345850182938571,259.25925925925924,512.3456790123457,80.00225607325169,53.07120710014483,40.56750579120229,0.4552318976635414,EXT,HTB,ASTRAL
2026-04-16 15:15:00+05:30,ASTRAL,18,8.0,12,291.13509977101734,0.7758077103168409,3.4604566972988025,307.54597336715284,589.7273303741281,101.26389713112039,61.714636452587754,44.76495330464517,0.6126074018805798,EXT,HTB,ASTRAL
2026-04-17 15:15:00+05:30,ASTRAL,18,7.0,11,327.5929043117954,0.7633777239709443,3.2261447940649783,512.2850122850128,823.0958230958231,180.7441909633873,86.63907953192022,49.66921432670106,0.7958427910047743,EXT,HTB,ASTRAL
2026-04-20 15:15:00+05:30,ASTRAL,18,6.0,8,311.0389610389616,0.7460164594641919,2.9372630127542227,319.94468539820286,621.0321201835451,154.6109906535562,71.25586141710727,47.44011020669333,0.7126433697739968,EXT,HTB,ASTRAL
2026-04-21 15:15:00+05:30,ASTRAL,18,5.0,7,290.73482428115017,0.7289482778481742,2.689332766680833,126.18296529968454,413.2492113564669,72.46404168645017,50.26177712401321,44.71121098340404,0.6105956341379377,EXT,HTB,ASTRAL
2026-04-22 15:15:00+05:30,ASTRAL,18,4.0,6,289.60709759188876,0.7129663419700755,2.483911980440098,89.80719713621777,376.8134145575583,61.12951086074505,47.48387531341529,44.55981055327315,0.6049277273252434,EXT,HTB,ASTRAL
2026-04-23 15:15:00+05:30,ASTRAL,18,3.0,5,317.5911251980977,0.5627179206408668,1.2868533772652389,15.822784810126581,332.9113924050627,17.8097807212032,43.69889333895752,48.32194916355649,0.7455742706998068,EXT,HTB,ASTRAL
2026-04-24 15:15:00+05:30,ASTRAL,18,2.0,4,252.5476295968105,0.41817290607193186,0.7187236731255265,-94.56264775413828,160.37313909654276,0.0,24.690830313766725,39.59423277486404,0.41866840303657143,EXT,HTB,ASTRAL
2026-04-27 15:15:00+05:30,ASTRAL,18,1.0,1,114.44458812879749,0.22238519688593028,0.2859837492745212,-23.33117303953279,91.38042773817179,0.0,17.80420186467705,21.254694543049702,-0.27543166309116485,EXT,HTB,ASTRAL
2026-04-28 15:15:00+05:30,ASTRAL,18,0.0,0,32.278889606197545,0.13628234171932754,0.15778575372722253,-12.92824822236587,19.392372333548806,,8.78038855623497,10.464589602620403,-0.6883930010293858,EXT,HTB,ASTRAL
2026-04-29 15:15:00+05:30,ASTRAL,19,18.0,27,189.42787661589603,0.9703581526861451,32.73608903020668,-43.06189343788044,147.18169548171534,0.44116796951741144,14.979125974068683,26.19412214900821,0.5312900823853004,EXT,HTB,ASTRAL
2026-04-30 15:15:00+05:30,ASTRAL,19,17.0,26,179.82799061766946,0.9663648731059717,28.73082287308229,-11.74168297455939,168.29745596868855,4.602615315927429,16.405960480567487,25.174159745728552,0.13405173166082562,EXT,HTB,ASTRAL
2026-05-04 15:15:00+05:30,ASTRAL,19,16.0,22,150.8828250401284,0.9548333022909294,21.14020618556701,16.025641025641026,166.66666666666666,8.910932261003174,17.012452956981,22.104837394452716,-1.063684349537779,EXT,HTB,ASTRAL
2026-05-05 15:15:00+05:30,ASTRAL,19,15.0,21,155.90345727332087,0.9508437945463742,19.34331150608045,-19.607843137254903,136.60130718954306,2.845306965968883,15.214848925216778,22.6365741007655,-0.8559331670470764,EXT,HTB,ASTRAL
2026-05-06 15:15:00+05:30,ASTRAL,19,14.0,20,161.63522012578647,0.9419473016767649,16.225728155339805,-8.18279096116293,153.5846918864486,4.757251308853876,16.521519523204425,23.243958502833465,-0.6187557648698144,EXT,HTB,ASTRAL
2026-05-07 15:15:00+05:30,ASTRAL,19,13.0,19,86.47352142902257,0.9373891947373332,14.971684053651266,-38.65162843745982,48.15612723355808,0.0,9.51286014508996,15.307169901946763,-3.7289082430834144,EXT,HTB,ASTRAL
2026-05-08 15:15:00+05:30,ASTRAL,19,12.0,18,131.9127346524604,0.9319971021492394,13.705255681818182,-59.97192803368549,72.73191272170531,0.0,11.277200011992427,20.098153290180974,-1.8486569440127085,EXT,HTB,ASTRAL
2026-05-11 15:15:00+05:30,ASTRAL,19,11.0,15,146.5386558868118,0.9269399707174232,12.687374749498998,-39.3151553582755,107.7996195307546,0.0,14.162095305202666,21.644963789549294,-1.2434438373119485,EXT,HTB,ASTRAL
2026-05-12 15:15:00+05:30,ASTRAL,19,10.0,14,115.84770582492649,0.9217177795965529,11.774292742927429,-1.3018290698434256,114.56095814619482,5.910616654409476,14.832879951310888,18.401785270071365,-2.513419583586722,EXT,HTB,ASTRAL
2026-05-13 15:15:00+05:30,ASTRAL,19,9.0,13,193.55668445759056,0.8761619454601525,7.075062255425116,-98.05194805194746,97.4025974025974,0.0,13.692963174269646,26.63310399374188,0.7021380297250921,EXT,HTB,ASTRAL
2026-05-14 15:15:00+05:30,ASTRAL,19,8.0,12,183.17115054378905,0.8622132253711201,6.257590597453477,-46.64536741214028,137.38019169329073,0.0,16.992850099349877,25.52924841404555,0.2723899718758906,EXT,HTB,ASTRAL
2026-05-15 15:15:00+05:30,ASTRAL,19,7.0,11,147.97258343475696,0.8539215686274509,5.845637583892618,-41.16549816684803,107.41622177912167,0.0,14.81935089106224,21.796736892618643,-1.1841086520493993,EXT,HTB,ASTRAL
2026-05-18 15:15:00+05:30,ASTRAL,19,6.0,8,131.07520602167165,0.8481136262760763,5.583869082407949,22.659588242910786,153.4377832448519,16.60016809685663,19.37532552034121,20.009647217137605,-1.8833134484795853,EXT,HTB,ASTRAL
2026-05-19 15:15:00+05:30,ASTRAL,19,5.0,7,105.43108829853676,0.8081632653061225,4.212765957446808,15.927977839334865,121.19113573407203,14.561924096334378,16.846426932652758,17.30332749991641,-2.94445386535581,EXT,HTB,ASTRAL
2026-05-20 15:15:00+05:30,ASTRAL,19,4.0,6,78.07641815794898,0.7831849494420497,3.612225938312895,-15.916955017300724,62.28373702422145,0.0,11.812111201225623,14.424207365477432,-4.076376062480496,EXT,HTB,ASTRAL
2026-05-21 15:15:00+05:30,ASTRAL,19,3.0,5,59.24729010974183,0.601868951761838,1.5117357825401243,-35.8108108108105,23.64864864864865,0.0,8.410494836442345,12.447021988002941,-4.855515707767066,EXT,HTB,ASTRAL
2026-05-22 15:15:00+05:30,ASTRAL,19,2.0,4,37.366318773353655,0.39927596349649297,0.6646578782172002,-46.601941747573115,-9.061488673139747,0.0,5.402321601973143,10.154071834170928,-5.760939060452927,EXT,HTB,ASTRAL
2026-05-25 15:15:00+05:30,ASTRAL,19,1.0,1,87.15155398910548,0.2615168415967678,0.3541270218839201,-54.7680412371134,32.860824742267454,0.0,9.587208688052387,15.378498231138327,-3.7008516040822235,EXT,HTB,ASTRAL
2026-05-26 15:15:00+05:30,ASTRAL,19,0.0,0,35.02961594802879,0.20064648001140847,0.25101094196003804,-0.6369426751586563,34.39490445859931,,9.843079909575229,9.909501816088378,-5.857630622898224,EXT,HTB,ASTRAL
2026-05-27 15:15:00+05:30,ASTRAL,20,22.0,34,124.22360248447204,0.9681717677179099,30.418647166361975,-49.93757802746567,74.90636704119851,0.9023953593396506,10.676409405032224,22.54485503194463,0.6006530064948785,EXT,HTB,ASTRAL
2026-05-29 15:15:00+05:30,ASTRAL,20,21.0,32,156.77701436602067,0.9630414312617702,26.05732484076433,-115.62519744739971,42.96455424274944,0.0,8.869307957653886,26.848900623469707,0.7410431032386331,EXT,HTB,ASTRAL
2026-06-01 15:15:00+05:30,ASTRAL,20,20.0,29,139.92356027725683,0.9591480881803462,23.478658536585368,-89.54248366013101,51.633986928105166,0.0,9.56495247686657,24.61884908676321,0.668360766327304,EXT,HTB,ASTRAL
2026-06-02 15:15:00+05:30,ASTRAL,20,19.0,28,79.26195426195456,0.9556029232643118,21.52400548696845,-86.50065530799505,-6.553079947575361,0.0,5.823019497153576,16.623527724555398,0.4067510534005042,EXT,HTB,ASTRAL
2026-06-03 15:15:00+05:30,ASTRAL,20,18.0,27,87.24311748739821,0.9531643973777105,20.35127860026918,-64.39024390243962,23.414634146340873,0.0,7.805702287659083,17.67266373882551,0.4411706798723709,EXT,HTB,ASTRAL
2026-06-04 15:15:00+05:30,ASTRAL,20,17.0,26,31.428388172662842,0.9497824974411464,18.913375796178343,-58.06077027288563,-26.449906457648776,0.0,4.4645424683869575,10.353366379242294,0.20046364502348166,EXT,HTB,ASTRAL
2026-06-05 15:15:00+05:30,ASTRAL,20,16.0,25,37.33542935743791,0.9476408912188728,18.09887359198999,-24.29415627051901,13.131976362442547,2.7073547231070507,7.154966286966366,11.12604804041217,0.2259383966844576,EXT,HTB,ASTRAL
2026-06-08 15:15:00+05:30,ASTRAL,20,15.0,22,60.10171058714688,0.9464697113430004,17.681012658227846,-60.465116279069164,0.0,0.0,6.25,14.108325940867283,0.32412043781624933,EXT,HTB,ASTRAL
2026-06-09 15:15:00+05:30,ASTRAL,20,14.0,21,88.39204471597498,0.9459074250033935,17.486825595984943,-49.64075767472181,39.19007184846506,0.0,9.174995744699366,17.823761513973597,0.44612555235573265,EXT,HTB,ASTRAL
2026-06-10 15:15:00+05:30,ASTRAL,20,13.0,20,45.804567180032464,0.9419767362764437,16.234466588511136,-22.621423819029214,23.28675981370592,2.1262526483079887,8.022829001723734,12.234669254163583,0.2624624661914133,EXT,HTB,ASTRAL
2026-06-11 15:15:00+05:30,ASTRAL,20,12.0,19,20.748276554446885,0.9407738700277835,15.884439359267734,-2.677913905067039,18.07591885920898,5.735627513741098,7.655038417660773,8.957495816749011,0.1544045127650504,EXT,HTB,ASTRAL
2026-06-12 15:15:00+05:30,ASTRAL,20,11.0,18,8.603573792190302,0.9409336085769461,15.930101465614431,-46.54255319148936,-37.89893617021307,0.0,3.248485927553441,7.37202003626061,0.10202917337140173,EXT,HTB,ASTRAL
2026-06-15 15:15:00+05:30,ASTRAL,20,10.0,15,36.10573823339722,0.9376984406971001,15.050962627406568,-49.24193339380529,-12.958403524685757,0.0,5.150754561086063,10.965158221875623,0.22063522119866893,EXT,HTB,ASTRAL
2026-06-16 15:15:00+05:30,ASTRAL,20,9.0,14,37.22482510750244,0.9367338311962801,14.806236080178174,3.84936164752766,41.059857573619624,7.253776779780097,9.825642949647184,11.111576034580706,0.2254614039377307,EXT,HTB,ASTRAL
2026-06-17 15:15:00+05:30,ASTRAL,20,8.0,13,38.77693725764357,0.9367241257005037,14.803811659192824,-19.74522292993573,19.10828025477707,0.7116149813194403,7.952730329296373,11.314676740857044,0.23215505484315166,EXT,HTB,ASTRAL
2026-06-18 15:15:00+05:30,ASTRAL,20,7.0,12,55.38226494366315,0.9329452350150927,13.913183279742766,-38.341108058022876,17.253498626110584,0.0,7.825741493548058,13.489539483355228,0.3037673199041722,EXT,HTB,ASTRAL
2026-06-19 15:15:00+05:30,ASTRAL,20,6.0,11,18.064516129031965,0.9226730987514189,11.93211009174312,-33.66131538063209,-15.535991714138342,0.0,4.7971188245521015,8.60696822573486,0.14283050672439276,EXT,HTB,ASTRAL
2026-06-22 15:15:00+05:30,ASTRAL,20,5.0,8,30.735736697188667,0.9107474631985136,10.204163330664532,-39.858566377370906,-9.000321440052014,0.0,5.337877817647085,10.26279279047321,0.19747651089433557,EXT,HTB,ASTRAL
2026-06-23 15:15:00+05:30,ASTRAL,20,4.0,7,6.5659881812212735,0.9087273246679046,9.956181533646323,-13.149243918474689,-6.574621959237344,0.0,5.564586144990142,7.106204581566695,0.09324186585081089,EXT,HTB,ASTRAL
2026-06-24 15:15:00+05:30,ASTRAL,20,3.0,6,-56.44585739311001,0.7821055105158031,3.5893771906174172,-21.456436931079025,-78.02340702210664,0.0,0.0,0.0,-0.1785035084396476,EXT,HTB,ASTRAL
2026-06-25 15:15:00+05:30,ASTRAL,20,2.0,5,24.920859432882366,0.5201445979826249,1.0839611178614823,2.693421318428817,27.60756851390418,8.216462399930608,9.30778724461136,9.502666681161493,0.17239922607210373,EXT,HTB,ASTRAL
2026-06-29 15:15:00+05:30,ASTRAL,20,1.0,1,268.86826916051695,0.2804865839006808,0.38982815000347876,9.48905109489018,278.10218978102125,40.901479580670994,41.74844706738882,41.77869590620017,1.2244487186619328,EXT,HTB,ASTRAL
2026-06-30 15:15:00+05:30,ASTRAL,20,0.0,0,-37.735849056603776,0.15918390224763185,0.1893207119525365,47.32216630361267,9.76489145947536,,7.5235452537723875,1.3401206416105156,-0.09781458126985422,EXT,HTB,ASTRAL
2026-07-01 15:15:00+05:30,ASTRAL,21,19.0,27,119.50712589073734,0.9601217270018386,24.07631160572337,94.1176470588232,212.50000000000068,19.033564308677487,20.50426647663704,21.922443567169474,0.14061609142716322,EXT,HTB,ASTRAL
2026-07-02 15:15:00+05:30,ASTRAL,21,18.0,26,107.57474590103122,0.9559070810238526,21.679378531073446,131.78124313639356,237.93835566293285,24.873038794565755,22.527297224228832,20.34910862320169,0.09276610888889054,EXT,HTB,ASTRAL
2026-07-03 15:15:00+05:30,ASTRAL,21,17.0,25,153.0612244897959,0.9546601008887822,21.05562913907285,93.86281588447653,245.48736462093862,20.01869108998821,23.367178191231343,26.356898817341246,0.27517122908096964,EXT,HTB,ASTRAL
2026-07-06 15:15:00+05:30,ASTRAL,21,16.0,22,129.0890421006318,0.9514135771119011,19.581881533101047,181.47774737145198,308.2241106150076,36.63536303421876,29.104411902417382,23.18723601314496,0.17904048988934573,EXT,HTB,ASTRAL
2026-07-07 15:15:00+05:30,ASTRAL,21,15.0,21,113.56045424181664,0.9472741520205978,17.966029723991507,53.15614617940233,166.11295681063123,15.513687422009315,18.72764450011756,21.138112308698815,0.11676937058797004,EXT,HTB,ASTRAL
2026-07-08 15:15:00+05:30,ASTRAL,21,14.0,20,160.30998328521602,0.9337433905255207,14.092833876221498,166.6044079193123,324.2435562196495,36.91143616255877,31.31460454534587,27.316867675907975,0.3042394436437164,EXT,HTB,ASTRAL
2026-07-09 15:15:00+05:30,ASTRAL,21,13.0,19,147.94478761534253,0.9213330547430004,11.711819389110225,22.825838849577725,170.43293007684596,10.639975931384834,19.599837351963785,25.67974331592805,0.25465382892174143,EXT,HTB,ASTRAL
2026-07-10 15:15:00+05:30,ASTRAL,21,12.0,18,153.93857475407373,0.9147765609591529,10.73386114494519,32.18562874251463,185.62874251496973,12.787055887774985,21.117661377053107,26.47305062016049,0.27868948737159227,EXT,HTB,ASTRAL
2026-07-13 15:15:00+05:30,ASTRAL,21,11.0,15,195.634111337715,0.9088947125019269,9.976311336717428,75.7121439280353,269.8650674662669,24.74338572776378,29.47191898188331,32.00506179659007,0.44589256833048846,EXT,HTB,ASTRAL
2026-07-14 15:15:00+05:30,ASTRAL,21,10.0,14,176.52706994608238,0.8968702675416457,8.69652471855115,22.109219544550076,198.24600191613303,12.020570875409518,23.651586992093623,29.46709505043573,0.36927150884894305,EXT,HTB,ASTRAL
2026-07-15 15:15:00+05:30,ASTRAL,21,9.0,13,195.32689614505784,0.8902285224234475,8.109834558823529,16.924208977188776,211.92052980132416,11.00582269889618,25.3188715360984,31.964215639085307,0.44466060608852004,EXT,HTB,ASTRAL
2026-07-16 15:15:00+05:30,ASTRAL,21,8.0,12,197.35887389348457,0.8799939005794449,7.332909783989835,-1.451378809869706,195.93613933236574,5.8085709785930275,24.306653672232066,32.23440339807753,0.4528090307836987,EXT,HTB,ASTRAL
2026-07-17 15:15:00+05:30,ASTRAL,21,7.0,11,201.4356870788163,0.8666304025318959,6.49796069707082,82.81272700857085,282.58027023100294,33.84318018249811,33.07747160742032,32.77665752435398,0.4691574407319414,EXT,HTB,ASTRAL
2026-07-20 15:15:00+05:30,ASTRAL,21,6.0,8,175.9192501802458,0.8511549566891241,5.718396378920143,64.46991404011462,239.25501432664822,35.75962497165595,30.80270338528825,29.38644007489749,0.3668340935800036,EXT,HTB,ASTRAL
2026-07-21 15:15:00+05:30,ASTRAL,21,5.0,7,200.12911555842385,0.8086884241840931,4.227075234392865,119.77321048901553,317.5053153791634,69.08019841752426,39.89831710742492,32.602846779900204,0.4639179642411057,EXT,HTB,ASTRAL
2026-07-22 15:15:00+05:30,ASTRAL,21,4.0,6,221.40221402214056,0.778220178967244,3.5089764945400703,131.65266106442544,350.14005602240894,86.87056996405306,44.512403923420344,35.435654057570474,0.5492251193017007,EXT,HTB,ASTRAL
2026-07-23 15:15:00+05:30,ASTRAL,21,3.0,5,258.21096687238486,0.6246086546296693,1.6638866674283104,50.81515985602403,307.714023572589,43.43963679110009,40.81968537087864,40.35183690298189,0.6968317311141998,EXT,HTB,ASTRAL
2026-07-24 15:15:00+05:30,ASTRAL,21,2.0,4,357.9448792106152,0.3708770193043244,0.5895143408912095,-64.3791521128696,295.8701458804179,0.0,40.5070064910251,53.76624787645954,1.0967742378039718,EXT,HTB,ASTRAL
2026-07-27 15:15:00+05:30,ASTRAL,21,1.0,1,168.69469026548734,0.22111243471089526,0.2838823529411765,65.25173432241225,232.84566247681906,245.1992736099377,35.903021280601195,28.42815512598201,0.33786291883815633,EXT,HTB,ASTRAL
2026-07-28 15:15:00+05:30,ASTRAL,21,0.0,0,150.40650406504096,0.07202726866338846,0.07761787198169447,-27.855153203342,122.97031048305004,,22.379434925079345,26.005505214668563,0.26452554682159596,EXT,HTB,ASTRAL
2026-07-29 15:15:00+05:30,ASTRAL,22,19.0,27,137.99699412488076,0.9825187299322155,56.204081632653065,70.5467372134045,207.5702075702085,15.820672554231693,18.598465701762198,20.74133470128581,0.5247458432245863,EXT,HTB,ASTRAL
2026-07-30 15:15:00+05:30,ASTRAL,22,18.0,26,207.32550103662751,0.9797657699443414,48.421203438395416,163.15431679129844,367.09721278042144,29.34326076551188,28.62897628266614,28.098364952552103,0.8950158910017757,EXT,HTB,ASTRAL
2026-07-31 15:15:00+05:30,ASTRAL,22,17.0,25,157.45276417074876,0.9726549175667993,35.56964656964657,136.66482606294835,291.96576477084454,26.340663813430908,24.2756945055693,22.800716428525433,0.6286553203693329,EXT,HTB,ASTRAL
2026-08-03 15:30:00+05:30,ASTRAL,22,16.0,22,167.92842395044798,0.9712524484387602,33.78557114228457,,,,,23.911245457242714,0.6846037782246917,EXT,HTB,ASTRAL
2026-08-04 15:30:00+05:30,ASTRAL,22,15.0,21,84.99372997074018,0.9703811463485598,32.762278978389,,,,,15.151514300532448,0.24166573628267046,EXT,HTB,ASTRAL
2026-08-05 15:30:00+05:30,ASTRAL,22,14.0,20,77.03081232492998,0.9661390386733925,28.53253424657534,,,,,14.314313346371343,0.19913734459361776,EXT,HTB,ASTRAL
2026-08-06 15:30:00+05:30,ASTRAL,22,13.0,19,128.2758620689649,0.9649633337213362,27.54152823920266,,,,,19.71388025769961,0.47282717093334076,EXT,HTB,ASTRAL
2026-08-07 15:30:00+05:30,ASTRAL,22,12.0,18,80.61713809159869,0.9622344151295821,25.479134466769708,,,,,14.691287353662727,0.21829121177064176,EXT,HTB,ASTRAL
2026-08-10 15:30:00+05:30,ASTRAL,22,11.0,15,70.82349673656468,0.9536733738886289,20.585858585858585,,,,,13.662157784848405,0.1659852814401751,EXT,HTB,ASTRAL
2026-08-11 15:30:00+05:30,ASTRAL,22,10.0,14,65.56221360592143,0.9431339031339031,16.585170340681362,,,,,13.109713829615927,0.13788579332293543,EXT,HTB,ASTRAL
2026-08-12 15:30:00+05:30,ASTRAL,22,9.0,13,96.90721649484475,0.8885583767130564,7.973307912297426,,,,,16.405324363848923,0.3052933466405344,EXT,HTB,ASTRAL
2026-08-13 15:30:00+05:30,ASTRAL,22,8.0,12,132.0754716981132,0.8809200889708675,7.397722095671981,,,,,20.115351444726524,0.49312014566464907,EXT,HTB,ASTRAL
2026-08-14 15:30:00+05:30,ASTRAL,22,7.0,11,85.1472471190778,0.8747701053335563,6.985313751668892,,,,,15.167661309395436,0.2424856414613865,EXT,HTB,ASTRAL
2026-08-17 15:30:00+05:30,ASTRAL,22,6.0,8,74.40957618893562,0.8667287467134093,6.503493629264283,,,,,14.038870201182435,0.18513783310052542,EXT,HTB,ASTRAL
2026-08-18 15:30:00+05:30,ASTRAL,22,5.0,7,54.469090431814905,0.8518198975465084,5.748544395924308,,,,,11.945874578524998,0.07863958378169521,EXT,HTB,ASTRAL
2026-08-19 15:30:00+05:30,ASTRAL,22,4.0,6,66.35441061670599,0.8326901728603902,4.97693522906793,,,,,13.192877192287433,0.1421167632096163,EXT,HTB,ASTRAL
2026-08-20 15:30:00+05:30,ASTRAL,22,3.0,5,113.35504885993544,0.5399565746968172,1.1737078393001037,,,,,18.1388231748,0.39313801468460335,EXT,HTB,ASTRAL
2026-08-21 15:30:00+05:30,ASTRAL,22,2.0,4,151.70339370954062,0.2850444466152193,0.39868834540237735,,,,,22.191725542115073,0.5979490529161736,EXT,HTB,ASTRAL
2026-08-24 15:30:00+05:30,ASTRAL,22,1.0,1,133.9694157626454,0.20352612126660674,0.2555339562300119,,,,,20.315525519378095,0.5032353319062101,EXT,HTB,ASTRAL
2026-08-25 15:30:00+05:30,ASTRAL,22,0.0,0,381.19440914866584,0.10127502516497036,0.11268744944309626,,,,,46.78063762195255,1.823615853432297,EXT,HTB,ASTRAL
2026-09-30 15:30:00+05:30,ASTRAL,24,19.0,27,-47.41064916119621,0.9822620016273393,55.37614678899082,,,,,0.0,0.04880483742726169,NON,non-HTB,
2026-10-01 15:30:00+05:30,ASTRAL,24,18.0,26,-40.92261904761905,0.9809040367416002,51.36708860759494,,,,,0.7291568449554655,0.28659503462394903,NON,non-HTB,
2025-06-02 15:15:00+05:30,BDL,1,18.0,24,-33.76335416246633,0.96777950310559,30.03614457831325,-57.780030410542786,-91.73846933603603,0.0,0.6005282694214492,2.734895247200904,-0.13694406869742598,NON,non-HTB,
2025-06-03 15:15:00+05:30,BDL,1,17.0,23,-37.63171098845961,0.9686956521739131,30.944444444444443,-58.036840777189,-95.88695432752965,0.0,0.24448152003108334,2.3329158547409494,-0.34356534653557136,NON,non-HTB,
2025-06-04 15:15:00+05:30,BDL,1,16.0,22,-53.044986228705966,0.9497958203218833,18.91866028708134,-49.2055356227571,-102.51153254741158,0.0,0.0,0.7327858466872582,-1.1668375442840322,NON,non-HTB,
2025-06-05 15:15:00+05:30,BDL,1,15.0,21,-39.3244265187797,0.9398561778165178,15.626811594202898,-58.316430020283974,-97.8701825557807,0.0,0.0,2.1570664407450146,-0.4339786826427971,NON,non-HTB,
2025-06-06 15:15:00+05:30,BDL,1,14.0,20,-69.14344685242565,0.9355385920271416,14.513157894736842,-28.460543337645536,-97.80077619663695,1.063328119829604,0.0,0.0,-2.0267076790526715,NON,non-HTB,
2025-06-09 15:15:00+05:30,BDL,1,13.0,17,-66.015045289392,0.9249120062573328,12.317708333333334,-52.471834970933784,-118.83327331652815,0.0,0.0,0.0,-1.8596097722097864,NON,non-HTB,
2025-06-10 15:15:00+05:30,BDL,1,12.0,16,-70.9399543957436,0.9154237585541323,10.823651452282158,-33.04524656837824,-104.21962379257754,0.0,0.0,0.0,-2.12266487766268,NON,non-HTB,
2025-06-11 15:15:00+05:30,BDL,1,11.0,15,-64.84263798829646,0.9158471707238433,10.883141762452107,-25.898520084567078,-90.90909090909115,0.0,0.0,0.0,-1.7969877583688239,NON,non-HTB,
2025-06-12 15:15:00+05:30,BDL,1,10.0,14,-68.23027718550082,0.9058097198037043,9.616806722689075,-28.331640562356096,-96.75522531672587,0.0,0.0,0.0,-1.9779323742009547,NON,non-HTB,
2025-06-13 15:15:00+05:30,BDL,1,9.0,13,-64.24772236557911,0.8969086392492409,8.700133868808567,5.789473684210048,-58.421052631578476,7.8759767957973015,1.8204920536513445,0.0,-1.765211417224242,NON,non-HTB,
2025-06-16 15:15:00+05:30,BDL,1,8.0,10,-20.62728090125278,0.8524069028156221,5.775384615384615,-36.095334147247485,-56.79706990816826,0.0,1.6561600698035055,4.101084830125525,0.5646955072510805,NON,non-HTB,
2025-06-17 15:15:00+05:30,BDL,1,7.0,9,-38.82272703425891,0.8409023449094687,5.28544776119403,-26.82798527090957,-65.75486586007365,0.0,0.8131903006258947,2.209182892239056,-0.40718131279163106,NON,non-HTB,
2025-06-18 15:15:00+05:30,BDL,1,6.0,8,-36.66841278156103,0.842306602436951,5.341419586702606,-36.80336487907466,-73.60672975814931,0.0,0.024869464426464233,2.433002274724881,-0.29211251645765546,NON,non-HTB,
2025-06-19 15:15:00+05:30,BDL,1,5.0,7,-57.883277574213224,0.8209829386299975,4.586059743954481,-16.489361702127177,-74.46808510638299,0.0,0.0,0.2310042560966459,-1.4252661188262108,NON,non-HTB,
2025-06-20 15:15:00+05:30,BDL,1,4.0,6,-40.98360655737681,0.7767686424474187,3.4796573875803,-1.0509721492382842,-42.03888596952181,5.61069220335891,2.5153583302314604,1.9847296662667164,-0.5226007811614494,NON,non-HTB,
2025-06-23 15:15:00+05:30,BDL,1,3.0,3,-38.59017236943659,0.6255779739386297,1.6707830479932642,-28.379772961816307,-67.07946336429308,0.0,0.0,2.2333415121308766,-0.39475982631191053,NON,non-HTB,
2025-06-24 15:15:00+05:30,BDL,1,2.0,2,-16.698087799622456,0.48540780827212987,0.9432863849765258,-18.888289260658393,-35.61791689152676,0.0,2.7425832734041435,4.510080249306785,0.7745662446340579,NON,non-HTB,
2025-06-25 15:15:00+05:30,BDL,1,1.0,1,-48.657809851840206,0.2953261427837699,0.41909620991253643,-33.46132748217175,-82.28195282501372,0.0,0.0,1.1879908948012177,-0.9325044592391775,NON,non-HTB,
2025-06-26 15:15:00+05:30,BDL,1,0.0,0,-85.00137098985466,0.21385376580538756,0.272027972027972,18.610761399091853,-66.23241556735404,,0.0,0.0,-2.8737299927955666,NON,non-HTB,
2025-06-27 15:15:00+05:30,BDL,2,24.0,34,-15.392781316348678,0.9755228683061365,39.85446009389671,64.3392047252402,49.045459339731856,13.179318181929094,9.144457470837889,4.244983750227249,0.9313601197491006,NON,non-HTB,
2025-06-30 15:15:00+05:30,BDL,2,23.0,31,-39.82233113799946,0.9749455337690632,38.91304347826087,-60.09244992295863,-100.15408320493066,0.0,0.08484902986854032,1.0691834675862149,0.28886664366829296,NON,non-HTB,
2025-07-01 15:15:00+05:30,BDL,2,22.0,30,-32.579820560372916,0.9743880326382592,38.04424778761062,-61.01865859808325,-93.7972768532522,0.0,0.37475157691299266,2.009891031980858,0.4793435796144201,NON,non-HTB,
2025-07-02 15:15:00+05:30,BDL,2,21.0,29,-42.29607250755333,0.9724022346368715,35.23481781376518,-55.69620253164557,-98.22784810126629,0.0,0.0,0.7480322301999014,0.22380761871479238,NON,non-HTB,
2025-07-03 15:15:00+05:30,BDL,2,20.0,28,-50.67396371744198,0.9703995498030388,32.78326996197718,-45.30414863833082,-96.20768643420764,0.35761803585213775,0.009292732086966377,0.0,0.003470343367306313,NON,non-HTB,
2025-07-04 15:15:00+05:30,BDL,2,19.0,27,-44.9041372351165,0.9678241478177764,30.07920792079208,-55.299071584394966,-100.45152452945149,0.0,0.0,0.40952824295223333,0.155215909702998,NON,non-HTB,
2025-07-07 15:15:00+05:30,BDL,2,18.0,24,-38.08543489449352,0.9615931721194879,25.037037037037038,-25.79979360165119,-63.98348813209541,2.3313342572670694,1.7731582868309754,1.294721740743092,0.3345467529305939,NON,non-HTB,
2025-07-08 15:15:00+05:30,BDL,2,17.0,23,-36.35812755643108,0.9629219143576826,25.970108695652176,-54.325751421608686,-90.88139723801832,0.0,0.0,1.5190535876320341,0.3799746754258366,NON,non-HTB,
2025-07-09 15:15:00+05:30,BDL,2,16.0,22,-65.26104417670682,0.957910447761194,22.75886524822695,-35.26448362720403,-100.75566750629723,0.40959348414880203,0.0,0.0,-0.38016767282885894,NON,non-HTB,
2025-07-10 15:15:00+05:30,BDL,2,15.0,21,-38.650923915920764,0.947311469951723,17.979462875197473,6.878306878306638,-31.746031746031747,7.4459265878046565,3.8889902288431646,1.2212879596218709,0.3196744769486464,NON,non-HTB,
2025-07-11 15:15:00+05:30,BDL,2,14.0,20,-22.586716859371045,0.9353287981859411,14.462833099579242,-40.49676025917927,-63.1749460043199,0.0,1.4611826012904248,3.3089802737657825,0.742160699887446,NON,non-HTB,
2025-07-14 15:15:00+05:30,BDL,2,13.0,17,-36.62402973652464,0.9246635203635728,12.273781902552205,-40.61470911086768,-77.387486278814,0.0,0.0,1.484517365553023,0.37298148819017296,NON,non-HTB,
2025-07-15 15:15:00+05:30,BDL,2,12.0,16,-44.257458201288976,0.9154292541389315,10.824419778002019,-39.495337356006836,-83.92759188151375,0.0,0.0,0.4934533294461634,0.17222347076677977,NON,non-HTB,
2025-07-16 15:15:00+05:30,BDL,2,11.0,15,-51.05721738165168,0.9095270156539303,10.053023255813953,-38.44011142061332,-89.69359331476274,0.0,0.0,0.0,-0.006609170202795168,NON,non-HTB,
2025-07-17 15:15:00+05:30,BDL,2,10.0,14,-38.344874949922996,0.8983196561156702,8.834742505764796,-48.30640059807846,-86.83650583702287,0.0,0.0,1.2610306274839125,0.3277235185990404,NON,non-HTB,
2025-07-18 15:15:00+05:30,BDL,2,9.0,13,-44.079104121992444,0.8895169946332737,8.051165803108809,-37.66816143497731,-81.9133034379674,0.0,0.0,0.5166008191574152,0.17691415615464,NON,non-HTB,
2025-07-21 15:15:00+05:30,BDL,2,8.0,10,-48.68154158215063,0.870354175776126,6.713322091062395,-20.325203252032523,-69.1056910569111,0.0,0.0,0.0,0.05587074504761784,NON,non-HTB,
2025-07-22 15:15:00+05:30,BDL,2,7.0,9,-51.81347150258988,0.8616228070175439,6.22662440570523,-4.076878276063165,-55.911473500290676,4.596936309899892,0.749770702863485,0.0,-0.026498539532531885,NON,non-HTB,
2025-07-23 15:15:00+05:30,BDL,2,6.0,8,-29.756695256432167,0.8490277139794825,5.623732251521298,-34.54332552693262,-64.40281030444964,0.0,0.0,2.3767621097221103,0.5535913493515872,NON,non-HTB,
2025-07-24 15:15:00+05:30,BDL,2,5.0,7,-58.279861070229366,0.8359780401594344,5.096744612563045,-10.607578525546316,-68.94926041605173,0.7218369861859669,0.0,0.0,-0.19656360996306937,NON,non-HTB,
2025-07-25 15:15:00+05:30,BDL,2,4.0,6,-52.55844861958585,0.7900054990376684,3.7620294599018003,28.313253012048467,-24.096385542168676,23.498324930520823,3.666293790716922,0.0,-0.046091325359277,NON,non-HTB,
2025-07-28 15:15:00+05:30,BDL,2,3.0,3,-21.59960503579363,0.6225616752725186,1.6494394831844956,-27.22772277227779,-48.88613861386195,0.0,0.508075040804986,3.43737368923272,0.7681215919808667,NON,non-HTB,
2025-07-29 15:15:00+05:30,BDL,2,2.0,2,-15.37042729787888,0.4087298893489919,0.6912743972445465,-33.92967304133251,-49.352251696483656,0.0,0.26024431258431513,4.247893280881401,0.9319480270636393,NON,non-HTB,
2025-07-30 15:15:00+05:30,BDL,2,1.0,1,-41.98308328702818,0.2588450125542114,0.34924545734524176,-4.941627030699577,-46.945456791648084,0.0,0.35517364458538675,0.7886614011246948,0.23203918801259452,NON,non-HTB,
2025-07-31 15:15:00+05:30,BDL,2,0.0,0,-49.428483163422925,0.22753746482560042,0.2945611657065402,-0.6178942165095715,-50.04943153732025,,0.0,0.0,0.036226294106667035,NON,non-HTB,
2025-08-01 15:15:00+05:30,BDL,3,17.0,27,-54.98721227621425,0.9760409781890285,40.737931034482756,-6.397952655150352,-61.4203454894428,5.385368149705087,2.5250234423038034,0.1847414089754404,-0.017162652417318288,NON,non-HTB,
2025-08-04 15:15:00+05:30,BDL,3,16.0,24,-46.30498717226764,0.9741987829614605,37.757861635220124,-47.78371581263696,-94.30996541967934,0.0,0.23915288730707446,1.1402091134711585,0.22393068586374584,NON,non-HTB,
2025-08-05 15:15:00+05:30,BDL,3,15.0,23,-32.09565764631787,0.9731901471913488,36.299719887955185,-16.389309127583893,-48.53756933938362,3.651216931033184,3.0940435117582967,2.7057105225666387,0.618504041096115,NON,non-HTB,
2025-08-06 15:15:00+05:30,BDL,3,14.0,22,-55.32239603204913,0.9710231516056759,33.51030927835052,-18.474867809134633,-73.89947123654143,3.1876794053052984,1.3637946080728178,0.1478714099176534,-0.026470240007402997,NON,non-HTB,
2025-08-07 15:15:00+05:30,BDL,3,13.0,21,-16.487000634114832,0.9687335191742635,30.983132530120482,-52.26925038245822,-68.84242733299308,0.0,1.6127057341099766,4.427939411965351,1.0519347780445947,NON,non-HTB,
2025-08-08 15:15:00+05:30,BDL,3,12.0,20,-50.0,0.9639087755553916,26.70756646216769,-46.88546550569324,-97.1198928332217,0.0,0.0,0.7334768135478086,0.12132530913556057,NON,non-HTB,
2025-08-11 15:15:00+05:30,BDL,3,11.0,17,-30.87433488799872,0.9606275902901125,24.398496240601503,-50.17495213573584,-81.20419885125737,0.0,0.34603251947356795,2.8403722393946618,0.6524184786275669,NON,non-HTB,
2025-08-12 15:15:00+05:30,BDL,3,10.0,16,-40.32258064516129,0.9481794724770642,18.297372060857537,-20.2020202020202,-60.60606060606061,1.646063018583898,1.749092293007405,1.799045880606591,0.39005381021338675,NON,non-HTB,
2025-08-13 15:15:00+05:30,BDL,3,9.0,15,-52.740629120360786,0.9282404156719561,12.935420743639922,-26.440037771482817,-79.32011331444703,0.0,0.2421621272294637,0.43189585197053804,0.04522184306466506,NON,non-HTB,
2025-08-14 15:15:00+05:30,BDL,3,8.0,14,-42.93200328303526,0.9223419540229885,11.876965772432932,-31.032298923369797,-74.09753008233088,0.0,0.5168318898605264,1.5116243784297594,0.3175937660174301,NON,non-HTB,
2025-08-18 15:15:00+05:30,BDL,3,7.0,10,-37.197768133911964,0.9222705555159381,11.865137614678899,-29.22340359385715,-66.52987626686593,0.0,0.6213993622042384,2.1433346162557947,0.4768255157174378,NON,non-HTB,
2025-08-19 15:15:00+05:30,BDL,3,6.0,9,-39.85088057590979,0.9004405286343612,9.044247787610619,-38.71467286101432,-78.71983481739609,0.0,0.0,1.8510104580621307,0.4031522663121071,NON,non-HTB,
2025-08-20 15:15:00+05:30,BDL,3,5.0,8,-53.48988910632776,0.8863830066216482,7.801500288517023,-26.816665576557714,-80.44999672967464,0.0,0.0,0.3494610113066642,0.024415933393526986,NON,non-HTB,
2025-08-21 15:15:00+05:30,BDL,3,4.0,7,-45.3410435011177,0.8635035134630931,6.32619589977221,-18.433179723502004,-63.85780118499043,0.0,0.4415018622657897,1.2463407982829917,0.25069806344380896,NON,non-HTB,
2025-08-22 15:15:00+05:30,BDL,3,3.0,6,-43.44391785150019,0.703270887295946,2.3700771416971174,-11.202635914333085,-54.69522240527153,0.0,1.1450363238368864,1.4552470070022556,0.30337860910220354,NON,non-HTB,
2025-08-25 15:15:00+05:30,BDL,3,2.0,3,-46.62157725392284,0.4352276108301101,0.770624802444421,-2.62725779967219,-49.26108374384236,3.053922837949783,1.2677349919815437,1.1053542787118578,0.21513941879348397,NON,non-HTB,
2025-08-26 15:15:00+05:30,BDL,3,1.0,2,-41.959935029778336,0.26248194759645144,0.35589901391705714,-51.70068027210823,-93.87755102040785,0.0,0.0,1.6186865827445378,0.344586751963881,NON,non-HTB,
2025-08-28 15:15:00+05:30,BDL,3,0.0,0,-74.33901395609726,0.17905577648618334,0.21810955160849585,21.69349195241364,-52.48425472358292,,0.460104004063408,0.0,-0.5545353204716512,NON,non-HTB,
2025-08-29 15:15:00+05:30,BDL,4,22.0,32,-45.517241379309716,0.9730056893838518,36.044843049327355,-69.44444444444444,-115.27777777777715,0.0,0.0,0.329965447299925,0.5883980201023838,NON,non-HTB,
2025-09-01 15:15:00+05:30,BDL,4,21.0,29,-54.49591280653951,0.9718512307600168,34.52553191489362,-54.794520547945204,-109.58904109589041,0.0,0.0,0.0,0.2648794391880598,NON,non-HTB,
2025-09-02 15:15:00+05:30,BDL,4,20.0,28,-48.6947112133102,0.9703857566765579,32.76753507014028,-44.836956521738514,-93.74999999999969,0.41824660901783883,0.1679740865308199,0.0,0.47390774835946614,NON,non-HTB,
2025-09-03 15:15:00+05:30,BDL,4,19.0,27,-50.85780158676341,0.968533782564226,30.780114722753346,-52.488070892979174,-103.61281526925731,0.0,0.0,0.0,0.39596749476173226,NON,non-HTB,
2025-09-04 15:15:00+05:30,BDL,4,18.0,26,-69.54102920723227,0.9668148148148148,29.133928571428573,-32.79146026651814,-102.56052466336459,1.6541146407112122,0.0,0.0,-0.27722467355200137,NON,non-HTB,
2025-09-05 15:15:00+05:30,BDL,4,17.0,25,-39.74780701754355,0.9672806449714588,29.56294964028777,-60.67291781577464,-100.66188637617145,0.0,0.0,1.0788597219581086,0.796281695602113,NON,non-HTB,
2025-09-08 15:15:00+05:30,BDL,4,16.0,22,-31.03662321539416,0.9633504826868605,26.285488958990538,-57.57491675915776,-88.79023307436309,0.0,0.0,2.2104199821992077,1.1101621894587337,NON,non-HTB,
2025-09-09 15:15:00+05:30,BDL,4,15.0,21,-47.44627407200638,0.9590909090909091,23.444444444444443,-44.15165743920355,-91.80741467516931,0.0,0.0,0.07966569348079877,0.5188913091890176,NON,non-HTB,
2025-09-10 15:15:00+05:30,BDL,4,14.0,20,-40.40002649182004,0.9603074389239638,24.193637621023512,-52.5965379494014,-93.20905459387484,0.0,0.0,0.9941776091395751,0.7727809894594762,NON,non-HTB,
2025-09-11 15:15:00+05:30,BDL,4,13.0,19,-52.41935483870937,0.947996209798785,18.229367631296892,-47.265361242403785,-99.9324780553677,0.0,0.0,0.0,0.33970176589681356,NON,non-HTB,
2025-09-12 15:15:00+05:30,BDL,4,12.0,18,-42.64256619144631,0.9483704782170456,18.36876355748373,-33.84635034165626,-76.63324605658087,0.0,0.19249928492929558,0.7030553174321587,0.6919780257752414,NON,non-HTB,
2025-09-15 15:15:00+05:30,BDL,4,11.0,15,-46.15768463073767,0.9342728427861846,14.214411247803163,-20.00000000000028,-66.24999999999943,1.3881935208288918,0.6449996191774255,0.2468600290068089,0.5653216336305766,NON,non-HTB,
2025-09-16 15:15:00+05:30,BDL,4,10.0,14,-46.65629860031105,0.9250827342234395,12.348057882711348,-12.457178449081285,-59.171597633136095,3.0042568392491003,1.1228605323244343,0.18216237886207326,0.5473556255003286,NON,non-HTB,
2025-09-17 15:15:00+05:30,BDL,4,9.0,13,-44.88716718932519,0.9138750434681813,10.611036339165546,-14.162561576354399,-59.11330049261028,2.276401633351626,1.002967703892936,0.4117305223586498,0.6111007896008137,NON,non-HTB,
2025-09-18 15:15:00+05:30,BDL,4,8.0,12,-14.238841082151641,0.9032472235634958,9.335620711166563,-39.15475450590401,-53.44934742075767,0.0,1.385735087635878,4.395185566176593,1.715418176638932,NON,non-HTB,
2025-09-19 15:15:00+05:30,BDL,4,7.0,11,-45.92774035517453,0.8982466933251307,8.827690447400242,-12.26241569589209,-58.24647455548743,2.183600204093735,0.8145418724307463,0.2766975278490409,0.5736069625149762,NON,non-HTB,
2025-09-22 15:15:00+05:30,BDL,4,6.0,8,-54.8333436017503,0.8812910938433951,7.423967774420946,-19.135802469135243,-74.07407407407408,0.0,0.0,0.0,0.2527211668970925,NON,non-HTB,
2025-09-23 15:15:00+05:30,BDL,4,5.0,7,-46.32527857768789,0.8502670551104637,5.678556951763275,-23.21641463261621,-69.6492438978472,0.0,0.0,0.2251135200014638,0.5592829054816957,NON,non-HTB,
2025-09-24 15:15:00+05:30,BDL,4,4.0,6,-50.47923322683764,0.8191355434326479,4.529002320185615,-6.3938618925831205,-56.905370843990355,2.361643630266451,0.15835703944344637,0.0,0.40960803162454895,NON,non-HTB,
2025-09-25 15:15:00+05:30,BDL,4,3.0,5,-38.05469556243462,0.6442336555202017,1.8108336145798178,23.16602316602258,-14.80051480051451,23.180815474963527,4.614183610816297,1.298713635075692,0.8572877163398189,NON,non-HTB,
2025-09-26 15:15:00+05:30,BDL,4,2.0,4,-54.681248332889076,0.5093263362044379,1.038014415252267,0.6668000266729107,-54.010802160431474,6.858475311132224,0.10597018175633396,0.0,0.2582014482443461,NON,non-HTB,
2025-09-29 15:15:00+05:30,BDL,4,1.0,1,-45.1227604512273,0.3758929073626188,0.6022891131939437,0.0,-45.1227604512273,6.25,0.5835307561080659,0.3811568545404965,0.6026119170118918,NON,non-HTB,
2025-09-30 15:15:00+05:30,BDL,4,0.0,0,-66.2561906036666,0.23504900522331124,0.3072732852539512,5.351170568561568,-60.869565217390694,,0.0,0.0,-0.15886570116157991,NON,non-HTB,
2025-10-01 15:15:00+05:30,BDL,5,17.0,27,-71.06861351595813,0.9707495429616088,33.1875,-18.122977346278024,-89.32038834951427,3.8022592994548585,0.348690530111772,0.0,-0.0006672739776319765,NON,non-HTB,
2025-10-03 15:15:00+05:30,BDL,5,16.0,25,-55.594606684132,0.9688242695372571,31.076233183856502,-31.410256410256995,-87.1794871794866,1.6712897287062136,0.2721492577126262,0.0,0.30033774700691485,NON,non-HTB,
2025-10-06 15:15:00+05:30,BDL,5,15.0,22,-54.22647527910686,,,-73.90745501285348,-128.53470437017995,0.0,0.0,0.0,0.32695104935031394,NON,non-HTB,
2025-10-07 15:15:00+05:30,BDL,5,14.0,21,-51.465798045603194,,,-26.126714565643372,-77.72697583278962,1.714850034671174,0.48251895138111744,0.0,0.3806525707231247,NON,non-HTB,
2025-10-08 15:15:00+05:30,BDL,5,13.0,20,-56.74611122237799,0.9564631638658442,21.969055374592834,-19.397993311037396,-76.2541806020073,2.7132953614571838,0.473501241402316,0.0,0.2779383354346227,NON,non-HTB,
2025-10-09 15:15:00+05:30,BDL,5,12.0,19,-67.4790356394127,0.9513692488100987,19.563120567375886,-15.090873302277949,-82.67174069943006,3.3531490641598256,0.0,0.0,0.06915827126078335,NON,non-HTB,
2025-10-10 15:15:00+05:30,BDL,5,11.0,18,-45.69190600522194,0.9493750436422037,18.753103448275862,-24.209906431983548,-70.01243211411402,1.3467020007649237,0.714022540527466,0.3073000303746659,0.4929680500728495,NON,non-HTB,
2025-10-13 15:15:00+05:30,BDL,5,10.0,15,-59.57897524162585,0.9459188783174762,17.49074074074074,-10.603048376407614,-70.24519549370385,3.671291762020032,0.3081713275538439,0.0,0.2228326150593242,NON,non-HTB,
2025-10-14 15:15:00+05:30,BDL,5,9.0,14,-52.387668748740374,0.9380661470402359,15.146258503401361,-26.262626262626874,-78.78787878787908,0.0,0.0,0.0,0.3627200653702045,NON,non-HTB,
2025-10-15 15:15:00+05:30,BDL,5,8.0,13,-55.72508955817874,0.9317478187447228,13.651546391752577,-43.97654584221839,-99.94669509594883,0.0,0.0,0.0,0.29779955501388944,NON,non-HTB,
2025-10-16 15:15:00+05:30,BDL,5,7.0,12,-60.22501654533361,0.9167789996452643,11.01619778346121,-41.20148856990993,-101.67464114832505,0.0,0.0,0.0,0.21026562589531014,NON,non-HTB,
2025-10-17 15:15:00+05:30,BDL,5,6.0,11,-68.75081074069358,0.8933672747843303,8.377984084880637,-11.688311688311394,-80.5194805194811,2.373870496520558,0.0,0.0,0.04441932063156878,NON,non-HTB,
2025-10-20 15:15:00+05:30,BDL,5,5.0,8,-72.16226758548893,0.8628069694059541,6.289,-24.112088628217954,-96.44835451287035,0.0,0.0,0.0,-0.021941360885224748,NON,non-HTB,
2025-10-21 14:30:00+05:30,BDL,5,4.0,7,-57.754704737184234,0.8557072562201122,5.930355427473583,-6.4935064935064934,-64.28571428571487,3.2278562749885067,0.0,0.0,0.2583188719440987,NON,non-HTB,
2025-10-23 15:15:00+05:30,BDL,5,3.0,5,-55.32503457814721,0.7007058823529412,2.341194968553459,-15.17150395778334,-70.58047493403724,0.0,0.0,0.0,0.3055815444474014,NON,non-HTB,
2025-10-24 15:15:00+05:30,BDL,5,2.0,4,-45.45454545454545,0.466252716547656,0.8735458352722196,-6.49772579597141,-51.98180636777128,0.3227506847405012,0.33618247506807253,0.338101302257688,0.4975852586804049,NON,non-HTB,
2025-10-27 15:15:00+05:30,BDL,5,1.0,1,-57.14656795895808,0.3153088513469441,0.46051252738877774,-13.655872024971623,-70.88047860580109,0.0,0.0,0.0,0.27014853091225594,NON,non-HTB,
2025-10-28 15:15:00+05:30,BDL,5,0.0,0,-69.78734610573382,0.1968810916179337,0.24514563106796117,7.23684210526256,-62.5,,0.0,0.0,0.02425632389154853,NON,non-HTB,
2025-10-29 15:15:00+05:30,BDL,6,18.0,27,-55.14109633473889,0.960860751598316,24.54980079681275,-75.16339869281046,-130.718954248366,0.0,0.0,0.5153675877518776,0.4980140238858545,NON,non-HTB,
2025-10-30 15:15:00+05:30,BDL,6,17.0,26,-49.180327868852466,0.9601241272304112,24.07782101167315,-60.03034500956467,-109.5059040833822,0.0,0.0,1.1337649981946911,0.7539763431547486,NON,non-HTB,
2025-10-31 15:15:00+05:30,BDL,6,16.0,25,-46.571798188874816,0.9591136312765799,23.458029197080293,-77.5699106968261,-124.50296590835106,0.0,0.0,1.4045012022773646,0.8659896365061007,NON,non-HTB,
2025-11-03 15:15:00+05:30,BDL,6,15.0,22,-64.59948320413436,0.9561218335343787,21.790378006872853,-65.01950585175553,-130.03901170351105,0.0,0.0,0.0,0.09185990911218263,NON,non-HTB,
2025-11-04 15:15:00+05:30,BDL,6,14.0,21,-55.22257391069983,0.9462615227039946,17.60864040660737,-29.71968929415799,-85.10638297872279,1.092095730785541,0.7263591933841684,0.506917270943287,0.4945152821664396,NON,non-HTB,
2025-11-06 15:15:00+05:30,BDL,6,13.0,19,-62.48264371008053,0.9344697498952075,14.260127931769723,-51.639916259595886,-114.44521981856309,0.0,0.0,0.0,0.18275945495411872,NON,non-HTB,
2025-11-07 15:15:00+05:30,BDL,6,12.0,18,-66.20233087373379,0.9230554001119194,11.996363636363636,-28.35408022129951,-94.74412171507639,0.5085584454115534,0.0,0.0,0.02303176903370359,NON,non-HTB,
2025-11-10 15:15:00+05:30,BDL,6,11.0,15,-49.35834155972359,0.929347435067271,13.15376782077393,-46.28099173553719,-95.86776859504133,0.0,0.0,1.1152917298530554,0.7463322285682221,NON,non-HTB,
2025-11-11 15:15:00+05:30,BDL,6,10.0,14,-57.7884552951113,0.9281432852861424,12.916583912611719,-39.76531942633578,-97.78357235984355,0.0,0.0,0.24083600244619655,0.38433335614774927,NON,non-HTB,
2025-11-12 15:15:00+05:30,BDL,6,9.0,13,-57.90877740906931,0.9235906087445522,12.087396504139834,-45.09803921568687,-103.26797385620884,0.0,0.0,0.22836029508833608,0.3791665848624216,NON,non-HTB,
2025-11-13 15:15:00+05:30,BDL,6,8.0,12,-62.545263019290275,0.9187642231570237,11.309847198641766,-19.12928759894519,-81.79419525066024,0.43706644829567887,0.0,0.0,0.18007050910626848,NON,non-HTB,
2025-11-14 15:15:00+05:30,BDL,6,7.0,11,-53.76011864302073,0.9239393553318894,12.147403685092128,-45.3134698944752,-99.31719428926132,0.0,0.0,0.6586039025363262,0.5573148094898828,NON,non-HTB,
2025-11-17 15:15:00+05:30,BDL,6,6.0,8,-57.22910508773119,0.9013912147365709,9.141084258654475,-19.53371140516641,-76.87460617517357,0.0,0.0,0.298834694967845,0.40835250354190283,NON,non-HTB,
2025-11-18 15:15:00+05:30,BDL,6,5.0,7,-73.7888995829323,0.8819448823863278,7.4706196581196584,-12.20609019658288,-86.08505717589678,0.0,0.0,0.0,-0.30274430048026246,NON,non-HTB,
2025-11-19 15:15:00+05:30,BDL,6,4.0,6,-60.28391780644295,0.8292784239259435,4.857490441432048,-30.55916775032539,-91.02730819245774,0.0,0.0,0.0,0.2771752983059503,NON,non-HTB,
2025-11-20 15:15:00+05:30,BDL,6,3.0,5,-67.44171109255572,0.7259907078436731,2.64951127069619,0.6422607578671102,-66.7951188182408,6.718865410096847,0.17521120890101188,0.0,-0.03018865666831639,NON,non-HTB,
2025-11-21 15:15:00+05:30,BDL,6,2.0,4,-56.31003643590593,0.5961693223885401,1.4762853726584297,-5.9657961023471495,-62.309425957842315,0.8078342378119219,0.4365696265221389,0.3941393852320112,0.447818378627448,NON,non-HTB,
2025-11-24 15:15:00+05:30,BDL,6,1.0,1,-83.35592301436827,0.3937086092715232,0.6493719279082468,2.710027100271619,-80.62330623306295,16.142939483249698,0.0,0.0,-0.7135633953712506,NON,non-HTB,
2025-11-25 15:15:00+05:30,BDL,6,0.0,0,-74.65753424657596,0.2714993481095176,0.37268236810079464,33.44938221039041,-40.958427196395654,,1.9873447994452855,0.0,-0.340044481551886,NON,non-HTB,
2025-11-26 15:15:00+05:30,BDL,7,23.0,34,-60.10819475055099,0.9678452115812918,30.0995670995671,-72.65388496468184,-133.19878910191696,0.0,0.0,0.0,0.10982623692846302,MOD,HTB,
2025-11-27 15:15:00+05:30,BDL,7,22.0,33,-86.26410086264102,0.9680399000390143,30.289013526888816,0.0,-86.26410086264102,6.25,1.110431880251301,0.0,-0.13169646340051608,MOD,HTB,
2025-11-28 15:15:00+05:30,BDL,7,21.0,32,-49.970412255900506,0.9679593692196758,30.210371819960862,-52.21414408460074,-102.44547257105089,0.30981880363110254,0.049606578292245296,0.0,0.20343815742408178,MOD,HTB,
2025-12-01 15:15:00+05:30,BDL,7,20.0,29,-83.65466309391662,0.9661762271335155,28.56500458855919,-13.743455497381603,-97.5130890052362,4.52140782594762,0.035989160144212634,0.0,-0.107601008494772,MOD,HTB,
2025-12-02 15:15:00+05:30,BDL,7,19.0,28,-54.83744614179456,0.9632573584053731,26.216333845366105,-66.37313530919306,-121.57455477426564,0.0,0.0,0.0,0.15849614082269836,MOD,HTB,
2025-12-03 15:15:00+05:30,BDL,7,18.0,27,-83.97715821296607,0.9571690801550071,22.347619047619048,-10.760642948415555,-94.82816598291687,4.796102593635204,0.0,0.0,-0.11057891687469755,MOD,HTB,
2025-12-04 15:15:00+05:30,BDL,7,17.0,26,-40.20752269779536,0.9568006323341642,22.148486980999298,-26.659730801742043,-66.97444567267023,2.5123639528852055,1.7381158175401548,1.0191711204340945,0.29358832996951806,MOD,HTB,
2025-12-05 15:15:00+05:30,BDL,7,16.0,25,-29.023746701847568,0.9506518211827897,19.264172335600907,-53.05039787798408,-82.22811671087594,0.0,0.6102758118392032,2.4720272029873183,0.39685891699640696,MOD,HTB,
2025-12-08 15:15:00+05:30,BDL,7,15.0,22,-26.73796791443818,0.9387403138525567,15.323949123623391,5.625879043600243,-21.09704641350211,7.183647131612105,4.711537892117697,2.7691663468007297,0.41796571645974634,MOD,HTB,
2025-12-09 15:15:00+05:30,BDL,7,14.0,21,-45.31511433351924,0.9248682036766176,12.309943977591036,-14.661732877191485,-60.04328702087647,3.703517526843228,1.7907618125097695,0.35619502675953085,0.24642501172119585,MOD,HTB,
2025-12-10 15:15:00+05:30,BDL,7,13.0,20,-64.70630526996908,0.9215392052206489,11.745218842253882,28.675890744856257,-35.84486343107032,11.490867985316655,3.529170323655602,0.0,0.06736744906228342,MOD,HTB,
2025-12-11 15:15:00+05:30,BDL,7,12.0,19,-30.959752321980464,0.9077031263734654,9.834603174603174,-44.52611491978199,-75.6237189907401,0.0,0.39918938756824535,2.2204096859624274,0.37898191043342494,MOD,HTB,
2025-12-12 15:15:00+05:30,BDL,7,11.0,18,-43.81625441696145,0.905963107906824,9.634124307395808,-42.583392476933994,-86.58623136976611,0.0,0.0,0.550715230785924,0.26026543051267387,MOD,HTB,
2025-12-15 15:15:00+05:30,BDL,7,10.0,15,-59.693007390561846,0.9045966746491771,9.481814929644646,-51.42857142857176,-111.42857142857078,0.0,0.0,0.0,0.11366006214167892,MOD,HTB,
2025-12-16 15:15:00+05:30,BDL,7,9.0,14,-70.24029574861368,0.8997876857749469,8.978813559322035,-3.698224852071006,-73.96449704142012,5.285998193068366,0.0,0.0,0.016266779168867096,MOD,HTB,
2025-12-17 15:15:00+05:30,BDL,7,8.0,13,-64.22364941443143,0.8809186277289481,7.397619047619048,-7.561436672967864,-71.83364839319471,4.127783491030598,0.0,0.0,0.07182427594717433,MOD,HTB,
2025-12-18 15:15:00+05:30,BDL,7,7.0,12,-58.871749012593064,0.8659414341173542,6.459426359039191,-14.17910447761262,-73.1343283582086,1.9402437573867128,0.0,0.0,0.12124353259247449,MOD,HTB,
2025-12-19 15:15:00+05:30,BDL,7,6.0,11,-32.66787658802178,0.8532004681778647,5.812010825835711,-32.77494537509104,-65.54989075018209,0.0,0.13522186084578627,1.998449626074423,0.36320915213310895,MOD,HTB,
2025-12-22 15:15:00+05:30,BDL,7,5.0,8,-49.07115317209954,0.8096544130016976,4.253602228292892,-11.22885816548466,-60.355112639482826,1.12970767611029,0.1490548877397288,0.0,0.21174188359912643,MOD,HTB,
2025-12-23 15:15:00+05:30,BDL,7,4.0,7,-34.89183531053733,0.7850449784599497,3.6521360275069474,-21.679837750891032,-56.6473179942647,0.0,0.359163277429999,1.7095167311451256,0.34267319693506426,MOD,HTB,
2025-12-24 15:15:00+05:30,BDL,7,3.0,6,5.393743257820621,0.6317984509319942,1.7159038372630606,-22.298803973241125,-16.893033313061693,0.0,4.438013255523768,6.953302649145905,0.714668786705423,MOD,HTB,
2025-12-26 15:15:00+05:30,BDL,7,2.0,4,14.102478006849164,0.4527230828091217,0.8272285356614479,-27.609427609426998,-13.468013468013469,0.0,4.714838260860517,8.089656230862666,0.7950849314958326,MOD,HTB,
2025-12-29 15:15:00+05:30,BDL,7,1.0,1,-21.639166892074964,0.2628994725043484,0.356667052454252,-5.4127198917452946,-27.063599458728014,0.0,2.8483203897308567,3.432227644115217,0.46504786249911056,MOD,HTB,
2025-12-30 15:15:00+05:30,BDL,7,0.0,0,-75.13148009015778,0.19122199264146741,0.23643322506505593,26.56675749318863,-48.365122615803195,,0.0,0.0,-0.028898241875099165,MOD,HTB,
2025-12-31 15:15:00+05:30,BDL,8,17.0,27,-50.23761031907733,0.9300585556278465,13.297674418604652,-54.60750853242321,-105.11945392491529,0.0,0.0,0.0,-0.06167008706684029,MOD,HTB,
2026-01-01 15:15:00+05:30,BDL,8,16.0,26,-32.88369908059923,0.9292750197005516,13.139275766016713,-30.290791599353796,-63.274098007539656,2.0040662647489706,1.9866135888960141,1.9704075327467672,0.36995057595784697,MOD,HTB,
2026-01-02 15:15:00+05:30,BDL,8,15.0,25,-42.652449183606066,0.9285997882477501,13.005560704355885,-56.97050938337802,-99.86595174262796,0.0,0.0,0.7017724698365437,0.12698549803158346,MOD,HTB,
2026-01-05 15:15:00+05:30,BDL,8,14.0,22,-25.871547765345063,0.9251952035694367,12.368126747437092,-70.34455806682703,-96.3980980915779,0.0,0.0,2.881814084873472,0.5443544528895616,MOD,HTB,
2026-01-06 15:15:00+05:30,BDL,8,13.0,21,-16.764459346185497,0.9079954730044604,9.869030390738061,-57.717250324254806,-74.57846952010377,0.0,0.7152780222715247,4.066462758183439,0.7708629032143788,MOD,HTB,
2026-01-07 15:15:00+05:30,BDL,8,12.0,20,-50.64606194403079,0.9032080785876211,9.331440738112136,-0.6493506493500587,-51.29870129870189,6.13149735394031,2.359132567005664,0.0,-0.07182895896339742,MOD,HTB,
2026-01-08 15:15:00+05:30,BDL,8,11.0,19,-26.009493465114765,0.9041246311166015,9.430207587687903,-33.27244258872741,-59.368475991650165,0.0,1.6531014985967831,2.8638784036725804,0.5409235136864161,MOD,HTB,
2026-01-09 15:15:00+05:30,BDL,8,10.0,18,-27.562672266701966,0.9065776930409915,9.704081632653061,-24.9999999999997,-52.63157894736842,1.186881819531621,2.0847502207772464,2.661951335863888,0.5022933711828321,MOD,HTB,
2026-01-12 15:15:00+05:30,BDL,8,9.0,15,-41.69381107491916,0.9051064991807756,9.538129496402878,0.0,-41.69381107491916,6.25,2.7182317145411266,0.826212990188159,0.15082842372056265,MOD,HTB,
2026-01-13 15:15:00+05:30,BDL,8,8.0,14,-15.055311906787685,0.900457119465102,9.04592186429061,-49.33561373503486,-64.46520194711192,0.0,0.6656475168868865,4.2889084271303854,0.8133722453944949,MOD,HTB,
2026-01-14 15:15:00+05:30,BDL,8,7.0,13,-19.710906701708275,0.8922126596335369,8.277527366387638,-42.89013526888816,-62.68558231606731,0.0,0.6868724916250228,3.6830715133695464,0.6975798522824203,MOD,HTB,
2026-01-16 15:15:00+05:30,BDL,8,6.0,11,-37.63121410180264,0.8869102990033223,7.8425381903642775,-6.606328863050803,-44.26240338244068,4.058623736109516,2.1166339192318846,1.35370934831561,0.25187197379074366,MOD,HTB,
2026-01-19 15:15:00+05:30,BDL,8,5.0,8,-35.96882701658623,0.8733787939564113,6.897571277719113,4.660452729694045,-31.291611185086857,8.376827195307742,3.0823318017933268,1.569618832217897,0.29321830811645205,MOD,HTB,
2026-01-20 15:15:00+05:30,BDL,8,4.0,7,-20.646937370956643,0.8383299022130726,5.185435734182252,6.87757909215956,-13.75515818431912,9.837400013733419,4.81651916555487,3.561298953510221,0.674299211248794,MOD,HTB,
2026-01-21 15:15:00+05:30,BDL,8,3.0,6,3.506311360448808,0.7340418679549114,2.759990312424316,-35.186488388458834,-31.667839549612946,0.0,2.8557359020484037,6.707152881617135,1.2750307171547592,MOD,HTB,
2026-01-22 15:15:00+05:30,BDL,8,2.0,5,-32.258064516129345,0.6140828632561759,1.5912298387096775,-14.433981716955866,-46.73860746443023,0.0,1.092470171288095,2.0516986945879023,0.3855111491229852,MOD,HTB,
2026-01-23 15:15:00+05:30,BDL,8,1.0,4,-22.666100014166638,0.4490418967197142,0.8150200424428201,1.416430594901172,-21.24645892351275,7.542584462817908,3.829146597453322,3.298655473829828,0.6240792748413396,MOD,HTB,
2026-01-27 15:15:00+05:30,BDL,8,0.0,0,-44.19063158610374,0.2927652733118971,0.41395771766310524,57.45572529403812,13.518994186832499,,8.013489755651536,0.5021263006817254,0.08872834093912985,MOD,HTB,
2026-01-28 15:15:00+05:30,BDL,9,20.0,27,-51.87246963562782,0.9583588487446417,23.014705882352942,-37.46269604419241,-89.52949393612235,1.1950611786298735,0.9167460409736989,0.6957310787173328,0.011544106551430688,EXT,HTB,BDL
2026-01-29 15:15:00+05:30,BDL,9,19.0,26,-26.77988242978386,0.9497000461467466,18.880733944954127,3.917471924783946,-22.851919561243143,6.800060538812672,4.861427533756643,3.3789434710668274,0.09693381795790362,EXT,HTB,BDL
2026-01-30 15:15:00+05:30,BDL,9,18.0,25,-33.946990468729894,0.9508674101610904,19.353089533417403,37.07317073170761,3.252032520325203,11.672741059562501,6.451217782810416,2.611862432257386,0.07254425294238054,EXT,HTB,BDL
2026-02-01 15:15:00+05:30,BDL,9,17.0,23,-36.05857679004977,0.9410052749651368,15.950668036998973,138.60667634252474,103.04789550072601,28.400141874828165,12.882915425918895,2.3859681222448463,0.06535855522583073,EXT,HTB,BDL
2026-02-02 15:15:00+05:30,BDL,9,16.0,22,-0.7598784194521964,0.9260497752439425,12.522609340252039,97.81790820165538,97.06546275395102,22.558775419153253,12.607493006487708,6.168427915939388,0.18547951533900234,EXT,HTB,BDL
2026-02-03 15:15:00+05:30,BDL,9,15.0,21,45.00381388253311,0.9114446099209531,10.292367399741268,85.45715798230323,130.07638206155974,21.167097746015205,14.938976567441415,11.092195839498608,0.3412126984701166,EXT,HTB,BDL
2026-02-04 15:15:00+05:30,BDL,9,14.0,20,32.507739938080846,0.8971619365609349,8.724025974025974,103.40865568747606,135.5802374569134,25.220334428861346,15.47691140335495,9.745486094233534,0.2986887395384439,EXT,HTB,BDL
2026-02-05 15:15:00+05:30,BDL,9,13.0,19,35.587188612099645,0.8874913022533855,7.888201712654615,57.39896210095892,92.781883944016,17.30841023157861,12.669522818945406,10.077203382473805,0.3091680588453135,EXT,HTB,BDL
2026-02-06 15:15:00+05:30,BDL,9,12.0,18,48.03843074459567,0.8793239200041992,7.286646367986081,154.50102475169408,201.7972568185394,37.823917567166376,20.559486454838876,11.419493513018528,0.35153945576919615,EXT,HTB,BDL
2026-02-09 15:15:00+05:30,BDL,9,11.0,15,54.94930732915339,0.8709410119633332,6.748394863563403,91.25766871165715,145.70552147239263,28.55797694549782,17.183422413074474,12.165236589946526,0.3750570688507081,EXT,HTB,BDL
2026-02-10 15:15:00+05:30,BDL,9,10.0,14,66.7390966940859,0.8455653718967474,5.475231703419623,72.4191063174121,138.67488443759632,25.19939360153607,16.868869224762385,13.438653304914395,0.4151775515716062,EXT,HTB,BDL
2026-02-11 15:15:00+05:30,BDL,9,9.0,13,66.07073455110766,0.837514700117601,5.154402895054282,-34.318695889556906,31.97878480617666,0.0,8.73743820580598,13.36642301845987,0.4129031248639994,EXT,HTB,BDL
2026-02-12 15:15:00+05:30,BDL,9,8.0,12,65.83588055490313,0.8292469777152013,4.856411714529428,-26.71905697446044,39.29273084479371,0.0,9.373934195997672,13.341043364003452,0.4121039201110558,EXT,HTB,BDL
2026-02-13 15:15:00+05:30,BDL,9,7.0,11,77.39307535641548,0.81260782393808,4.336402090072157,105.59406738674762,182.1699177817178,41.47433452431465,21.16224879610844,14.590691648747537,0.45143288689610267,EXT,HTB,BDL
2026-02-16 15:15:00+05:30,BDL,9,6.0,8,72.37156036265418,0.795582196630009,3.891941814823366,-34.31489905035657,38.30500359109372,0.0,9.585279196893845,14.047550063422836,0.4343447439866823,EXT,HTB,BDL
2026-02-17 15:15:00+05:30,BDL,9,5.0,7,76.27522644207778,0.7769419015680232,3.4831369362047946,26.15104207940551,102.226800855853,19.90376130859466,15.397514743048424,14.46975809720067,0.44762886320542855,EXT,HTB,BDL
2026-02-18 15:15:00+05:30,BDL,9,4.0,6,100.62989706560077,0.7378411516279915,2.814481205612333,-29.275808936825538,71.64869029275773,0.0,12.81147722234198,17.107637655995884,0.5305074551530136,EXT,HTB,BDL
2026-02-19 15:15:00+05:30,BDL,9,3.0,5,125.98425196850394,0.6504741629572286,1.8610188261351053,0.0,125.98425196850394,6.25,18.115736576452303,19.860697837695284,0.616787958247249,EXT,HTB,BDL
2026-02-20 15:15:00+05:30,BDL,9,2.0,4,175.31824071956703,0.44993189729102556,0.8179567131327953,-30.58337793409282,145.27104518694088,0.0,20.306011765252848,25.237865402445685,0.7846708085657829,EXT,HTB,BDL
2026-02-23 15:15:00+05:30,BDL,9,1.0,1,204.01732965734612,0.2513490635911544,0.3357359903893718,7.0843828715372394,210.95717884131122,32.11716120704507,28.48518712148436,28.378364354262043,0.8823333932136871,EXT,HTB,BDL
2026-02-24 15:15:00+05:30,BDL,9,0.0,0,-48.50444624090542,0.1263984765532016,0.1446866485013624,44.265593561368206,-4.0241448692152915,,5.81808311154868,1.0554927113192898,0.023005441459877887,EXT,HTB,BDL
2026-02-25 15:15:00+05:30,BDL,10,21.0,33,57.03529108914011,0.9179770232976061,11.19170579029734,7.315112540193584,64.30868167202573,7.0593918566927965,10.048140125392552,13.449129534602609,0.009237955776317525,EXT,HTB,BDL
2026-02-26 15:15:00+05:30,BDL,10,20.0,32,54.81597494126859,0.9168248151298999,11.022816679779702,-34.5748860600353,20.430614490019714,2.313104030142641,7.4737381005081875,13.168230867808173,0.001782175652010964,EXT,HTB,BDL
2026-02-27 15:15:00+05:30,BDL,10,19.0,31,66.60323501427284,0.9162303664921466,10.9375,8.714251762654749,75.25944704111544,7.276480184152271,10.845597909385335,14.660861684634574,0.041381409612717135,EXT,HTB,BDL
2026-03-02 15:15:00+05:30,BDL,10,18.0,28,87.65003158559804,0.9177979355645918,11.165144596651446,32.2707595434861,119.63793781975636,10.463526359274779,13.95722213449207,17.330445641598303,0.11208800439296406,EXT,HTB,BDL
2026-03-04 15:15:00+05:30,BDL,10,17.0,26,113.35515286980159,0.9185153321452713,11.272247360482655,132.33556518314262,244.19062623079955,24.951898490477692,22.656519197438865,20.598592934714475,0.1984442148623296,EXT,HTB,BDL
2026-03-05 15:15:00+05:30,BDL,10,16.0,25,46.76174888940847,0.8989403973509934,8.895150720838794,-47.76820673453335,-0.7830853563031249,0.0,6.197071302903453,12.149334398434691,-0.025275951497527215,EXT,HTB,BDL
2026-03-06 15:15:00+05:30,BDL,10,15.0,24,60.25424351532107,0.8874915023793338,7.888217522658611,-43.54243542435491,16.974169741697082,0.0,7.419969084544076,13.856663524000556,0.020052008358787995,EXT,HTB,BDL
2026-03-09 15:15:00+05:30,BDL,10,14.0,21,33.77617653681604,0.8877308112976903,7.9071633237822345,20.224719101123934,53.932584269663266,9.76880834231923,10.197733820982432,10.508335029669542,-0.06890090882596302,EXT,HTB,BDL
2026-03-10 15:15:00+05:30,BDL,10,13.0,20,96.29203794193636,0.8826971490780431,7.524941995359629,-40.40404040403975,56.277056277055955,0.0,10.453906738286658,18.42824306709635,0.1411207761715653,EXT,HTB,BDL
2026-03-11 15:15:00+05:30,BDL,10,12.0,19,67.05474909733925,0.8757656967840735,7.049306625577812,28.655400440852983,95.51800146950772,11.762755531113292,13.548259542527116,14.718072515522445,0.0428982686368808,EXT,HTB,BDL
2026-03-12 15:15:00+05:30,BDL,10,11.0,18,76.20597810002927,0.8724372116863147,6.839276745354093,-4.441154700221385,71.79866765359027,5.349632437907722,11.845967253268688,15.878175069699719,0.07364177103363082,EXT,HTB,BDL
2026-03-13 15:15:00+05:30,BDL,10,10.0,17,88.9161428790427,0.8660272277227723,6.464203233256351,38.179596823457544,126.75626145387837,14.463072609701666,16.372122302281923,17.491220397932445,0.11634149816665565,EXT,HTB,BDL
2026-03-16 15:15:00+05:30,BDL,10,9.0,14,113.71602149700239,0.8522675367047309,5.768992932862191,-14.039466500274411,99.83620622416313,2.5922775427866545,14.767055290816419,20.644534203658267,0.19965655098701826,EXT,HTB,BDL
2026-03-17 15:15:00+05:30,BDL,10,8.0,13,116.11811750230802,0.8376577159495309,5.159824631327222,-21.578298397042094,94.79038224414269,0.1980049996944351,14.527026998685116,20.950381687887788,0.20772637901499455,EXT,HTB,BDL
2026-03-18 15:15:00+05:30,BDL,10,7.0,12,126.6110689916607,0.8171439754713289,4.468783446307528,-22.796352583586625,104.10334346504594,0.0,15.566314226184952,22.287271504947746,0.24297739056405204,EXT,HTB,BDL
2026-03-19 15:15:00+05:30,BDL,10,6.0,11,151.75718849840254,0.7920865077414598,3.809692671394799,66.64550936210799,217.3913043478268,28.438211376569523,26.305752380882495,25.496888623897696,0.32745563770410635,EXT,HTB,BDL
2026-03-20 15:15:00+05:30,BDL,10,5.0,10,186.84126477163917,0.767748231275921,3.305672268907563,0.0,186.84126477163917,6.25,23.90184912427894,29.98869364989237,0.4453203947413253,EXT,HTB,BDL
2026-03-23 15:15:00+05:30,BDL,10,4.0,7,189.400521285838,0.7382314934465571,2.8201692524682653,43.25259515570934,231.83391003460167,28.85205409015219,30.032135531502156,30.316982775966082,0.45391820261555094,EXT,HTB,BDL
2026-03-24 15:15:00+05:30,BDL,10,3.0,6,122.1477648655534,0.6799643281807373,2.1246516812186513,-33.1914893617029,89.36170212765958,0.0,15.611037421886357,21.718435656536016,0.22798294544000708,EXT,HTB,BDL
2026-03-25 15:15:00+05:30,BDL,10,2.0,5,131.91273465245993,0.48636926889714993,0.9469240048250904,-30.534351145037395,101.78117048346057,0.0,17.232493857492486,22.96328845366655,0.2607883065515808,EXT,HTB,BDL
2026-03-27 15:15:00+05:30,BDL,10,1.0,3,268.3269028411096,0.27331152138350084,0.37610548319665543,-56.437389770723904,213.40388007054713,0.0,30.854862607819534,40.48355030534967,0.7190709378162581,EXT,HTB,BDL
2026-03-30 15:15:00+05:30,BDL,10,0.0,0,-53.211009174311506,0.13119492421572082,0.15100616682895163,18.315018315018314,-34.79853479853438,,1.8777873386044122,0.0,-0.36113387027960775,EXT,HTB,BDL
2026-04-01 15:15:00+05:30,BDL,11,17.0,27,77.27721144360481,0.9329702891006647,13.918757467144564,-36.30363036303705,41.25412541254125,1.3511738944751397,8.993436580146913,16.36276131275903,0.2487307293439012,EXT,HTB,BDL
2026-04-02 15:15:00+05:30,BDL,11,16.0,26,62.711864406780435,0.929037111334002,13.091872791519435,21.985455775409346,84.55944529003891,9.339817551392086,11.989894597526677,14.450680426080243,0.0779516422751539,EXT,HTB,BDL
2026-04-06 15:15:00+05:30,BDL,11,15.0,22,77.39938080495355,0.9178586723768737,11.174139728884255,-28.597107606830622,49.02361304028106,1.512250946150296,9.837524625516405,16.378811087875366,0.25016316840259034,EXT,HTB,BDL
2026-04-07 15:15:00+05:30,BDL,11,14.0,21,88.78844135927032,0.9097449908925319,10.079717457114027,-39.70826580226978,49.43273905996685,0.0,9.941365896094096,17.87589651306261,0.38370021074833605,EXT,HTB,BDL
2026-04-08 15:15:00+05:30,BDL,11,13.0,20,96.63703131039813,0.8876614699331848,7.901665344964314,-9.285769558152484,87.4409966725989,4.556133376737992,12.92840015950032,18.90859071861641,0.4757251397281805,EXT,HTB,BDL
2026-04-09 15:15:00+05:30,BDL,11,12.0,19,69.41824492567756,0.873071837814015,6.878472222222222,12.058180721984598,81.39271987339048,8.56783770711368,12.596788289938715,15.330719042570024,0.1565841348383101,EXT,HTB,BDL
2026-04-10 15:15:00+05:30,BDL,11,11.0,18,49.18765836935392,0.8653931193066242,6.42904073587385,23.79182156133863,72.86245353159818,11.080200950613452,12.052642796162285,12.677783982586563,-0.08062003847931334,EXT,HTB,BDL
2026-04-13 15:15:00+05:30,BDL,11,10.0,15,67.21433905899926,0.8576307747618191,6.023989898989899,-28.460155781904994,38.94547633313395,0.0,9.562291077015042,15.041447976825644,0.13074327907667238,EXT,HTB,BDL
2026-04-15 15:15:00+05:30,BDL,11,9.0,13,69.98673935464859,0.8467571378216425,5.52558941920644,-2.947678703022041,67.05969049373552,5.4225044715540935,12.240055141671913,15.405346524226458,0.16324974735944572,EXT,HTB,BDL
2026-04-16 15:15:00+05:30,BDL,11,8.0,12,95.30791788856305,0.8207627843338464,4.5791984732824424,3.6643459142543056,98.93733968486625,7.364776140998178,15.322989496727265,18.733652363468277,0.46014124898957015,EXT,HTB,BDL
2026-04-17 15:15:00+05:30,BDL,11,7.0,11,83.27299058653149,0.8068181818181818,4.176470588235294,-50.946142649199416,32.751091703056765,0.0,9.320196638189923,17.150678991957612,0.31903140159744076,EXT,HTB,BDL
2026-04-20 15:15:00+05:30,BDL,11,6.0,8,131.2910284463895,0.7887436649773273,3.7335858585858586,-21.929824561403507,109.64912280701753,0.0,17.428601539648096,23.478066992525452,0.8820441913240774,EXT,HTB,BDL
2026-04-21 15:15:00+05:30,BDL,11,5.0,7,94.75218658892129,0.7649086521889004,3.2536656891495603,-14.598540145985401,80.2919708029197,0.0,14.65710201407085,18.66051378271673,0.4536252845042474,EXT,HTB,BDL
2026-04-22 15:15:00+05:30,BDL,11,4.0,6,99.69657563935814,0.7279137287432601,2.6753048780487805,-34.07031533164223,65.9659296846677,0.0,13.355097136212269,19.311378215058173,0.5115983795504205,EXT,HTB,BDL
2026-04-23 15:15:00+05:30,BDL,11,3.0,5,89.76157082748915,0.5818589198794716,1.3915373244641538,0.0,89.76157082748915,6.25,16.223000616898887,18.003893584202256,0.39511018002417564,EXT,HTB,BDL
2026-04-24 15:15:00+05:30,BDL,11,2.0,4,82.31925554760201,0.4162540939904029,0.7130741127348643,21.42857142857143,103.57142857142857,25.82455166079174,18.125219451923922,17.025314850657015,0.3078488325283989,EXT,HTB,BDL
2026-04-27 15:15:00+05:30,BDL,11,1.0,1,45.773136890288164,0.31043046357615894,0.45018007202881155,-58.99280575539601,-12.949640287769457,0.0,4.621185881398447,12.230553244658335,-0.12065539496599377,EXT,HTB,BDL
2026-04-28 15:15:00+05:30,BDL,11,0.0,0,-75.74674860654501,0.23459329733436188,0.306494960806271,13.558838221650351,-62.085206593877444,,0.0,0.0,-1.5454793317647268,EXT,HTB,BDL
2026-04-29 15:15:00+05:30,BDL,12,18.0,27,54.95300072306514,0.9455422580944429,17.362862010221466,111.5401115401109,165.88016588016458,21.413294503066545,16.097428242211542,11.996617126694748,0.6685890497611773,EXT,HTB,BDL
2026-04-30 15:15:00+05:30,BDL,12,17.0,26,36.44049267546097,0.9351630867143994,14.423312883435583,6.55498907501887,42.97159504734225,7.170521353489242,8.826791595014678,10.057163774433697,0.5132888532570786,EXT,HTB,BDL
2026-05-04 15:15:00+05:30,BDL,12,16.0,22,85.395860471848,0.9343404423380727,14.230075187969925,-34.85838779956394,50.835148874364556,0.4767330727070578,9.51353537871357,15.193811113917704,0.9239721717549877,EXT,HTB,BDL
2026-05-05 15:15:00+05:30,BDL,12,15.0,21,58.43785632839256,0.9294323683939425,13.170802919708029,-22.857142857143185,35.714285714285715,2.2817443080118056,8.581972842817228,12.362109963700608,0.6978232712347933,EXT,HTB,BDL
2026-05-06 15:15:00+05:30,BDL,12,14.0,20,42.704626334519574,0.9211003627569528,11.67432950191571,-24.257990867580556,18.550228310501637,1.8282776060625476,7.482203842864942,10.713018835323496,0.5658382531373201,EXT,HTB,BDL
2026-05-07 15:15:00+05:30,BDL,12,13.0,19,36.43724696356337,0.9271444281524927,12.725786163522013,-60.41680809177986,-23.75941891249746,0.0,4.6459440953278754,10.056824055151365,0.5132616251962346,EXT,HTB,BDL
2026-05-08 15:15:00+05:30,BDL,12,12.0,18,-3.4458993797381114,0.9180947359170402,11.209227467811159,-26.257600884466243,-29.712548369264475,0.9325202048198505,4.2067924056344905,5.890703823196372,0.17868456797691135,EXT,HTB,BDL
2026-05-11 15:15:00+05:30,BDL,12,11.0,15,-12.803186570879538,0.9102663563485907,10.144092219020173,-20.6699928724169,-33.49964362081287,1.2254927737245,3.80861301603506,4.915664548453833,0.10018690921599505,EXT,HTB,BDL
2026-05-12 15:15:00+05:30,BDL,12,10.0,14,-22.371364653243848,0.8917075831969449,8.23425692695214,20.836433993153403,-1.4883167137970343,11.68802342568159,6.139143840976391,3.919592007094365,0.01992010082048469,EXT,HTB,BDL
2026-05-13 15:15:00+05:30,BDL,12,9.0,13,22.869789745480702,0.8680207669186629,6.5769496204278814,17.674350099418888,40.503718977833415,11.216804227696567,9.336224704003353,8.637723738060224,0.3994451306072222,EXT,HTB,BDL
2026-05-14 15:15:00+05:30,BDL,12,8.0,12,16.935424490096125,0.8573285064513134,6.00910865322056,-16.964154005015153,0.0,1.0944415724799337,6.25,8.017620032292685,0.3496621358925978,EXT,HTB,BDL
2026-05-15 15:15:00+05:30,BDL,12,7.0,11,36.33610900832668,0.8446314621289189,5.436309523809523,23.41212899327777,59.66316743448277,14.027678232143598,10.998321756842795,10.046238293176843,0.512413185628679,EXT,HTB,BDL
2026-05-18 15:15:00+05:30,BDL,12,6.0,8,24.49854539886729,0.8267507771073322,4.7720316622691294,43.44843356963218,67.84053662626793,26.116537634076987,12.028179153909162,8.807982929870795,0.41310865325783536,EXT,HTB,BDL
2026-05-19 15:15:00+05:30,BDL,12,5.0,7,27.51241880015215,0.8008042895442359,4.020188425302826,18.308032649325582,45.77008162331223,15.805080717864605,10.23676875828633,9.123106366370681,0.438391836403762,EXT,HTB,BDL
2026-05-20 15:15:00+05:30,BDL,12,4.0,6,47.47683589861433,0.7616634632185917,3.1957478005865103,16.818286063755203,64.21527406161505,16.489737179236585,11.985159631519684,11.212946337625377,0.6058720011933307,EXT,HTB,BDL
2026-05-21 15:15:00+05:30,BDL,12,3.0,5,23.791250959323936,0.6523925104022191,1.8768079800498754,-23.07692307692308,0.7692307692300697,0.0,6.320195007534811,8.734043698480436,0.4071752073322546,EXT,HTB,BDL
2026-05-22 15:15:00+05:30,BDL,12,2.0,4,71.48832610845,0.42876515634971285,0.7505934925289764,-25.92451391536478,45.74914220358368,0.0,10.541474554427865,13.731986865990681,0.8073027926536113,EXT,HTB,BDL
2026-05-25 15:15:00+05:30,BDL,12,1.0,1,109.89838163342047,0.2552755765292494,0.34277857484457197,-7.532956685499058,102.44821092278652,0.0,16.69068353037735,17.774272804324234,1.1295221891514962,EXT,HTB,BDL
2026-05-26 15:15:00+05:30,BDL,12,0.0,0,-15.877816422199732,0.13792776566499193,0.15999560149549152,56.386737839260206,40.59845124426632,,10.492456183421705,4.595483731075049,0.0743940442589862,EXT,HTB,BDL
2026-05-27 15:15:00+05:30,BDL,13,22.0,34,8.634222919936493,0.9522145884205412,19.926888917492597,113.30125717833238,121.83765326711018,18.48265355570045,13.466753995606256,7.376018815491787,-0.02763341292413406,EXT,HTB,BDL
2026-05-29 15:15:00+05:30,BDL,13,21.0,32,55.021834061134975,0.9231408823987943,12.010818120351589,576.1316872427984,627.9835390946498,73.93404850625845,45.70456304117109,13.442293938214117,0.11170206561143065,EXT,HTB,BDL
2026-06-01 15:15:00+05:30,BDL,13,20.0,29,165.22423288749096,0.9140017736034668,10.628146787458773,491.271820448877,648.3790523690773,69.652967454185,49.17617804859262,27.96807473565775,0.44271941266770215,EXT,HTB,BDL
2026-06-02 15:15:00+05:30,BDL,13,19.0,28,139.7712833545108,0.9175624091905562,11.130388457269701,215.4993783671778,352.25859925404063,34.64899256044416,29.62385486143161,24.598717162419025,0.3662658334453482,EXT,HTB,BDL
2026-06-03 15:15:00+05:30,BDL,13,18.0,27,139.7712833545108,0.9121823326324533,10.387230268992019,369.55457660303443,504.1605482134113,57.15481222967868,40.58080019543746,24.598717162419025,0.3662658334453482,EXT,HTB,BDL
2026-06-04 15:15:00+05:30,BDL,13,17.0,26,159.9664991624783,0.9008860796028516,9.089400116482237,172.8395061728395,330.0411522633737,30.726144481026996,28.934776497054592,27.27136336908017,0.4269266432931961,EXT,HTB,BDL
2026-06-05 15:15:00+05:30,BDL,13,16.0,25,88.47341624238301,0.8983232199400087,8.83508721863518,77.8467908902699,165.63146997929607,17.660101306076758,17.752217189707526,17.83446351437787,0.2121813120379915,EXT,HTB,BDL
2026-06-08 15:15:00+05:30,BDL,13,15.0,22,87.01586759938617,0.8786081511394161,7.237785398165245,91.29332206255245,177.5147928994083,21.465953984823276,19.324976393567063,17.642779714722863,0.20780324141386192,EXT,HTB,BDL
2026-06-09 15:15:00+05:30,BDL,13,14.0,21,112.17282924802659,0.8748071851520127,6.987678855325914,12.448132780082986,124.48132780082987,8.414951790926116,15.580785375511825,20.955160563951104,0.2833677553773977,EXT,HTB,BDL
2026-06-10 15:15:00+05:30,BDL,13,13.0,20,102.82776349614394,0.8686075511766304,6.6107874459688025,156.0522986081822,257.275411218895,34.9540986245002,26.06971485539932,19.723726448898756,0.25529777771630524,EXT,HTB,BDL
2026-06-11 15:15:00+05:30,BDL,13,12.0,19,126.08695652173914,0.8546202076266831,5.878535067873303,69.08462867012089,194.30051813471502,19.5675759111071,21.487815434839323,22.790835111657685,0.32516192270768374,EXT,HTB,BDL
2026-06-12 15:15:00+05:30,BDL,13,11.0,18,121.68512923799933,0.851520919798482,5.734955514559933,92.29234222998367,212.8544109087897,25.051732940372283,23.321877516999287,22.209827601973863,0.3119400581640692,EXT,HTB,BDL
2026-06-15 15:15:00+05:30,BDL,13,10.0,15,139.43065814590574,0.8392862641780576,5.222243511954185,58.580858085807826,197.19471947194793,20.54659180340386,23.155862174957257,24.553685588289497,0.3652426900828284,EXT,HTB,BDL
2026-06-16 15:15:00+05:30,BDL,13,9.0,14,105.433901054339,0.8343109304451022,5.035401144362574,16.194331983805668,121.45748987854252,10.475516090518813,16.869858659983322,20.06702994471557,0.26312588989684627,EXT,HTB,BDL
2026-06-17 15:15:00+05:30,BDL,13,8.0,13,116.41177813284604,0.8205272289224329,4.571875856130876,-17.5304878048777,99.08536585365854,1.3322876605096303,15.11500679074073,21.514126386919422,0.29610037852447657,EXT,HTB,BDL
2026-06-18 15:15:00+05:30,BDL,13,7.0,12,106.06638687523916,0.8071904453809432,4.186464965264552,-3.053202045646065,103.04556904053126,5.321459454998313,15.70168998209078,20.150360207987518,0.2650257013411958,EXT,HTB,BDL
2026-06-19 15:15:00+05:30,BDL,13,6.0,11,109.09884355225833,0.7899901128985626,3.761680575148291,-21.13702623906772,88.19241982507222,0.0,14.540517974063583,20.549961615786856,0.274134357549956,EXT,HTB,BDL
2026-06-22 15:15:00+05:30,BDL,13,5.0,8,100.20609764764346,0.751471076170936,3.0236765387025586,45.2776795189253,145.03006720905552,26.954850111172757,21.06210895597598,19.37846862591988,0.24742302287175724,EXT,HTB,BDL
2026-06-23 15:15:00+05:30,BDL,13,4.0,7,149.87750396310673,0.7048973506136025,2.388651379712398,-20.21660649819462,129.9638989169675,0.0,19.89222112166739,25.935495127311142,0.39662210853781715,EXT,HTB,BDL
2026-06-24 15:15:00+05:30,BDL,13,3.0,6,319.0796613848485,0.5190910318746623,1.0793956159689944,-0.7235890014465198,318.3791606367583,5.809832615609093,40.984863907047405,48.52237061235583,0.9048583163012683,EXT,HTB,BDL
2026-06-25 15:15:00+05:30,BDL,13,2.0,5,347.22222222222223,0.34428838607943085,0.5250606802903706,-51.43277002204262,297.5753122703894,0.0,39.66328449609666,52.31738840192046,0.9893907396148091,EXT,HTB,BDL
2026-06-29 15:15:00+05:30,BDL,13,1.0,1,263.85809312638617,0.2821997303715261,0.3931451997330537,-69.2118776512611,196.4724268810009,0.0,31.224578312543805,41.10771109384785,0.7389880882492875,EXT,HTB,BDL
2026-06-30 15:15:00+05:30,BDL,14,20.0,28,49.847481586190156,0.9544594901278463,20.95847176079734,251.6681172033656,300.26109660574315,39.476616862310024,26.120420773810142,12.764224685310294,-0.1924099490265791,EXT,HTB,BDL
2026-07-01 15:15:00+05:30,BDL,14,19.0,27,114.75769315108411,0.9492590929501572,18.707964601769913,57.41279069767508,171.5116279069761,14.03372445198347,17.73087435588848,21.29598319179687,0.06676610309951567,EXT,HTB,BDL
2026-07-02 15:15:00+05:30,BDL,14,18.0,26,144.4043321299639,0.9470367591897975,17.88101983002833,8.656759486365932,152.93608425912598,7.465802172279272,16.66720940863124,25.211373270958013,0.185140372172293,EXT,HTB,BDL
2026-07-03 15:15:00+05:30,BDL,14,17.0,25,136.5923795830338,0.9426948518838079,16.450439146800502,22.236568395379884,158.52521339932508,9.500153939975014,17.25476134475904,24.178517956173266,0.15394850002001118,EXT,HTB,BDL
2026-07-06 15:15:00+05:30,BDL,14,16.0,22,145.42836573074186,0.9301635452387232,13.319169027384325,148.93617021276597,292.198581560284,31.145721934193677,27.898340379788145,25.34682630132655,0.18922917391081087,EXT,HTB,BDL
2026-07-07 15:15:00+05:30,BDL,14,15.0,21,172.85205897305673,0.9169041450777202,11.034294621979734,119.83352468426965,290.6142365097589,27.204009768989085,28.218583372354132,28.979513574877934,0.2987275775965614,EXT,HTB,BDL
2026-07-08 15:15:00+05:30,BDL,14,14.0,20,178.5041801611813,0.8938533846059941,8.42093156986774,76.2388818297335,253.38216608117264,20.216904904334022,25.765908963408435,29.72948329131857,0.3212955899379146,EXT,HTB,BDL
2026-07-09 15:15:00+05:30,BDL,14,13.0,19,142.78078949377755,0.8639848935683223,6.352124526714346,115.4716981132072,256.60377358490564,28.561789321117644,26.437876307219653,24.99664961921742,0.17865782711873862,EXT,HTB,BDL
2026-07-10 15:15:00+05:30,BDL,14,12.0,18,127.35493594574297,0.8522089666067441,5.766310357537781,133.8289962825279,259.4795539033464,33.57077256590094,27.110974238814862,22.958246742830866,0.11706487083545947,EXT,HTB,BDL
2026-07-13 15:15:00+05:30,BDL,14,11.0,15,195.52191737622343,0.8136293236964378,4.365650969529086,243.07692307692238,433.8461538461545,66.12946857789376,43.899211213338944,31.990144768041738,0.38924468209430757,EXT,HTB,BDL
2026-07-14 15:15:00+05:30,BDL,14,10.0,14,180.28846153846152,0.7973932584269663,3.93566992014197,188.67924528301887,365.566037735849,55.91136545931059,38.614672476532334,29.966325985143143,0.328419938974788,EXT,HTB,BDL
2026-07-15 15:15:00+05:30,BDL,14,9.0,13,209.40339786645595,0.7851124854351528,3.653597497393118,51.10062893081761,259.433962264151,20.634267914879953,29.650828607042968,33.8370889284044,0.4446712047382374,EXT,HTB,BDL
2026-07-16 15:15:00+05:30,BDL,14,8.0,12,238.4737678855326,0.7719235736872578,3.3844952157781685,21.416673276751375,259.3797096850959,12.771223762882078,30.23076693374906,37.71342829269218,0.560744524386204,EXT,HTB,BDL
2026-07-17 15:15:00+05:30,BDL,14,7.0,11,231.3337587747288,0.7588612037199509,3.14698926687284,5.580802040979394,236.78545802439643,8.102328508350709,28.677273372238112,36.76028742590819,0.5322356144802114,EXT,HTB,BDL
2026-07-20 15:15:00+05:30,BDL,14,6.0,8,227.77954762663197,0.7442019683354728,2.909334225493476,3.1847133757969024,230.8917197452229,7.703256900326588,29.934345404971914,36.28608497772767,0.518044220066632,EXT,HTB,BDL
2026-07-21 15:15:00+05:30,BDL,14,5.0,7,220.2678076222166,0.7177468201090248,2.5429184549356223,93.40659340659411,311.61695447409767,55.183760809231465,39.2643014986068,35.28443667095061,0.4880510483913918,EXT,HTB,BDL
2026-07-22 15:15:00+05:30,BDL,14,4.0,6,231.63841807909643,0.6918406072106262,2.2450738916256157,88.0,317.60000000000036,60.02027105882672,40.89847153353786,36.80094306383319,0.5334520701633138,EXT,HTB,BDL
2026-07-23 15:15:00+05:30,BDL,14,3.0,5,243.29130294212848,0.6187507398492681,1.6229559097495343,14.527845036319246,257.465698143665,16.863037973063587,35.10027903500703,38.35692922463973,0.5799801683141137,EXT,HTB,BDL
2026-07-24 15:15:00+05:30,BDL,14,2.0,4,243.5104074580082,0.43775747805839155,0.7785919082510354,-25.783579083071835,218.3546853597608,0.0,31.43202355734883,38.38620360422077,0.5808550174643421,EXT,HTB,BDL
2026-07-27 15:15:00+05:30,BDL,14,1.0,1,242.520941364181,0.2553554502369668,0.3429226069246436,11.952191235059761,254.18326693227164,49.901589815069684,38.655647832713576,38.254007047629436,0.5769042382305636,EXT,HTB,BDL
2026-07-28 15:15:00+05:30,BDL,14,0.0,0,304.87323276202443,0.10178158135529361,0.11331495685522532,29.923616032759913,333.8845578392006,,50.517430114656825,46.610825117853885,0.8258669258556492,EXT,HTB,BDL
2026-07-29 15:15:00+05:30,BDL,15,19.0,27,196.62008449788794,0.9469124833407374,17.83682008368201,239.49246629659038,431.40364789849394,39.01982506932215,32.21125489478108,26.95892933156371,0.5824582457804818,EXT,HTB,BDL
2026-07-30 15:15:00+05:30,BDL,15,18.0,26,192.93655984303575,0.9402165043790458,15.727024567788899,184.5610656395442,373.93676777403414,32.40161194528166,29.05397529651268,26.56715950028426,0.5141483128620734,EXT,HTB,BDL
2026-07-31 15:15:00+05:30,BDL,15,17.0,25,160.54487959133994,0.9391472868217055,15.433121019108281,149.36102236421763,307.50798722044726,28.22120286862807,25.250395283477587,23.128389865512876,-0.08654632405129335,EXT,HTB,BDL
2026-08-03 15:30:00+05:30,BDL,15,16.0,22,175.5088956563541,0.9367857740119293,14.819223985890652,,,,,24.715592543268954,0.19095716224805895,EXT,HTB,BDL
2026-08-04 15:30:00+05:30,BDL,15,15.0,21,163.34661354581672,0.9348942514771661,14.359626802374894,,,,,23.42538032839227,-0.03458895266966596,EXT,HTB,BDL
2026-08-05 15:30:00+05:30,BDL,15,14.0,20,138.1970110878983,0.9135228623932548,10.56375,,,,,20.76248570212591,-0.500981285502845,EXT,HTB,BDL
2026-08-06 15:30:00+05:30,BDL,15,13.0,19,106.87022900763358,0.9019885558891847,9.202890173410404,,,,,17.45501953796201,-1.0819276841196193,EXT,HTB,BDL
2026-08-07 15:30:00+05:30,BDL,15,12.0,18,77.27975270479135,0.8998487649134599,8.984899328859061,,,,,14.340476131408167,-1.6306747784571793,EXT,HTB,BDL
2026-08-10 15:30:00+05:30,BDL,15,11.0,15,71.46658556983094,0.8924779007060655,8.300413650465357,,,,,13.729703316158576,-1.7384783346270987,EXT,HTB,BDL
2026-08-11 15:30:00+05:30,BDL,15,10.0,14,68.70229007633587,0.8830250272034821,7.5488372093023255,,,,,13.439392154807301,-1.789741420236847,EXT,HTB,BDL
2026-08-12 15:30:00+05:30,BDL,15,9.0,13,141.89693801344288,0.8647388059701493,6.393103448275862,,,,,21.15381568693121,-0.4323671770689475,EXT,HTB,BDL
2026-08-13 15:30:00+05:30,BDL,15,8.0,12,129.6829971181556,0.8661717598006814,6.47226443768997,,,,,19.862541769346898,-0.6588712896795244,EXT,HTB,BDL
2026-08-14 15:30:00+05:30,BDL,15,7.0,11,85.52490912978406,0.8610918458337462,6.199001426533523,,,,,15.207385048757876,-1.4777706621371987,EXT,HTB,BDL
2026-08-17 15:30:00+05:30,BDL,15,6.0,8,80.20231213872766,0.8453662504186402,5.466893564356436,,,,,14.647676257229364,-1.5764767324038504,EXT,HTB,BDL
2026-08-18 15:30:00+05:30,BDL,15,5.0,7,77.60768956924237,0.8237432438896064,4.6735413839891455,,,,,14.374942179462646,-1.624593281165553,EXT,HTB,BDL
2026-08-19 15:30:00+05:30,BDL,15,4.0,6,78.09594644849386,0.7728438385747064,3.402257872846108,,,,,14.426259914779676,-1.615538694107289,EXT,HTB,BDL
2026-08-20 15:30:00+05:30,BDL,15,3.0,5,22.675736961451246,0.6935339499595072,2.2630041724617525,,,,,8.617440614590866,-2.643290955082973,EXT,HTB,BDL
2026-08-21 15:30:00+05:30,BDL,15,2.0,4,-51.58437730287398,0.5567471789611116,1.2560488112770882,,,,,0.8843137785244328,-4.0204239728373885,EXT,HTB,BDL
2026-08-24 15:30:00+05:30,BDL,15,1.0,1,-22.026431718061676,0.42088902704382963,0.726784755770263,,,,,3.9554839085575626,-3.472280151553393,EXT,HTB,BDL
2026-08-25 15:30:00+05:30,BDL,15,0.0,0,-71.0269310446888,0.2932171070552983,0.4148616357049256,,,,,0.0,-4.380980685853121,EXT,HTB,BDL
2026-08-26 15:30:00+05:30,BDL,16,23.0,34,43.58425057250565,0.9516952759256632,19.701908957415565,,,,,11.943935707366988,0.12398894213975979,EXT,HTB,BDL
2026-08-27 15:30:00+05:30,BDL,16,22.0,33,1.5011634016366093,0.9495505539683645,18.82182320441989,,,,,6.445702061405269,-0.03366717443841898,EXT,HTB,BDL
2026-08-28 15:30:00+05:30,BDL,16,21.0,32,32.40240703595159,0.943328373015873,16.64551422319475,,,,,10.480743223714322,0.08209833603949643,EXT,HTB,BDL
2026-08-31 15:30:00+05:30,BDL,16,20.0,29,32.5914149443554,0.9394542686497248,15.516441005802708,,,,,10.505462083289855,0.08280641747659537,EXT,HTB,BDL
2026-09-01 15:30:00+05:30,BDL,16,19.0,28,39.26282051282124,0.9374926565620961,14.99812030075188,,,,,11.378263207398904,0.10779954333192557,EXT,HTB,BDL
2026-09-02 15:30:00+05:30,BDL,16,18.0,27,24.03846153846154,0.9370087644896805,14.875224416517055,,,,,9.387357539843629,0.050764437909546226,EXT,HTB,BDL
2026-09-03 15:30:00+05:30,BDL,16,17.0,26,16.828271496114564,0.9345231455660904,14.272572402044293,,,,,8.445533261513233,0.02375286061599748,EXT,HTB,BDL
2026-09-04 15:30:00+05:30,BDL,16,16.0,25,-0.7938398031270069,0.9305868764094384,13.40649762282092,,,,,6.146521418594716,-0.04226495842057817,EXT,HTB,BDL
2026-09-07 15:30:00+05:30,BDL,16,15.0,22,0.7245851749866608,0.927756861461232,12.842145015105741,,,,,6.344458275362587,-0.03657647400894931,EXT,HTB,BDL
2026-09-08 15:30:00+05:30,BDL,16,14.0,21,16.286644951140065,0.9180721685601321,11.205864386072083,,,,,8.374811274963708,0.021723761910153357,EXT,HTB,BDL
2026-09-09 15:30:00+05:30,BDL,16,13.0,20,35.73209240485443,0.9106387215612087,10.190529247910863,,,,,10.916275236840553,0.09457235588877645,EXT,HTB,BDL
2026-09-10 15:30:00+05:30,BDL,16,12.0,19,39.61230509903115,0.9033835132387821,9.350200400801603,,,,,11.424001399818225,0.10910881948940115,EXT,HTB,BDL
2026-09-11 15:30:00+05:30,BDL,16,11.0,18,41.55711983716279,0.8932565394768418,8.368255395683454,,,,,11.678554991706456,0.1163946903627264,EXT,HTB,BDL
2026-09-15 15:30:00+05:30,BDL,16,10.0,14,77.22701149425205,0.8668010340446042,6.507565789473684,,,,,16.356166444036425,0.25002501492964296,EXT,HTB,BDL
2026-09-16 15:30:00+05:30,BDL,16,9.0,13,62.776304155613694,0.8524758670003575,5.778551953953348,,,,,14.459133646582622,0.19588824517301331,EXT,HTB,BDL
2026-09-17 15:30:00+05:30,BDL,16,8.0,12,60.97560975609756,0.839023745539451,5.212096332785988,,,,,14.222938790586337,0.18914229317051134,EXT,HTB,BDL
2026-09-18 15:30:00+05:30,BDL,16,7.0,11,53.98457583547519,0.8245372630831372,4.699215785479383,,,,,13.306338920972582,0.16295174174265414,EXT,HTB,BDL
2026-09-21 15:30:00+05:30,BDL,16,6.0,8,89.23974600995444,0.8058841240483462,4.1515621537779746,,,,,17.93525567812216,0.2950283927840433,EXT,HTB,BDL
2026-09-22 15:30:00+05:30,BDL,16,5.0,7,93.24208725406407,0.7698298484720223,3.3446119897020963,,,,,18.461793635120806,0.3100223872884149,EXT,HTB,BDL
2026-09-23 15:30:00+05:30,BDL,16,4.0,6,103.18142734307825,0.7318721160184575,2.729563614013522,,,,,19.770308877947734,0.3472581954272365,EXT,HTB,BDL
2026-09-24 15:30:00+05:30,BDL,16,3.0,5,96.91096305269573,0.6372158039715495,1.756459655485041,,,,,18.94464862465215,0.3237671182362986,EXT,HTB,BDL
2026-09-25 15:30:00+05:30,BDL,16,2.0,4,114.81156879929807,0.45660098949743944,0.8402683491733887,,,,,21.30308781755217,0.3908282626563285,EXT,HTB,BDL
2026-09-28 15:30:00+05:30,BDL,16,1.0,1,235.47318470767465,0.27238361342811357,0.37435057601084254,,,,,37.31278669646155,0.842863582853338,EXT,HTB,BDL
2026-09-29 15:30:00+05:30,BDL,16,0.0,0,-65.26335141097444,0.141249161797107,0.16448212393329242,,,,,0.0,-0.28378746831906365,EXT,HTB,BDL
2026-09-30 15:30:00+05:30,BDL,17,19.0,27,138.88888888888766,0.9343231260954737,14.226059654631083,,,,,25.157327114,1.5231877258464084,EXT,HTB,BDL
2026-10-01 15:30:00+05:30,BDL,17,18.0,26,101.38248847926268,0.9335132108130123,14.040581929555897,,,,,20.025358076291543,0.672355501391709,EXT,HTB,BDL
2025-03-03 15:15:00+05:30,IREDA,2,17.0,24,458.5987261146509,0.8979373158317707,8.797900262467191,436.548223350253,875.1269035532999,74.13447419766618,70.53288810429602,67.44581430997859,0.1599592203236301,EXT,HTB,IREDA
2025-03-04 15:15:00+05:30,IREDA,2,16.0,23,483.1271502818258,0.8464058234758872,5.510663507109005,539.4736842105258,996.5373961218846,94.25796773545841,81.37977921156227,70.80126720979034,0.2161323453117244,EXT,HTB,IREDA
2025-03-05 15:15:00+05:30,IREDA,2,15.0,22,461.7219844221447,0.8238772574716318,4.677858439201452,328.46963013233824,775.0254496097718,61.66120828173997,65.1395831406794,67.87259195841752,0.16711186812852824,EXT,HTB,IREDA
2025-03-06 15:15:00+05:30,IREDA,2,14.0,21,488.1239242685028,0.8052991961893421,4.136085626911315,284.2809364548495,758.5284280936456,56.37666162396656,65.01050006570624,71.48587889701103,0.22757557573606169,EXT,HTB,IREDA
2025-03-07 15:15:00+05:30,IREDA,2,13.0,20,465.22814733370046,0.7449838187702266,2.9213197969543145,259.70548862115095,712.8514056224903,54.272572742151496,62.48548922154825,68.3518581354032,0.1751414148338976,EXT,HTB,IREDA
2025-03-10 15:15:00+05:30,IREDA,2,12.0,17,471.5900958923717,0.7272400574988022,2.666227492314449,262.02090592334434,721.2543554006965,63.25759386770863,66.96874194000692,69.22193898390225,0.18971106387120992,EXT,HTB,IREDA
2025-03-11 15:15:00+05:30,IREDA,2,11.0,16,371.6814159292035,0.714469228074273,2.502249488752556,87.71929824561403,456.140350877193,26.34924896241591,44.97908318186007,55.62470273582818,-0.03909216982682173,EXT,HTB,IREDA
2025-03-12 15:15:00+05:30,IREDA,2,10.0,15,423.3146471180097,0.7082272173624183,2.427324478178368,152.8662420382183,569.7098372257616,43.73469504113429,56.04128540756438,62.634101675294815,0.07915431552992754,EXT,HTB,IREDA
2025-03-13 15:15:00+05:30,IREDA,2,9.0,14,454.150997975123,0.7016211779191464,2.3514442916093534,101.64638511095116,551.181102362204,32.886269224747814,55.52095343318807,66.83829553740836,0.1497733727945778,EXT,HTB,IREDA
2025-03-17 15:15:00+05:30,IREDA,2,8.0,10,417.0019752725136,0.6860924535756618,2.185651353052234,33.53991979584455,449.14327378782326,18.512646649534826,50.390250093499866,61.77510846634454,0.06469751626026952,EXT,HTB,IREDA
2025-03-18 15:15:00+05:30,IREDA,2,7.0,9,381.89244383934744,0.6531374934816617,1.8829867201202706,20.380434782607537,401.4945652173911,14.52383263282896,46.673937942504494,57.00790036347174,-0.01570765302524778,EXT,HTB,IREDA
2025-03-19 15:15:00+05:30,IREDA,2,6.0,8,404.0404040404041,0.6378071201738258,1.7609598523304106,199.31362196409782,595.3009503695888,98.10531232725081,68.47806903085545,60.01314237474262,0.03501391506758698,EXT,HTB,IREDA
2025-03-20 15:15:00+05:30,IREDA,2,5.0,7,459.7467668765653,0.5922558394732717,1.4525182622068435,127.67379679144364,581.5508021390367,73.251397604109,68.73241720584554,67.60267210627957,0.16258837565668025,EXT,HTB,IREDA
2025-03-21 15:15:00+05:30,IREDA,2,4.0,6,524.8273594212442,0.5648581456566247,1.2981011594689968,177.6485788113695,693.1524547803629,115.29099444620606,83.3666295074103,76.5256941633826,0.3116309816714534,EXT,HTB,IREDA
2025-03-24 15:15:00+05:30,IREDA,2,3.0,3,456.8497284248638,0.46778331069865703,0.8789339381910972,281.52492668621767,725.5131964809387,353.685862874494,94.93065572176263,67.20688352682707,0.1559537993001395,EXT,HTB,IREDA
2025-03-25 15:15:00+05:30,IREDA,2,2.0,2,709.8288750231673,0.3735048678720445,0.5961815961815962,370.61273051754847,1054.1344437834623,695.4703105537892,141.77890003203836,102.22951356619907,0.7353073331592482,EXT,HTB,IREDA
2025-03-26 15:15:00+05:30,IREDA,2,1.0,1,770.6489675516219,0.2477888832961818,0.3294140139566007,-1.2292562999391663,769.5144437615232,1.7634902530904966,107.03208771357848,110.79168048002441,0.8745928672034781,EXT,HTB,IREDA
2025-03-27 15:15:00+05:30,IREDA,2,0.0,0,320.00988447519654,0.13768890245764007,0.15967427863338643,8.02469135802441,327.77777777777794,,49.694130365587384,48.647634581380395,-0.15742636752781042,EXT,HTB,IREDA
2025-03-28 15:15:00+05:30,IREDA,3,15.0,27,480.1324503311258,0.8574402467232074,6.01460248783126,560.7301369006689,1013.9401137713321,84.26058594845077,69.18931542138105,57.56290672907009,0.08270038956015908,EXT,HTB,IREDA
2025-04-01 15:15:00+05:30,IREDA,3,14.0,23,516.7332503765791,0.854810932235118,5.887570912841671,510.2548166563087,1000.6215040397759,89.36420046984709,72.59792159836783,61.58008119711005,0.23010614790871045,EXT,HTB,IREDA
2025-04-02 15:15:00+05:30,IREDA,3,13.0,22,511.1536010197584,0.8456087448171881,5.47705078125,302.84301606922156,798.5166872682332,57.27093583260287,59.54025120349928,60.9666780080627,0.2076347143952418,EXT,HTB,IREDA
2025-04-03 15:15:00+05:30,IREDA,3,12.0,21,470.26279391424555,0.8348113632947542,5.05368516833485,185.72221879434758,647.2511877583748,38.833812697520116,49.864112204362414,56.48229190846775,0.042951417216298804,EXT,HTB,IREDA
2025-04-04 15:15:00+05:30,IREDA,3,11.0,20,504.98338870431854,0.7960866526904262,3.904043865661412,399.33656545036945,884.1541209492208,80.62402268506284,67.68340775344954,60.288770649670475,0.18278485252338444,EXT,HTB,IREDA
2025-04-07 15:15:00+05:30,IREDA,3,10.0,17,447.7209991247563,0.7832115800865801,3.612792511700468,196.03960396039597,634.9834983498353,48.75890247890354,52.29895805973268,54.0184136275641,-0.04783322004178366,EXT,HTB,IREDA
2025-04-08 15:15:00+05:30,IREDA,3,9.0,16,481.8881072907772,0.7603661820140011,3.1730337078651685,157.87770947913282,632.1578777094799,42.55318573676819,52.985973912338125,57.75524850688447,0.08977110782904768,EXT,HTB,IREDA
2025-04-09 15:15:00+05:30,IREDA,3,8.0,15,522.4771250497279,0.7465516114270772,2.9455764766572092,77.63157894736887,596.0526315789475,25.21405697465372,51.1125581097438,62.21191573906813,0.2532389810982327,EXT,HTB,IREDA
2025-04-11 15:15:00+05:30,IREDA,3,7.0,13,508.83205905615597,0.7305762022743155,2.711624616835652,164.01944894651547,664.5056726094003,52.68346367039716,58.53728660722134,60.711563698041715,0.19828495555778947,EXT,HTB,IREDA
2025-04-15 15:15:00+05:30,IREDA,3,6.0,9,539.9120050282844,0.7261136216914138,2.651149086623453,538.7725975261657,1049.5956232159851,230.8587189054272,98.23529247044308,64.1321256728758,0.32345607202967414,EXT,HTB,IREDA
2025-04-16 15:15:00+05:30,IREDA,3,5.0,8,559.1147350029117,0.6558228796105599,1.9054807561539508,255.39160045402954,800.2270147559589,124.28618929383717,77.04835799433434,66.25113941159076,0.40079298736368824,EXT,HTB,IREDA
2025-04-17 15:15:00+05:30,IREDA,3,4.0,7,667.8403755868542,0.6405647624292795,1.7821423596601198,163.36662240951247,820.2967153495341,92.13750809866316,80.63196892474258,78.33086108995843,0.8386737299240953,EXT,HTB,IREDA
2025-04-21 15:15:00+05:30,IREDA,3,3.0,3,495.27626681935334,0.621412201244134,1.6413952147592967,31.39269406392597,525.1141552511409,44.50452153497543,58.061164218941904,59.22316216328197,0.143690470404465,EXT,HTB,IREDA
2025-04-22 15:15:00+05:30,IREDA,3,2.0,2,595.0320960089309,0.6048990700839193,1.5309988518943742,-9.498267962901773,586.099005475471,0.0,65.83148221652061,70.22620188212612,0.5454462689967666,EXT,HTB,IREDA
2025-04-23 15:15:00+05:30,IREDA,3,1.0,1,636.2565224709647,0.3478372646056945,0.5333596136789199,-21.36631993252716,616.2496485802648,0.0,70.73899655080764,74.80736420675319,0.7114731820034141,EXT,HTB,IREDA
2025-04-24 15:15:00+05:30,IREDA,3,0.0,0,283.19088319088314,0.20393206962159116,0.25617420554129416,-30.2909070126308,253.7577870492083,,33.05486617449286,36.20900037743041,-0.710460443498349,EXT,HTB,IREDA
2025-04-25 15:15:00+05:30,IREDA,4,23.0,34,490.4966278356836,0.7924962752268725,3.819190600522193,218.3039462636449,698.0928391507745,29.945159484580085,48.85235422901714,71.81109070440498,0.9726252557727832,EXT,HTB,IREDA
2025-04-28 15:15:00+05:30,IREDA,4,22.0,31,434.9397590361445,0.7932890365448505,3.8376727740276437,132.5566189145806,561.7309635617897,21.961839892586813,42.01535672618151,64.21746464909003,-1.9251880443908345,EXT,HTB,IREDA
2025-04-29 15:15:00+05:30,IREDA,4,21.0,30,360.4033653559277,0.7972121699504088,3.9312623925974886,35.67394018669329,394.7916047327419,10.59808968344728,31.598369260559384,54.09866880746532,-5.812962096814672,EXT,HTB,IREDA
2025-04-30 15:15:00+05:30,IREDA,4,20.0,29,325.49728752260427,0.7985552678206351,3.9641407307171854,12.04093919325639,337.14629741119774,7.766410652897801,28.211521101667035,49.386814066463714,-7.633642397695669,EXT,HTB,IREDA
2025-05-02 15:15:00+05:30,IREDA,4,19.0,27,240.641711229947,0.7936683486555609,3.846566164154104,50.78597339782366,290.20556227327756,13.133004053276137,25.794078351053386,38.00297142390997,-12.059658890114527,EXT,HTB,IREDA
2025-05-05 15:15:00+05:30,IREDA,4,18.0,24,209.76943189921565,0.7890295358649789,3.74,18.387804733376967,227.77151669731322,9.049052847780228,22.42269967780579,33.88582553211359,-13.669938655407954,EXT,HTB,IREDA
2025-05-06 15:15:00+05:30,IREDA,4,17.0,23,215.1217968997156,0.7764312852089611,3.4728977439203046,158.7795765877947,370.4856787048561,31.64981495925025,33.26880464564245,34.59868903089309,-13.390762473939864,EXT,HTB,IREDA
2025-05-07 15:15:00+05:30,IREDA,4,16.0,22,202.53632110317605,0.7708851401303851,3.364623056614843,3.692307692307832,206.15384615384582,6.862700533494233,21.456519070433934,32.923090778029405,-14.047213421233032,EXT,HTB,IREDA
2025-05-08 15:15:00+05:30,IREDA,4,15.0,21,222.03895197614668,0.7702994335041813,3.353493834409865,10.773130544994672,232.57287705957006,8.123482034585049,23.778943433465578,35.5205394826259,-13.029967770910407,EXT,HTB,IREDA
2025-05-09 15:15:00+05:30,IREDA,4,14.0,20,118.59462201927984,0.7757149682615521,3.4586122945830797,13.932868904369782,132.36225459151382,8.794521611265166,16.3822517433367,21.802058980530653,-18.42556262088527,EXT,HTB,IREDA
2025-05-12 15:15:00+05:30,IREDA,4,13.0,17,164.46977793611103,0.7818156405059753,3.5832799487508007,1.7809439002672092,166.2214306915989,6.632413185360256,19.845715564288373,27.86807772292334,-16.032741717991335,EXT,HTB,IREDA
2025-05-13 15:15:00+05:30,IREDA,4,12.0,16,182.15591107915347,0.7736662106703146,3.418253248715624,36.417910447762004,217.91044776119438,14.57300035050341,24.526525645246874,30.214254385100315,-15.110243511058584,EXT,HTB,IREDA
2025-05-14 15:15:00+05:30,IREDA,4,11.0,15,255.4854223023745,0.754418720438138,3.0719716168271667,104.10469958358121,356.9303985722784,31.71492567853827,37.101507582843986,39.98717646015074,-11.285419731232642,EXT,HTB,IREDA
2025-05-15 15:15:00+05:30,IREDA,4,10.0,14,184.06379279333254,0.7380352644836272,2.8173076923076925,0.5995203836942041,184.65227817745878,6.406308214150762,22.447168999195533,30.467599391717993,-15.010729533292203,EXT,HTB,IREDA
2025-05-16 15:15:00+05:30,IREDA,4,9.0,13,243.62082900357922,0.7162281998226426,2.5239583333333333,-13.295566217699854,230.64917047228215,2.519493511041545,27.023907729442932,38.40095718798647,-11.90426987533159,EXT,HTB,IREDA
2025-05-19 15:15:00+05:30,IREDA,4,8.0,10,293.9991945227555,0.6792221541204658,2.1174222685426436,37.82885309795361,330.7158823866573,20.083713584939627,38.553285268576516,45.1495608698754,-9.27656423251134,EXT,HTB,IREDA
2025-05-20 15:15:00+05:30,IREDA,4,7.0,9,308.182784272051,0.6491926685577133,1.850567563364951,21.796759941090105,329.3078055964656,15.099445056152334,39.282701693476525,47.05589132690215,-8.536756610021396,EXT,HTB,IREDA
2025-05-21 15:15:00+05:30,IREDA,4,6.0,8,271.8085724242076,0.6278228458671344,1.6868924889543446,4.063860667633857,275.7619738751814,8.10451327931434,34.60194138737804,42.17263513253911,-10.434013909671874,EXT,HTB,IREDA
2025-05-22 15:15:00+05:30,IREDA,4,5.0,7,309.81775426219764,0.6043146115773618,1.5272603670972127,35.14938488576417,343.8781487990613,24.610179935446727,42.74268963100723,47.27581705489725,-8.451477545790643,EXT,HTB,IREDA
2025-05-23 15:15:00+05:30,IREDA,4,4.0,6,316.94243766021896,0.5720937615746865,1.3369605539755163,6.404657933043008,323.1441048034941,10.147415123070584,41.51334637825152,48.234617361504625,-8.079858288687868,EXT,HTB,IREDA
2025-05-26 15:15:00+05:30,IREDA,4,3.0,3,304.1825095057035,0.48171005385996407,0.9294219528036372,-7.494955318536978,296.91553761890907,0.0,41.73891729011087,46.517956293066185,-8.74540856742485,EXT,HTB,IREDA
2025-05-27 15:15:00+05:30,IREDA,4,2.0,2,285.14513375071095,0.37006794611991894,0.5874727978049011,-28.53881278538813,257.4200913242004,0.0,37.97961148336023,43.960951918341415,-9.738386786951278,EXT,HTB,IREDA
2025-05-28 15:15:00+05:30,IREDA,4,1.0,1,221.13163972286284,0.28123329174835143,0.39127200595090506,5.770340450087867,226.774379688402,27.317821652738406,35.12090318539194,35.399584668700825,-13.077292639496038,EXT,HTB,IREDA
2025-05-29 15:15:00+05:30,IREDA,4,0.0,0,239.52434881087146,0.17147873585641826,0.20696962561808335,19.779598756710612,258.8301780163879,,40.4346976185282,37.85373227249726,-12.117939850670153,EXT,HTB,IREDA
2025-05-30 15:15:00+05:30,IREDA,5,19.0,27,129.56419316843443,0.8960732022996117,8.6221573465865,299.3601462522841,425.0457038391224,47.337165018795616,31.82021110121982,19.849989507661412,0.2907496021000829,EXT,HTB,IREDA
2025-06-02 15:15:00+05:30,IREDA,5,18.0,24,162.98020954598434,0.9000446182330477,9.004463814980141,182.8571428571422,342.8571428571429,34.3169249844835,27.832795822306437,23.38653582538508,0.5495181962274741,EXT,HTB,IREDA
2025-06-03 15:15:00+05:30,IREDA,5,17.0,23,177.71084337349328,0.8770486607551609,7.133298963166638,387.9559930515338,558.7724377533282,69.04300795901183,42.43476769795899,24.94935266926707,0.6635900042814946,EXT,HTB,IREDA
2025-06-04 15:15:00+05:30,IREDA,5,16.0,22,206.06347702510598,0.8763912829352376,7.09004432491658,299.8276852383687,499.7128087306139,56.75512172926606,39.07634811817823,27.963976134065895,0.8831485257683913,EXT,HTB,IREDA
2025-06-05 15:15:00+05:30,IREDA,5,15.0,21,188.2352941176464,0.876782850546573,7.115753403124902,373.72593431483546,554.9263873159673,72.45205075549154,43.46161849911213,26.067359145284584,0.745089764523926,EXT,HTB,IREDA
2025-06-06 15:15:00+05:30,IREDA,5,14.0,20,91.86738119074273,0.8780602775753296,7.20077313705352,296.57142857142844,385.71428571428567,61.193101361680306,32.35413994639467,15.87473342337421,-0.0011688279227571937,EXT,HTB,IREDA
2025-06-09 15:15:00+05:30,IREDA,5,13.0,17,56.40157924421884,0.8702259222196508,6.705699143495843,324.6930422919503,379.2633015006815,77.120391797697,33.38933028359952,12.1485289767521,-0.27581065253798026,EXT,HTB,IREDA
2025-06-10 15:15:00+05:30,IREDA,5,12.0,16,86.65212900263921,0.8470480786330116,5.53800221051574,455.6906561507296,538.3941286011618,112.64749163646783,45.85820436968972,15.325958762019756,-0.04155495478741904,EXT,HTB,IREDA
2025-06-11 15:15:00+05:30,IREDA,5,11.0,15,171.09826589595423,0.8485941082421782,5.604762789545398,502.8546332894157,665.3491436100134,131.79497966041603,56.51175433337322,24.247514907497685,0.6123832009902792,EXT,HTB,IREDA
2025-06-12 15:15:00+05:30,IREDA,5,10.0,14,42.20398593200462,0.8435965243672081,5.393719806763285,264.22416252924705,305.31301717742366,76.06345004930981,29.347119011160984,10.660586595901522,-0.38575467518522727,EXT,HTB,IREDA
2025-06-13 15:15:00+05:30,IREDA,5,9.0,13,102.80317972625657,0.828039255847922,4.815280719625312,38.106579339088206,140.51801131288988,16.969592314510024,17.011007869638995,17.02639079011537,0.08351634761469824,EXT,HTB,IREDA
2025-06-16 15:15:00+05:30,IREDA,5,8.0,10,65.98894239343758,0.8206543475743442,4.57582515369047,-29.813368314352157,36.37230934351044,0.0,9.205576746441778,13.154510196729058,-0.20156755738619378,EXT,HTB,IREDA
2025-06-17 15:15:00+05:30,IREDA,5,7.0,9,110.66763425254067,0.8164278054304759,4.447448086269247,-21.818181818182644,89.09090909090904,0.0,13.673614016006136,17.85538944189425,0.14441749807955645,EXT,HTB,IREDA
2025-06-18 15:15:00+05:30,IREDA,5,6.0,8,18.163104680025608,0.8123558971327224,4.329237555135475,1.8159806295400205,19.975786924938504,7.078616402071935,7.947314947752304,8.145874615336444,-0.5719236359874393,EXT,HTB,IREDA
2025-06-19 15:15:00+05:30,IREDA,5,5.0,7,53.57705641348846,0.7521011358441467,3.033903113696007,-22.109917877447526,31.58559696778269,0.0,8.999282960584026,11.852342886749136,-0.29768333160692706,EXT,HTB,IREDA
2025-06-20 15:15:00+05:30,IREDA,5,4.0,6,66.3249924630687,0.7011851571751266,2.34655397485081,-27.206771463119022,39.29866989117326,0.0,9.755432586696719,13.189788810892376,-0.1989652362988341,EXT,HTB,IREDA
2025-06-23 15:15:00+05:30,IREDA,5,3.0,3,80.80564433455969,0.5781709746797029,1.3706287144197686,-7.845503922753403,73.02353651176703,0.0,13.289837939958863,14.711105819452355,-0.08682925083315292,EXT,HTB,IREDA
2025-06-24 15:15:00+05:30,IREDA,5,2.0,2,-4.213567687954805,0.4994207146590257,0.9976855401014858,-4.215343851619486,-8.430687703238972,0.0,5.4186744339891115,5.810677633198518,-0.7452052140334006,EXT,HTB,IREDA
2025-06-25 15:15:00+05:30,IREDA,5,1.0,1,-62.23463037282575,0.3994027849721198,0.6650093856222414,4.069767441860068,-58.13953488372093,21.107674731947952,0.37236679228066993,0.0,-1.1945115781165907,EXT,HTB,IREDA
2025-06-26 15:15:00+05:30,IREDA,5,0.0,0,-73.09941520467837,0.3401157070329411,0.515417188525079,-1.7546938059309316,-74.86693571971698,,0.0,0.0,-1.2786468342365858,EXT,HTB,IREDA
2025-06-27 15:15:00+05:30,IREDA,6,24.0,34,-6.432748538012494,0.9039735099337748,9.413793103448276,-73.63770250368188,-80.11782032400669,0.0,1.552180309109922,5.41171487483918,0.14834455347441955,EXT,HTB,IREDA
2025-06-30 15:15:00+05:30,IREDA,6,23.0,31,-22.1768310475632,0.9015071110167693,9.15301724137931,-67.5675675675679,-89.8942420681552,0.0,0.7135934786077867,3.3622924948901893,0.056800136305268034,EXT,HTB,IREDA
2025-07-01 15:15:00+05:30,IREDA,6,22.0,30,-26.315789473683548,0.902127659574468,9.217391304347826,-26.385224274405665,-52.77044854881133,3.0440253737605443,2.9378326445514116,2.8240547203988076,0.03273404438935692,EXT,HTB,IREDA
2025-07-02 15:15:00+05:30,IREDA,6,21.0,29,-20.777678836451337,0.8959751702042451,8.613089509143407,-14.863258026159334,-35.67181926278376,4.380668467221859,3.9698164256169273,3.5442910968117665,0.064935546775803,EXT,HTB,IREDA
2025-07-03 15:15:00+05:30,IREDA,6,20.0,28,-25.660917825386814,0.8940477389465203,8.438212927756654,-16.73740211608591,-42.44126965150386,4.069983963047145,3.4895923001332583,2.9092006372193175,0.036541814281794864,EXT,HTB,IREDA
2025-07-04 15:15:00+05:30,IREDA,6,19.0,27,-18.486492933389126,0.8902488367388226,8.111520737327188,-41.31736526946094,-59.880239520958085,0.6760115373111962,2.2879800907747807,3.842378338757544,0.07825771261142854,EXT,HTB,IREDA
2025-07-07 15:15:00+05:30,IREDA,6,18.0,24,-9.526077637532543,0.8875811688311688,7.8953068592057765,-75.58488302339649,-85.18296340731949,0.0,0.2961337716130205,5.008798831653543,0.13035830312568328,EXT,HTB,IREDA
2025-07-08 15:15:00+05:30,IREDA,6,17.0,23,-31.685299216835123,0.8851269649334945,7.705263157894737,-40.216086434574784,-72.02881152461087,0.0,1.113473588955427,2.126124789807938,0.0015128767142823575,EXT,HTB,IREDA
2025-07-09 15:15:00+05:30,IREDA,6,16.0,22,-19.22499249023861,0.8873528862320195,7.877280265339967,-15.042117930204574,-34.29602888086773,3.756250982339003,3.75067329513778,3.746290826622473,0.07396368585753853,EXT,HTB,IREDA
2025-07-10 15:15:00+05:30,IREDA,6,15.0,21,-5.882352941176136,0.8872023268496637,7.865431103948429,-5.885815185402844,-11.771630370805688,5.227290209919035,5.373649358705509,5.483418720295388,0.15154484438335541,EXT,HTB,IREDA
2025-07-11 15:15:00+05:30,IREDA,6,14.0,20,1.8815855494230518,0.8684767535216408,6.603218645948946,35.00000000000014,36.87500000000021,12.648704275950056,9.059219145248285,6.495301194746954,0.1966884863598181,EXT,HTB,IREDA
2025-07-14 15:15:00+05:30,IREDA,6,13.0,17,-0.6273919317409704,0.849028749028749,5.623777663407102,-18.227529855436334,-18.85606536769399,2.3400045156739053,4.722003734408125,6.1682175457825075,0.1820999651764239,EXT,HTB,IREDA
2025-07-15 15:15:00+05:30,IREDA,6,12.0,16,-9.389671361502703,0.8307904623169516,4.909832351608518,-3.130870381966899,-12.523481527865815,5.5358819788295115,5.211770259286788,5.026563562405483,0.13115144131139786,EXT,HTB,IREDA
2025-07-16 15:15:00+05:30,IREDA,6,11.0,15,12.484394506865709,0.8212575555381113,4.594642072902943,-12.49999999999929,0.0,3.210232792282381,6.25,7.878446718420047,0.25833882170175637,EXT,HTB,IREDA
2025-07-17 15:15:00+05:30,IREDA,6,10.0,14,2.510827945514534,0.8157752981916122,4.428153717627402,-8.166855132554055,-5.653976630230142,4.121653174345989,5.758781360987807,6.577345454308792,0.20034723423371745,EXT,HTB,IREDA
2025-07-18 15:15:00+05:30,IREDA,6,9.0,13,0.6375111564464698,0.8036098937829607,4.0919062027231465,17.818505791012647,18.45488099783582,11.257350665781246,7.894452403684722,6.333106781997044,0.18945478028955198,EXT,HTB,IREDA
2025-07-21 15:15:00+05:30,IREDA,6,8.0,10,4.431221117933354,0.7995900705989524,3.9897727272727272,-35.57588463248855,-31.128899053427936,0.0,3.2646314825625953,6.827769344944324,0.21151341515267882,EXT,HTB,IREDA
2025-07-22 15:15:00+05:30,IREDA,6,7.0,9,-1.2809017548360595,0.7863656420061774,3.680895008605852,3.841229193342015,2.560819462227404,7.808131115620734,6.50265373079232,6.083035999954575,0.17830011365549445,EXT,HTB,IREDA
2025-07-23 15:15:00+05:30,IREDA,6,6.0,8,-12.035981249208014,0.7737982347363046,3.420831989680748,-35.60076287349029,-47.679593134138585,0.0,1.4273071165305573,4.681967324285115,0.11576439692999373,EXT,HTB,IREDA
2025-07-24 15:15:00+05:30,IREDA,6,5.0,7,-2.557054273476446,0.760773520677917,3.180139267332728,-14.724711907811663,-17.285531370039067,0.0,4.448922195546176,5.916712320697554,0.1708798884078809,EXT,HTB,IREDA
2025-07-25 15:15:00+05:30,IREDA,6,4.0,6,28.726251876999264,0.7295394122296472,2.697396386822529,-1.3059092393066805,27.42409402546627,5.455623747457456,9.19810145352051,10.000060961962584,0.3527775650068304,EXT,HTB,IREDA
2025-07-28 15:15:00+05:30,IREDA,6,3.0,3,21.97655833777198,0.5841755204284357,1.4048608226007477,1.3317352510327762,23.30536689306128,7.870385787394553,8.99722150029045,9.117953898100586,0.31353127925190505,EXT,HTB,IREDA
2025-07-29 15:15:00+05:30,IREDA,6,2.0,2,41.19601328903684,0.3926463147242368,0.6464870869202999,15.921454159480502,57.051877404803875,35.32980963168176,13.211188129302002,11.631286593417812,0.4252833486884692,EXT,HTB,IREDA
2025-07-30 15:15:00+05:30,IREDA,6,1.0,1,139.0644753476614,0.2471030128666187,0.32820295085447404,-9.324009324008415,129.870129870131,0.0,22.702792317530356,24.50527696666429,0.994342314999341,EXT,HTB,IREDA
2025-07-31 15:15:00+05:30,IREDA,6,0.0,0,-42.20845530669239,0.11418592154755508,0.1289050652107977,37.9789759240422,-4.069175991861802,,5.719661738587789,0.7594057026733394,-0.059674314755376816,EXT,HTB,IREDA
2025-08-01 15:15:00+05:30,IREDA,7,17.0,27,46.65843282558027,0.9152915291529153,10.805194805194805,17.80821917808157,64.38356164383546,8.659553537641065,10.17932949528434,11.422782551537876,0.30919372196632605,EXT,HTB,IREDA
2025-08-04 15:15:00+05:30,IREDA,7,16.0,24,38.90528575261688,0.9106411355625417,10.190831556503198,-40.409482758622225,-1.346982758621379,0.11677485747446856,6.163751649516979,10.561552952820518,0.2570564965757825,EXT,HTB,IREDA
2025-08-05 15:15:00+05:30,IREDA,7,15.0,23,43.44874405974302,0.9090822453063947,9.99895178197065,-40.89979550102405,2.7266530334009573,0.0,6.4277435828538145,11.066164827484554,0.28760967808800064,EXT,HTB,IREDA
2025-08-06 15:15:00+05:30,IREDA,7,14.0,22,20.083102493074243,0.9071007577883806,9.764350453172206,-1.385233411830602,18.700651059702302,6.020193100388671,7.4922050712214086,8.473546385110017,0.1304838414062468,EXT,HTB,IREDA
2025-08-07 15:15:00+05:30,IREDA,7,13.0,21,23.393422320077292,0.9029829410082912,9.30746561886051,7.562736335509469,30.938466827087566,7.564972903538292,8.344452814874426,8.840485485724656,0.15274459427356935,EXT,HTB,IREDA
2025-08-08 15:15:00+05:30,IREDA,7,12.0,20,-2.8188865398162113,0.9007771038665656,9.078319006685769,28.109627547435394,25.298664792692453,11.387230696902856,7.994474112498143,5.93825800073767,-0.023524092773593346,EXT,HTB,IREDA
2025-08-11 15:15:00+05:30,IREDA,7,11.0,17,19.24398625429561,0.8982755279984499,8.83047619047619,-34.48275862068965,-15.17241379310337,0.0,5.143253181985836,8.380552183933307,0.12484107569338834,EXT,HTB,IREDA
2025-08-12 15:15:00+05:30,IREDA,7,10.0,16,12.554927809165573,0.8874881516587678,7.887952822240943,9.059233449477036,21.602787456446155,8.317574304045008,7.860927882699473,7.639523557198514,0.07985947731504552,EXT,HTB,IREDA
2025-08-13 15:15:00+05:30,IREDA,7,9.0,15,7.612456747405789,0.8813575345055776,7.428685258964143,-17.33102253032929,-9.705372616983457,2.036434733590458,5.512345193447248,7.092304493382187,0.04662307339955568,EXT,HTB,IREDA
2025-08-14 15:15:00+05:30,IREDA,7,8.0,14,22.908712252690904,0.872704902517509,6.855762081784387,-15.992212487833278,6.953135864274393,2.083932089219661,6.7901653863743805,8.78674920940951,0.14948508716057832,EXT,HTB,IREDA
2025-08-18 15:15:00+05:30,IREDA,7,7.0,10,-4.746406292380093,0.8625954198473282,6.277777777777778,11.513714866238804,6.772773450727687,10.454927107556419,6.825092982229903,5.725143247282618,-0.036485994674641205,EXT,HTB,IREDA
2025-08-19 15:15:00+05:30,IREDA,7,6.0,9,-2.01518103042931,0.8460031713459565,5.493640218049667,2.014775016789868,0.0,7.067185526267393,6.25,6.027131220108777,-0.01811945193598436,EXT,HTB,IREDA
2025-08-20 15:15:00+05:30,IREDA,7,5.0,8,20.170779264437773,0.8231076420402977,4.653155464340688,11.417058428476556,31.56480859637333,11.46200876489694,9.064482108416492,8.483263525027276,0.13107343728867707,EXT,HTB,IREDA
2025-08-21 15:15:00+05:30,IREDA,7,4.0,7,57.15063273914841,0.7635226504394862,3.228734810578985,14.267273591956515,71.33636795978065,13.69467611251618,12.782772592799107,12.589338512859062,0.3797501278474875,EXT,HTB,IREDA
2025-08-22 15:15:00+05:30,IREDA,7,3.0,6,80.67796610169476,0.6319374137137598,1.716929232308077,-19.699748658378642,61.137151008763375,0.0,11.989372663193718,15.20966317357057,0.537963285784228,EXT,HTB,IREDA
2025-08-25 15:15:00+05:30,IREDA,7,2.0,3,101.74516542011933,0.4424626006904488,0.7936016511867905,-17.549780627741537,84.37394532568342,0.0,14.840874045850128,17.561273380853848,0.6796328954118428,EXT,HTB,IREDA
2025-08-26 15:15:00+05:30,IREDA,7,1.0,2,148.0297449440542,0.288107202680067,0.4047058823529412,18.729189789123907,166.48168701442881,40.4628202958053,23.75780587482521,22.745380758402085,0.99088064191223,EXT,HTB,IREDA
2025-08-28 15:15:00+05:30,IREDA,7,0.0,0,-52.48226950354674,0.062072538860103624,0.06618053253784112,0.0,-52.48226950354674,,0.46032243503417447,0.46032243503417447,-0.3574931206882436,EXT,HTB,IREDA
2025-08-29 15:15:00+05:30,IREDA,8,22.0,32,17.98561151079137,0.9056331246990852,9.596938775510203,122.22853894258094,139.994314951677,20.277597074978193,14.82649491334495,8.596663871478453,0.01205342638009503,EXT,HTB,IREDA
2025-09-01 15:15:00+05:30,IREDA,8,21.0,29,54.465470288387756,0.904883812524616,9.513457556935817,-32.927000140114814,21.71780860305466,2.112547600321356,7.642214118764332,13.369368727151645,0.3350695814769706,EXT,HTB,IREDA
2025-09-02 15:15:00+05:30,IREDA,8,20.0,28,40.19404019404106,0.904780876494024,9.502092050209205,-0.6930487213264487,39.503777115530745,6.159659279316843,8.829898907685543,11.500138536054207,0.20870115157392446,EXT,HTB,IREDA
2025-09-03 15:15:00+05:30,IREDA,8,19.0,27,44.383748719698005,0.9022976819845465,9.235171696149845,-34.94586816499869,9.592983417842014,1.5340716602296869,6.886930815389834,12.04861642929422,0.2457995281653778,EXT,HTB,IREDA
2025-09-04 15:15:00+05:30,IREDA,8,18.0,26,45.054411866639335,0.9007229406374097,9.072820512820513,-11.797362942402216,33.310201249131836,4.5948078940202715,8.505281144456042,12.136434877003538,0.2517380114366783,EXT,HTB,IREDA
2025-09-05 15:15:00+05:30,IREDA,8,17.0,25,17.777777777777157,0.899244853625737,8.925051334702259,-24.676125848242762,-6.854479402290955,2.651723378883813,5.778107940092633,8.5695227268865,0.01021313270607153,EXT,HTB,IREDA
2025-09-08 15:15:00+05:30,IREDA,8,16.0,22,23.233565668990256,0.8933669185558354,8.377952755905511,-37.03703703703649,-13.71742112482775,0.11657006052734897,5.249314442341606,9.28218502805292,0.05852219109327239,EXT,HTB,IREDA
2025-09-09 15:15:00+05:30,IREDA,8,15.0,21,2.7464982147756145,0.8895415923633694,8.05318138651472,-12.374535954900205,-9.624639076033711,4.100517466638927,5.533407391408864,6.608074834986264,-0.12288349357826175,EXT,HTB,IREDA
2025-09-10 15:15:00+05:30,IREDA,8,14.0,20,4.047490555855522,0.8830762593032035,7.552583025830258,-26.378085897870463,-22.319918836659625,1.442337386521607,4.554647475293707,6.777726110130771,-0.11136366982049545,EXT,HTB,IREDA
2025-09-11 15:15:00+05:30,IREDA,8,13.0,19,31.23726741817055,0.8740968975775606,6.942616033755274,-51.87713310580143,-20.47781569965948,0.0,4.661327619144543,10.328374115916894,0.12939211910818285,EXT,HTB,IREDA
2025-09-12 15:15:00+05:30,IREDA,8,12.0,18,50.655139808185865,0.865,6.407407407407407,-22.338049143708965,28.43024436471858,1.7253917015333853,8.509090934640106,12.870040441637254,0.30133046234093036,EXT,HTB,IREDA
2025-09-15 15:15:00+05:30,IREDA,8,11.0,15,40.62377145852474,0.8587639311043567,6.080344332855093,-20.353226971308665,20.353226971308665,1.302414697085566,7.9794181979413015,11.556384359114,0.21250626884767024,EXT,HTB,IREDA
2025-09-16 15:15:00+05:30,IREDA,8,10.0,14,29.42137953579527,0.8380344861955547,5.174153846153846,3.2679738562098932,32.6797385620915,7.102146716899538,9.094675597413655,10.090940037670817,0.11331307874160945,EXT,HTB,IREDA
2025-09-17 15:15:00+05:30,IREDA,8,9.0,13,52.628159313884886,0.8252162467092892,4.721355567509414,12.329656067488497,64.89292667099286,9.713923938351645,12.045879211677276,13.1285727314356,0.3188008472606613,EXT,HTB,IREDA
2025-09-18 15:15:00+05:30,IREDA,8,8.0,12,54.592164418753654,0.805553239389644,4.142795883361921,-19.305019305018206,35.392535392536125,0.383717243016711,9.485297506831042,13.385974762751474,0.3361914128720325,EXT,HTB,IREDA
2025-09-19 15:15:00+05:30,IREDA,8,7.0,11,65.41240966857782,0.7995552731893265,3.988906497622821,13.065389161947337,78.39233497169108,10.588168286833907,13.615626832632245,14.804985547053054,0.4320008303128125,EXT,HTB,IREDA
2025-09-22 15:15:00+05:30,IREDA,8,6.0,8,92.16589861751203,0.7317354894600058,2.727664155005382,27.699087189172033,119.60969468051657,18.905243567369297,18.450203502945488,18.32019205596729,0.6688934451772847,EXT,HTB,IREDA
2025-09-23 15:15:00+05:30,IREDA,8,5.0,7,82.6393337604095,0.6957618567103936,2.286898839137645,-38.58520900321507,44.3729903536976,0.0,10.887766198353846,17.06738633460517,0.5845391067961253,EXT,HTB,IREDA
2025-09-24 15:15:00+05:30,IREDA,8,4.0,6,83.2132092779459,0.6393383932407275,1.7726821520746476,-16.407429283979788,66.94231147863819,0.0,13.460615808648674,17.14282065615082,0.58962057008547,EXT,HTB,IREDA
2025-09-25 15:15:00+05:30,IREDA,8,3.0,5,101.11761575305894,0.48724331051649034,0.9502427184466019,1.330317945989772,102.43448184115951,7.221196702025219,17.638302342033064,19.49849977774883,0.7481577117488151,EXT,HTB,IREDA
2025-09-26 15:15:00+05:30,IREDA,8,2.0,4,109.31948619841641,0.3222904229378626,0.47555831265508686,10.920010920010686,120.12012012012144,16.219954556418397,20.034155667191627,20.579041540159054,0.8207823529793102,EXT,HTB,IREDA
2025-09-29 15:15:00+05:30,IREDA,8,1.0,1,83.5338144881048,0.19676327305755098,0.24496299342105263,-36.21730382293709,47.61904761904815,0.0,12.257747395586504,17.184965209275976,0.5924594150196273,EXT,HTB,IREDA
2025-09-30 15:15:00+05:30,IREDA,8,0.0,0,-62.382613361951854,0.06907862041546566,0.07420456972026479,8.712552777963639,-53.61570940285389,,0.0,0.0,-0.6995785771488693,EXT,HTB,IREDA
2025-10-01 15:15:00+05:30,IREDA,9,17.0,27,18.918389979776375,0.9078082551923583,9.846958174904943,-31.411556835284976,-12.43374124730042,2.010278204776575,5.425364276412031,8.71848298834601,-0.05016349156925421,EXT,HTB,IREDA
2025-10-03 15:15:00+05:30,IREDA,9,16.0,25,53.64876220024643,0.9053073358398182,9.560480147737765,-21.375825884182703,32.38761497603317,3.1324602344665164,8.484087618356387,13.262326353972508,0.3915010827608664,EXT,HTB,IREDA
2025-10-06 15:15:00+05:30,IREDA,9,15.0,22,43.00363876943471,,,13.214403700032285,56.16121572514003,8.443839538295911,10.36132443352196,11.86791970834241,0.256127529062241,EXT,HTB,IREDA
2025-10-07 15:15:00+05:30,IREDA,9,14.0,21,54.30515571839914,,,-7.202252340732905,47.14201532115491,4.998630530162447,9.769902399276646,13.348356301112474,0.3998484094738551,EXT,HTB,IREDA
2025-10-08 15:15:00+05:30,IREDA,9,13.0,20,36.52350355089564,0.8775253517805204,7.164955070603337,43.77104377104415,80.13468013467998,14.255749298289238,12.368121191262885,11.019815400529712,0.17371994227539989,EXT,HTB,IREDA
2025-10-09 15:15:00+05:30,IREDA,9,12.0,19,33.311125916055964,0.8653473344103393,6.426514697060588,-33.42245989304813,0.0,0.0,6.25,10.599591718390611,0.13286828103570753,EXT,HTB,IREDA
2025-10-10 15:15:00+05:30,IREDA,9,11.0,18,32.292078555424354,0.8585603904026027,6.070155261644623,-42.35605559232395,-9.927200529451072,0.0,5.462688943969957,10.466314445096378,0.11990910179344423,EXT,HTB,IREDA
2025-10-13 15:15:00+05:30,IREDA,9,10.0,15,34.632034632035314,0.8515840779853777,5.737821565407772,0.0,34.632034632035314,6.25,9.194798128870065,10.772368555050457,0.14966621749514206,EXT,HTB,IREDA
2025-10-14 15:15:00+05:30,IREDA,9,9.0,14,67.87330316741972,0.8434006098446348,5.385720908669448,-12.944983818769492,55.016181229773096,2.8772403353900127,11.044368649706824,15.127932806865086,0.5723939275431366,EXT,HTB,IREDA
2025-10-15 15:15:00+05:30,IREDA,9,8.0,13,67.41573033707938,0.825063974978675,4.716375457131248,-36.08479927830416,31.5741993685166,0.0,9.065320763773826,15.067878686849587,0.5665749945338847,EXT,HTB,IREDA
2025-10-16 15:15:00+05:30,IREDA,9,7.0,12,83.50730688935289,0.7966160460439636,3.9168087282645754,-15.027768703037552,68.60503103561001,1.6824848053164545,12.531781897445002,17.18148065121441,0.7712108464949392,EXT,HTB,IREDA
2025-10-17 15:15:00+05:30,IREDA,9,6.0,11,103.79479042707877,0.7549853848652159,3.081389183457052,9.2470277410842,112.94583883751704,9.319751454952078,16.880720532857655,19.85110124203478,1.0292058580093237,EXT,HTB,IREDA
2025-10-20 15:15:00+05:30,IREDA,9,5.0,8,81.27438231469439,0.7294648108214076,2.696376811594203,-24.768609047061915,56.70707860774189,0.0,12.015831359700197,16.88798484548467,0.742814845567643,EXT,HTB,IREDA
2025-10-21 14:30:00+05:30,IREDA,9,4.0,7,100.00000000000007,0.7228065590906121,2.6075889700683477,0.0,100.00000000000007,6.25,16.48541458294651,19.35133066617153,0.9809476796054687,EXT,HTB,IREDA
2025-10-23 15:15:00+05:30,IREDA,9,3.0,5,89.0188434048086,0.6172108940539,1.6124045446079345,-41.759102179304115,47.63147592326699,0.0,11.530916813945339,17.90620047872144,0.8413008073381725,EXT,HTB,IREDA
2025-10-24 15:15:00+05:30,IREDA,9,2.0,4,86.39168561221072,0.45254826540424586,0.826645047966491,-46.988187691705214,39.80943679436045,0.0,10.799826206056673,17.560701484975265,0.807891360390699,EXT,HTB,IREDA
2025-10-27 15:15:00+05:30,IREDA,9,1.0,1,-3.249496328068041,0.25303388494877854,0.3387488131659458,-28.023983315954563,-31.282586027110906,0.0,2.3188546188693913,5.826473751571548,-0.3320715001503411,EXT,HTB,IREDA
2025-10-28 15:15:00+05:30,IREDA,9,0.0,0,-86.48006337470308,0.07989714390669483,0.08683501347439865,13.844023996308787,-72.51631617113813,,0.0,0.0,-1.390510860735147,EXT,HTB,IREDA
2025-11-26 15:15:00+05:30,IREDA,11,23.0,34,-59.98758877473658,0.9048867095028745,9.513777777777777,-61.047519944501936,-121.40131807145333,0.0,0.0,0.0,0.005617013676148605,EXT,HTB,IREDA
2025-11-27 15:15:00+05:30,IREDA,11,22.0,33,-47.750865051902956,0.9026936026936027,9.27681660899654,-63.374886830558985,-111.42837244933452,0.0,0.0,0.040148181303686914,0.061468202707989514,EXT,HTB,IREDA
2025-11-28 15:15:00+05:30,IREDA,11,21.0,32,-49.339819318972054,0.901184122748499,9.119831223628692,-63.64081404293982,-113.29463598853097,0.0,0.0,0.0,0.05421585419190518,EXT,HTB,IREDA
2025-12-01 15:15:00+05:30,IREDA,11,20.0,29,-48.2720022387014,0.9005484161414422,9.055144032921811,-51.33253638984529,-99.85233105969957,0.0,0.0,0.0,0.059089614109385326,EXT,HTB,IREDA
2025-12-02 15:15:00+05:30,IREDA,11,19.0,28,-43.314634665908194,0.8976061776061776,8.766214177978885,-23.487544483986657,-66.90391459074716,3.1918208600075895,1.9038210854115847,0.6158213108157861,0.08171616674550845,EXT,HTB,IREDA
2025-12-03 15:15:00+05:30,IREDA,11,18.0,27,-18.315018315018314,0.8889777519267122,8.007203667321546,47.393364928910366,29.165147648560385,12.672111136623037,8.188333217737092,3.864690224525724,0.1958200993146197,EXT,HTB,IREDA
2025-12-04 15:15:00+05:30,IREDA,11,17.0,26,-7.330840847444786,0.8823399720731976,7.4990630855715175,20.484307557246407,13.16848342965885,9.12863098357489,7.140678508576795,5.294722638935948,0.245954382477031,EXT,HTB,IREDA
2025-12-05 15:15:00+05:30,IREDA,11,16.0,25,14.973422175637392,0.8564771038768066,5.967529411764706,20.91893911094517,35.861038475905104,9.307364066927429,8.724114162643906,8.203355319533612,0.3477561096822926,EXT,HTB,IREDA
2025-12-08 15:15:00+05:30,IREDA,11,15.0,22,-6.1434495469215555,0.846693585754948,5.522884283246977,63.33460511255341,57.23006486074017,16.791203252978676,10.439795316189638,5.44940336585528,0.2513739063203731,EXT,HTB,IREDA
2025-12-09 15:15:00+05:30,IREDA,11,14.0,21,1.4948800358757615,0.8292932741550018,4.858,60.178306092124984,61.664190193163755,16.74116149838717,10.857573703353667,6.4448828570785475,0.2862369790740927,EXT,HTB,IREDA
2025-12-10 15:15:00+05:30,IREDA,11,13.0,20,46.86318972033292,0.8213377926421405,4.5971546237364285,22.624434389138987,69.38159879336256,10.383637101304924,11.544280000824678,12.373310643338877,0.49330825874297396,EXT,HTB,IREDA
2025-12-11 15:15:00+05:30,IREDA,11,12.0,19,-0.7426661715552102,0.81373290260499,4.368634686346863,-11.152416356877747,-11.895910780668892,4.108755901391015,5.326717686249062,6.153191754545272,0.2760243094879098,EXT,HTB,IREDA
2025-12-12 15:15:00+05:30,IREDA,11,11.0,18,22.058823529412603,0.8081713660005475,4.212986086336069,7.3475385745771,29.390154298310485,7.74046517388576,8.58547853925625,9.128701416994495,0.38009549229315726,EXT,HTB,IREDA
2025-12-15 15:15:00+05:30,IREDA,11,10.0,15,6.645499520047508,0.8032998370450842,4.083879875733517,-5.910602142594201,0.7388252678234876,4.812178356373443,6.3127165547073965,7.116576303814943,0.3097455773686487,EXT,HTB,IREDA
2025-12-16 15:15:00+05:30,IREDA,11,9.0,14,22.576760987355733,0.7922278056951424,3.8129635601418896,37.48687959214275,59.97900734742712,16.041729594136214,11.47815605400911,9.196369283945566,0.3824594766018227,EXT,HTB,IREDA
2025-12-17 15:15:00+05:30,IREDA,11,8.0,13,50.23595676663089,0.7771227170778596,3.486774008050604,-10.667479427002922,39.62206644315835,3.256496380227459,9.784336824734098,12.815119888255197,0.5087023343247941,EXT,HTB,IREDA
2025-12-18 15:15:00+05:30,IREDA,11,7.0,12,34.96237744166448,0.7579465186680121,3.1313183949973946,-24.380952380951864,10.666666666665627,0.0,7.2238528138855855,10.815581468747181,0.4389902459101691,EXT,HTB,IREDA
2025-12-19 15:15:00+05:30,IREDA,11,6.0,11,59.176029962546224,0.7298925532575616,2.702230397792596,-37.59398496240601,21.804511278194887,0.0,8.292906658967897,13.986932884887155,0.5495068608739917,EXT,HTB,IREDA
2025-12-22 15:15:00+05:30,IREDA,11,5.0,8,37.49724284978979,0.6797525576968831,2.12258543833581,-30.23598820058972,7.3746312684361595,0.0,6.997981508574859,11.147220805681533,0.4505599479224245,EXT,HTB,IREDA
2025-12-23 15:15:00+05:30,IREDA,11,4.0,7,44.8171172473619,0.6267801110306541,1.6793856103476152,25.955299206920348,70.65609228550755,19.801428773524222,13.644575515482604,12.10536220097226,0.4839695188115074,EXT,HTB,IREDA
2025-12-24 15:15:00+05:30,IREDA,11,3.0,6,80.4697694649837,0.47978561503341494,0.9222844060035614,-28.353326063248733,52.34460196292249,0.0,11.884105624369553,16.782242654180724,0.6466963289933239,EXT,HTB,IREDA
2025-12-26 15:15:00+05:30,IREDA,11,2.0,4,114.1115599971659,0.3295991280125954,0.49164483786469154,-16.328269203463705,97.96961522078828,0.0,17.479758253381704,21.210780101535065,0.8002451092829719,EXT,HTB,IREDA
2025-12-29 15:15:00+05:30,IREDA,11,1.0,1,117.62159041708931,0.18351704041555808,0.2247653037473815,5.048683736025472,122.61089073206035,24.682348983139224,21.777447823225817,21.673701353228978,0.8162656861081924,EXT,HTB,IREDA
2025-12-30 15:15:00+05:30,IREDA,11,0.0,0,-67.89807987150522,0.05719878207916485,0.06066897347174164,20.40072859744999,-47.35883424408056,,0.09101032317900548,0.0,-0.030488266101959434,EXT,HTB,IREDA
2025-12-31 15:15:00+05:30,IREDA,12,17.0,27,12.806830309498883,0.9122340425531915,10.393939393939394,-59.404523332379945,-46.52161465788761,0.0,3.169815696772217,7.920531747506418,0.024529996156703187,EXT,HTB,IREDA
2026-01-01 15:15:00+05:30,IREDA,12,16.0,26,12.93103448275707,0.9107351626435596,10.202619414483822,7.178750897345494,20.100502512562894,7.258148089176634,7.610012382219231,7.9367435114729945,0.0249260486050392,EXT,HTB,IREDA
2026-01-02 15:15:00+05:30,IREDA,12,15.0,25,-17.625923666193433,0.899864970506716,8.986515259048971,-34.69387755101979,-52.38095238095308,1.193460362696859,2.6520475284258693,3.9543574978267126,-0.07251156376435945,EXT,HTB,IREDA
2026-01-05 15:15:00+05:30,IREDA,12,14.0,22,12.495661228740493,0.8959697562951462,8.612589227774173,15.249185554862331,27.72579191793205,8.781909481397065,8.276793833379694,7.8799172527946295,0.023537764792426523,EXT,HTB,IREDA
2026-01-06 15:15:00+05:30,IREDA,12,13.0,21,18.11215604319187,0.893527910477063,8.392132759680393,0.0,18.11215604319187,6.25,7.60039410423468,8.61318968241069,0.04144719942717097,EXT,HTB,IREDA
2026-01-07 15:15:00+05:30,IREDA,12,12.0,20,16.455262255740877,0.8934811423063019,8.388009049773755,18.47796331782167,34.902819600327874,9.625347744366202,8.90871110324586,8.396827788159914,0.036163827508671954,EXT,HTB,IREDA
2026-01-08 15:15:00+05:30,IREDA,12,11.0,19,37.20131635427173,0.8815224063842848,7.4404145077720205,83.00815892160253,119.90067399787142,22.262856429292384,15.617707950400247,11.108500054009152,0.10231720467382187,EXT,HTB,IREDA
2026-01-09 15:15:00+05:30,IREDA,12,10.0,18,68.67016170715549,0.8672364672364672,6.532188841201717,121.80889861414934,189.64259664478442,31.101805493671485,21.442242276362677,15.23252306523555,0.2026625708670256,EXT,HTB,IREDA
2026-01-12 15:15:00+05:30,IREDA,12,9.0,15,106.15711252653927,0.8454379931215861,5.469895287958115,45.79077139837811,151.46178231771592,17.418010189345907,19.204998577985098,20.16231378618476,0.3221979959916393,EXT,HTB,IREDA
2026-01-13 15:15:00+05:30,IREDA,12,8.0,14,125.26843235504653,0.8303637166838462,4.894965277777778,28.55103497501825,153.4618129907213,13.704309172975101,19.68995411447191,22.682776585220324,0.38313866175557265,EXT,HTB,IREDA
2026-01-14 15:15:00+05:30,IREDA,12,7.0,13,153.75689004931857,0.8093579363585012,4.245432098765432,13.037809647979634,166.5942343908454,9.913004182559337,21.205877091502288,26.448996656368607,0.4739804034068708,EXT,HTB,IREDA
2026-01-16 15:15:00+05:30,IREDA,12,6.0,11,192.6895638743844,0.7769128704113224,3.4825535289452816,19.817968291251486,212.1256605989441,12.832486938145138,26.31637638497315,31.61361866765555,0.5981258357558459,EXT,HTB,IREDA
2026-01-19 15:15:00+05:30,IREDA,12,5.0,8,175.79143389199356,0.7219642782448655,2.596660147434933,-35.13230677231267,141.27672297802474,0.0,20.67603476708625,29.369480057789122,0.5442424148025576,EXT,HTB,IREDA
2026-01-20 15:15:00+05:30,IREDA,12,4.0,7,213.10970918602834,0.6933950865888039,2.2615263365296205,16.89708141321036,229.64669738863248,15.06807310738741,30.47814270376422,34.33066010285843,0.6632399807471101,EXT,HTB,IREDA
2026-01-21 15:15:00+05:30,IREDA,12,3.0,6,236.30672926447542,0.6038284054007862,1.5241587575496118,31.201248049921336,266.77067082683214,25.260432137405598,35.27754587774764,37.42407025067796,0.7372088044602294,EXT,HTB,IREDA
2026-01-22 15:15:00+05:30,IREDA,12,2.0,5,337.1044182846657,0.3869999531022839,0.6313212455053171,-29.901096373532646,308.2113010810404,0.0,40.87643495234799,50.95173253337202,1.0586245063309936,EXT,HTB,IREDA
2026-01-23 15:15:00+05:30,IREDA,12,1.0,4,264.5171388323678,0.2148675171736997,0.273670395600275,9.382329945270097,273.65129007036745,14.815394871723347,37.89838381905321,41.195953668671784,0.827163928228093,EXT,HTB,IREDA
2026-01-27 15:15:00+05:30,IREDA,12,0.0,0,37.197768133911175,0.08742357579566883,0.0957986350259846,-13.19158842244025,24.055249476216517,,9.389551242609244,11.108035791103926,0.1023058903892518,EXT,HTB,IREDA
2026-01-28 15:15:00+05:30,IREDA,13,20.0,27,165.15151515151567,0.9119678442028986,10.359485530546623,158.8011630507713,321.33005293372116,27.88984466512683,25.79282001256872,24.127535729654916,0.4731555254243924,EXT,HTB,IREDA
2026-01-29 15:15:00+05:30,IREDA,13,19.0,26,154.87907225146878,0.9106654003016929,10.193871169480925,164.340387212967,316.67417079393664,29.51253868681517,25.825967934774585,23.00682559497884,0.43224135416423387,EXT,HTB,IREDA
2026-01-30 15:15:00+05:30,IREDA,13,18.0,25,175.71884984025576,0.9100134559318233,10.112772585669783,61.238376048990865,235.88115218870524,15.2182911956877,21.01750932386247,25.281640300461657,0.5152442228671936,EXT,HTB,IREDA
2026-02-01 15:15:00+05:30,IREDA,13,17.0,23,246.46464646464625,0.901854290103138,9.188932364449412,403.25707638619537,639.7828615742525,71.57124248118353,48.58782551177506,33.04021991482217,0.7970180586714739,EXT,HTB,IREDA
2026-02-02 15:15:00+05:30,IREDA,13,16.0,22,240.9733124018844,0.8959393611261505,8.609781477627472,70.14809041309475,309.4310210444281,17.929217711307498,26.736896410199662,32.435982627129825,0.7751465929961033,EXT,HTB,IREDA
2026-02-03 15:15:00+05:30,IREDA,13,15.0,21,206.73039558560524,0.8956100745253767,8.579468473163105,64.09266409266506,269.49806949806907,17.42576804325348,24.380288134848282,28.67572701495098,0.6387602848218118,EXT,HTB,IREDA
2026-02-04 15:15:00+05:30,IREDA,13,14.0,20,143.03011957015184,0.8644006415231,6.374666157954979,0.7567158531985869,143.77601210745408,6.388105868619637,16.03873250396297,21.715571701223805,0.3850480931284677,EXT,HTB,IREDA
2026-02-05 15:15:00+05:30,IREDA,13,13.0,19,123.01068655339388,0.8659924789104584,6.462267728479333,-13.086989992300808,110.08468052348012,3.737563996474395,13.87334153973207,19.537452519787802,0.3053125794878741,EXT,HTB,IREDA
2026-02-06 15:15:00+05:30,IREDA,13,12.0,18,75.58048932522976,0.8554731621077445,5.9191301393136255,27.197140414950216,102.5720724220991,11.772488899275245,13.486949692164307,14.394605406046814,0.11640257714682005,EXT,HTB,IREDA
2026-02-09 15:15:00+05:30,IREDA,13,11.0,15,72.09302325581449,0.8523122094445804,5.771040424121935,-10.864504112989783,61.30684463759277,3.607739082139062,10.830790427486537,14.01743072690445,0.10251232870091269,EXT,HTB,IREDA
2026-02-10 15:15:00+05:30,IREDA,13,10.0,14,81.83943881527757,0.8374875845433477,5.15337601862631,54.263565891471984,135.65891472868216,20.435810358069197,16.636340332978346,15.071852675588035,0.14133138267401643,EXT,HTB,IREDA
2026-02-11 15:15:00+05:30,IREDA,13,9.0,13,119.00958466453747,0.8140660834111951,4.378254910918227,118.38989739542225,235.9905288082091,39.68857277922888,24.796636627891296,19.10266104061524,0.2893765680149588,EXT,HTB,IREDA
2026-02-12 15:15:00+05:30,IREDA,13,8.0,12,122.65453659329097,0.7967188849142716,3.9192961165048543,151.20000000000005,272.00000000000045,52.59122928844834,28.13156573072954,19.498743298593542,0.30389406778586386,EXT,HTB,IREDA
2026-02-13 15:15:00+05:30,IREDA,13,7.0,11,132.21757322175716,0.7794117647058824,3.533333333333333,337.18767688202485,464.9470364680197,120.0648189052375,44.86724277605071,20.53861520484315,0.341982740771571,EXT,HTB,IREDA
2026-02-16 15:15:00+05:30,IREDA,13,6.0,8,159.33412604042846,0.7645525629887054,3.2472324723247232,55.18328734725965,213.63815530153676,31.497099996897422,25.01736582576479,23.492722491380672,0.44998541324232155,EXT,HTB,IREDA
2026-02-17 15:15:00+05:30,IREDA,13,5.0,7,158.1183134046574,0.7382778524551277,2.820845921450151,-1.5735641227388066,156.56963021243075,5.429563256227535,20.298785783235097,23.360096303501315,0.44514294617930444,EXT,HTB,IREDA
2026-02-18 15:15:00+05:30,IREDA,13,4.0,6,225.52858261550585,0.6624656648893198,1.9626615605552895,-11.760094080753092,214.03371226969847,0.0,25.99261738725524,30.738347615875973,0.7136316908744396,EXT,HTB,IREDA
2026-02-19 15:15:00+05:30,IREDA,13,3.0,5,225.03403539681287,0.5654780135637716,1.3013795186788844,18.385291766585915,243.00559552358052,19.683615824425,29.273723025970614,30.684032908550808,0.7116619559439347,EXT,HTB,IREDA
2026-02-20 15:15:00+05:30,IREDA,13,2.0,4,318.3505806145826,0.35882492300402746,0.5596364173810228,-7.905763301447429,310.6964977468569,0.0,36.56665762767573,40.981694866489235,1.0833329547117867,EXT,HTB,IREDA
2026-02-23 15:15:00+05:30,IREDA,13,1.0,1,271.5642414253194,0.18556857200565544,0.2278504557009114,-7.068803016022889,264.6874018221796,0.0,34.22500152980794,35.806384402684785,0.8969873782163803,EXT,HTB,IREDA
2026-02-24 15:15:00+05:30,IREDA,13,0.0,0,215.92976350549742,0.07407206130101625,0.07999765230660875,-18.22503961965166,198.09825673534073,,27.729896496072804,29.684627390464378,0.6754004996394536,EXT,HTB,IREDA
2026-02-25 15:15:00+05:30,IREDA,14,21.0,33,43.32897318508722,0.9137122002085506,10.589123867069487,202.64317180616752,245.09411293552168,28.89377610095758,20.858693256078247,11.715323122249938,0.030053487703840278,EXT,HTB,IREDA
2026-02-26 15:15:00+05:30,IREDA,14,20.0,32,82.47591050138747,0.9128903375039428,10.47978273989137,155.94855305466334,237.13826366559508,24.17804063491819,20.610371430766584,16.67363299859928,0.1338273066311187,EXT,HTB,IREDA
2026-02-27 15:15:00+05:30,IREDA,14,19.0,31,71.33864876206533,0.911904881352531,10.351366742596811,253.57873210633898,323.1083844580779,36.49192759914202,26.230317400472902,15.261009946723005,0.10430376629017661,EXT,HTB,IREDA
2026-03-02 15:15:00+05:30,IREDA,14,18.0,28,80.24851151954499,0.9071704245378834,9.772428884026258,60.89193825042828,140.65180102915957,14.211964743156031,15.320590759916147,16.390988293339742,0.1279227400298311,EXT,HTB,IREDA
2026-03-04 15:15:00+05:30,IREDA,14,17.0,26,36.981597252794536,0.9044616617686347,9.467002237136466,-7.049079214027518,29.958586659616635,5.260766344095437,8.241144836777984,10.913208312976112,0.013227358105527205,EXT,HTB,IREDA
2026-03-05 15:15:00+05:30,IREDA,14,16.0,25,47.33218588640251,0.9047011952191235,9.493311036789297,-17.24137931034507,30.172413793102958,3.7349261652886123,8.292514604730506,12.221470155973714,0.0406655227306697,EXT,HTB,IREDA
2026-03-06 15:15:00+05:30,IREDA,14,15.0,24,64.62731581214994,0.9028262114193515,9.29084092126406,109.93693540139817,173.85375830918753,23.062159723761464,18.328246832614493,14.410525819251541,0.08651283044561948,EXT,HTB,IREDA
2026-03-09 15:15:00+05:30,IREDA,14,14.0,21,69.91769183113479,0.8985158862876255,8.853759011328528,155.0927942842207,223.92611309575614,33.417830295567,22.78240680090611,15.080893235806887,0.10053698049893035,EXT,HTB,IREDA
2026-03-10 15:15:00+05:30,IREDA,14,13.0,20,84.39897698209676,0.8857036287099697,7.749184149184149,0.8524422470381993,85.24422470377631,6.405577341213557,12.62704399150768,16.917710646882817,0.13892512440270585,EXT,HTB,IREDA
2026-03-11 15:15:00+05:30,IREDA,14,12.0,19,72.33745860205667,0.882233719131687,7.4913949275362315,-4.359577992850045,68.00941668846465,5.4126846262513535,11.439215238714231,15.387631846879568,0.10695149095483093,EXT,HTB,IREDA
2026-03-12 15:15:00+05:30,IREDA,14,11.0,18,74.76153647847423,0.8772303595206391,7.145336225596529,53.846153846153456,128.2051282051282,17.19830615214586,16.270729287460345,15.694991923172747,0.11337742963249685,EXT,HTB,IREDA
2026-03-13 15:15:00+05:30,IREDA,14,10.0,17,136.8421052631581,0.8652445902984309,6.420852359208523,105.8843950703002,241.2775559798647,29.105217688562853,25.62959427620801,23.592159862068982,0.2779455451893104,EXT,HTB,IREDA
2026-03-16 15:15:00+05:30,IREDA,14,9.0,14,87.38203425375744,0.8362560962955277,5.107097591888467,45.233124565065765,132.2199025748083,18.069673999527797,17.548175186598865,17.2964171389781,0.14683285017593303,EXT,HTB,IREDA
2026-03-17 15:15:00+05:30,IREDA,14,8.0,13,121.18607649333879,0.8203728012601733,4.567085647471499,-2.579092159559933,118.63823933975202,5.525963642089106,16.621875375116712,21.595904772680793,0.2364432973492733,EXT,HTB,IREDA
2026-03-18 15:15:00+05:30,IREDA,14,7.0,12,115.25423728813554,0.7961582869738637,3.9057672502574667,-5.087332541970686,110.22553840936045,4.70299649119204,16.11724291191141,20.840379361864226,0.22071870559863901,EXT,HTB,IREDA
2026-03-19 15:15:00+05:30,IREDA,14,6.0,11,150.41449448765104,0.7832876570660323,3.614411834884276,33.219761499148255,183.13458262350986,17.29127045038425,23.115943284479872,25.325301945688484,0.3139243153907436,EXT,HTB,IREDA
2026-03-20 15:15:00+05:30,IREDA,14,5.0,10,158.22237592944825,0.7679568838804508,3.309543918918919,53.31957344341285,210.69831441348492,25.763713806201178,26.179906279604364,26.323420925605657,0.334622069301861,EXT,HTB,IREDA
2026-03-23 15:15:00+05:30,IREDA,14,4.0,7,201.46520146520172,0.7321272384109009,2.7331156556109297,134.6101725539791,333.3634474658956,76.91628430936701,40.62556508751008,31.86573630982057,0.44925359489971783,EXT,HTB,IREDA
2026-03-24 15:15:00+05:30,IREDA,14,3.0,6,226.31578947368405,0.6639635580918056,1.9758677193505139,52.35602094240789,277.4869109947638,38.18358164070738,35.59700081745416,35.06184616436728,0.515129512583701,EXT,HTB,IREDA
2026-03-25 15:15:00+05:30,IREDA,14,2.0,5,289.09992436339166,0.4591738166941303,0.8490229039714225,4.200268817205256,293.17876344086096,9.316840359353826,38.194192773538575,43.17304663805314,0.6815626972006095,EXT,HTB,IREDA
2026-03-27 15:15:00+05:30,IREDA,14,1.0,3,288.99203082581636,0.2368888888888889,0.31042516016307514,-3.5041611914141075,285.5891371003071,1.9873506906828382,39.299214730932,43.15906273509566,0.6812766844190399,EXT,HTB,IREDA
2026-03-30 15:15:00+05:30,IREDA,14,0.0,0,63.48330113165864,0.10525649946233158,0.11763874160480735,28.440366972477275,91.74311926605505,,17.85027280447325,14.26560949851609,0.08348018522629554,EXT,HTB,IREDA
2026-04-01 15:15:00+05:30,IREDA,15,17.0,27,169.1629955947138,0.9196748415541471,11.449399656946827,50.84151472650756,219.14446002805047,13.140550765751357,20.954943637709583,28.49025104995504,0.6432906781890033,EXT,HTB,IREDA
2026-04-02 15:15:00+05:30,IREDA,15,16.0,26,198.4268859492312,0.9180073002568608,11.196207749381697,262.8372497824204,456.048738033073,43.64188665441216,37.8005424643793,32.376437145062994,1.2063650050820638,EXT,HTB,IREDA
2026-04-06 15:15:00+05:30,IREDA,15,15.0,22,150.72765072765029,0.9142583862813418,10.662948207171315,22.47191011235999,172.86084701815037,9.982489558707622,18.979180413492585,26.048008942252242,0.28857128591719555,EXT,HTB,IREDA
2026-04-07 15:15:00+05:30,IREDA,15,14.0,21,162.22781296087365,0.9127708872836309,10.4640625,38.88696854476347,200.48392671966758,13.022101360380029,21.335739626965626,27.570968326904755,0.5098489776453441,EXT,HTB,IREDA
2026-04-08 15:15:00+05:30,IREDA,15,13.0,20,113.86742578283902,0.8915516131339867,8.220976253298153,-3.2544137987150155,110.65006915629317,5.656166105555286,14.710912509658963,21.17858851259023,-0.4206661428214099,EXT,HTB,IREDA
2026-04-09 15:15:00+05:30,IREDA,15,12.0,19,138.5605998858915,0.8830434167727337,7.550181378476421,21.14680764538472,159.4143960959746,10.316714466185267,18.729793520675628,24.438668593365527,0.054461812432942604,EXT,HTB,IREDA
2026-04-10 15:15:00+05:30,IREDA,15,11.0,18,145.57217953902233,0.8719081272084805,6.8068965517241375,12.11631663974083,157.51211631663998,8.708409407337307,18.84772122921175,25.365850257559497,0.18937348842048862,EXT,HTB,IREDA
2026-04-13 15:15:00+05:30,IREDA,15,10.0,15,151.821044981022,0.847836265132767,5.571868131868132,-30.781692993114255,121.50668286755771,0.0,16.627112237627053,26.192729950905104,0.30960957664982125,EXT,HTB,IREDA
2026-04-15 15:15:00+05:30,IREDA,15,9.0,13,187.66756032171546,0.8190528332877087,4.526475037821482,-45.148514851484606,143.36633663366354,0.0,19.105474600004943,30.946273137478553,0.9993419482655089,EXT,HTB,IREDA
2026-04-16 15:15:00+05:30,IREDA,15,8.0,12,172.98633099081079,0.7897090272827425,3.755315870570108,-7.728572532654977,165.39145219877784,3.900133793300812,21.468167556221648,28.99732488318778,0.7168564952612845,EXT,HTB,IREDA
2026-04-17 15:15:00+05:30,IREDA,15,7.0,11,171.5484305940535,0.7690126956736103,3.3292422625400215,-36.0875122171279,136.07999398541483,0.0,19.073139620907494,28.806598705511348,0.6891894698509605,EXT,HTB,IREDA
2026-04-20 15:15:00+05:30,IREDA,15,6.0,8,139.97846485156296,0.7517773225689842,3.0286407766990293,-16.949152542372794,123.26656394453178,0.0,18.825527280412082,24.626107877714034,0.08174333076488488,EXT,HTB,IREDA
2026-04-21 15:15:00+05:30,IREDA,15,5.0,7,116.063138347262,0.7182751786679479,2.5495629929652526,-20.158164056444363,96.13893626918862,0.0,16.324422825164845,21.46814421550679,-0.37841785117989035,EXT,HTB,IREDA
2026-04-22 15:15:00+05:30,IREDA,15,4.0,6,131.15916341722954,0.6663328882955051,1.9969989996665556,-27.013577877303184,104.49989336745567,0.0,17.5273984184975,23.46064887466232,-0.0879512026223248,EXT,HTB,IREDA
2026-04-23 15:15:00+05:30,IREDA,15,3.0,5,176.5778912805557,0.5302088513177524,1.1286054511775603,17.481244081869086,193.75045524073104,19.0224753732461,27.890299091530522,29.47383904122427,0.7859626656352374,EXT,HTB,IREDA
2026-04-24 15:15:00+05:30,IREDA,15,2.0,4,175.18248175182524,0.41802067946824223,0.7182741116751269,-57.260314197621575,118.92526794890652,0.0,19.896219187277744,29.288680876380734,0.7591132183604059,EXT,HTB,IREDA
2026-04-27 15:15:00+05:30,IREDA,15,1.0,1,83.70012266397262,0.24162120031176929,0.3186022610483042,-20.96890817064295,62.90672451193091,0.0,14.192578854974192,17.20682747354276,-1.0011232758974455,EXT,HTB,IREDA
2026-04-28 15:15:00+05:30,IREDA,15,0.0,0,-38.30033241797956,0.1119038678182501,0.12600422832980973,-15.923566878980811,-54.28488708743486,,0.0,1.2668148978535188,-3.34856660259488,EXT,HTB,IREDA
2026-04-29 15:15:00+05:30,IREDA,16,18.0,27,56.46036916395231,0.8826325954538702,7.520253164556962,-53.12181632950213,3.6384805705125127,0.0,6.46423985003684,12.15469471941082,0.17425914710180876,EXT,HTB,IREDA
2026-04-30 15:15:00+05:30,IREDA,16,17.0,26,24.384837064953263,0.8783492911749424,7.220256253813301,5.1698670605607955,29.54209748892213,6.975957470240394,8.020299089355772,8.796095720698563,0.007891993433543036,EXT,HTB,IREDA
2026-05-04 15:15:00+05:30,IREDA,16,16.0,22,62.37158790724936,0.8793471068303801,7.28823887873248,-25.011034279829587,37.51655141974334,2.1056226404096163,8.656893406477906,12.774835030863782,0.20491904805052982,EXT,HTB,IREDA
2026-05-05 15:15:00+05:30,IREDA,16,15.0,21,55.04587155963303,0.8757553426676492,7.048635824436536,-42.01061320754667,13.266509433962767,0.0,7.115266212858279,12.00635579032343,0.16692252866084695,EXT,HTB,IREDA
2026-05-06 15:15:00+05:30,IREDA,16,14.0,20,45.888265714909714,0.8716009888032572,6.788221970554926,-43.16020482809096,2.92611558156489,0.0,6.4442160867348015,11.046504166461892,0.11942449139991448,EXT,HTB,IREDA
2026-05-07 15:15:00+05:30,IREDA,16,13.0,19,30.84153326479776,0.8693017888055395,6.6512141280353205,-38.331121922453946,-7.371369600471349,0.0,5.75193356678961,9.471301377229155,0.04138113916473289,EXT,HTB,IREDA
2026-05-08 15:15:00+05:30,IREDA,16,12.0,18,3.715538381510214,0.860969112247102,6.192646297255308,2.2288261515602628,5.9435364041592935,6.702006788165265,6.659440704856301,6.637549576297386,-0.09931409685578878,EXT,HTB,IREDA
2026-05-11 15:15:00+05:30,IREDA,16,11.0,15,31.333588077951596,0.8560145383378766,5.945145631067962,5.346776657500244,36.663611365718744,7.551396931607049,8.931362059658786,9.522775685966621,0.04393329507162519,EXT,HTB,IREDA
2026-05-12 15:15:00+05:30,IREDA,16,10.0,14,67.07122325135653,0.8473751058425063,5.552011095700416,-7.191370355572449,59.92808629644426,4.375780843900684,10.727460640891897,13.26813255968838,0.22929479193732535,EXT,HTB,IREDA
2026-05-13 15:15:00+05:30,IREDA,16,9.0,13,69.32004050159564,0.8292148675474023,4.855310621242485,-21.856217313244297,47.61533057528793,0.12014301425245996,9.879396715623942,13.504262376133266,0.2409588018713664,EXT,HTB,IREDA
2026-05-14 15:15:00+05:30,IREDA,16,8.0,12,61.10294686363927,0.8091417784669318,4.2394913458142,-13.941600185886328,47.24653396328817,2.012383215503198,9.927840842008044,12.641712028238233,0.19833894834085938,EXT,HTB,IREDA
2026-05-15 15:15:00+05:30,IREDA,16,7.0,11,49.70414201183396,0.7850818352562383,3.6529338327091136,18.899125915426012,68.50933144341998,12.527006966563981,11.70477306802152,11.446356699908103,0.13921641492311926,EXT,HTB,IREDA
2026-05-18 15:15:00+05:30,IREDA,16,6.0,8,105.2714896311539,0.7655768852781236,3.265790944661822,51.18513268761253,155.9177888022671,29.663188394893403,19.589144932422307,17.286506426714606,0.4274292941916078,EXT,HTB,IREDA
2026-05-19 15:15:00+05:30,IREDA,16,5.0,7,66.08449374557497,0.7344192189170492,2.765332701870708,45.422507635680034,111.20682903907915,29.9885473922063,15.968542130691171,13.164541078388142,0.22417689151370326,EXT,HTB,IREDA
2026-05-20 15:15:00+05:30,IREDA,16,4.0,6,98.4251968503937,0.7097232079489,2.444987775061125,-11.824990145841994,86.71659440283756,0.0,14.003558850942538,16.56518937068878,0.39191941583326206,EXT,HTB,IREDA
2026-05-21 15:15:00+05:30,IREDA,16,3.0,5,70.37297677691811,0.6029728143946802,1.51871921182266,-29.015056461731852,41.5621079046425,0.0,10.050445554878639,13.614840940470371,0.24642009899276102,EXT,HTB,IREDA
2026-05-22 15:15:00+05:30,IREDA,16,2.0,4,90.76099604375158,0.38744657778911784,0.6325106737477871,3.1019775106624308,93.83481969755672,9.080993585104956,15.073439053275356,15.758289963923364,0.3521672686387073,EXT,HTB,IREDA
2026-05-25 15:15:00+05:30,IREDA,16,1.0,1,213.79681611935715,0.1788316502620478,0.21777708592777087,-25.443330763300892,188.89745566692278,0.0,25.585303056929444,28.78774638827908,0.9903209591852199,EXT,HTB,IREDA
2026-05-26 15:15:00+05:30,IREDA,16,0.0,0,183.86029694592003,0.054926345399363384,0.05811858698206313,-24.67802884244788,159.6359990745734,,23.03206453510775,25.602460088205714,0.8350482899665659,EXT,HTB,IREDA
2026-05-27 15:15:00+05:30,IREDA,17,22.0,34,49.234556504347616,0.9332432730600086,13.979763775700329,9.222965183306782,58.412112827608894,7.240569308358068,9.698860205518574,12.683927723499034,0.012923152761570217,EXT,HTB,IREDA
2026-05-29 15:15:00+05:30,IREDA,17,21.0,32,47.288776796973075,0.9335059141406095,14.038931463989385,628.5545461260057,672.8709653593312,80.29680245773679,48.62518528048067,12.429051363616516,0.008653442269634373,EXT,HTB,IREDA
2026-06-01 15:15:00+05:30,IREDA,17,20.0,29,167.71488469601678,0.9161796383874778,10.930275421892322,545.46896059621,704.0355189090618,76.84728219202654,52.99863250357939,28.298245326259142,0.2729097784061332,EXT,HTB,IREDA
2026-06-02 15:15:00+05:30,IREDA,17,19.0,28,112.21122112211216,0.90837317790307,9.913834804203102,314.0733637017496,422.76032925757147,47.84842851156629,34.40432525792812,20.960222004290156,0.15111563397950462,EXT,HTB,IREDA
2026-06-03 15:15:00+05:30,IREDA,17,18.0,27,87.3506386485363,0.904296549447905,9.448944047797552,109.2183552041734,195.614964544787,21.09592433379858,19.360371819900383,17.686803324355804,0.09656295804154398,EXT,HTB,IREDA
2026-06-04 15:15:00+05:30,IREDA,17,17.0,26,121.82072598567699,0.9005704627086415,9.057373565660859,138.79870129870193,258.9285714285712,25.871692788309986,23.98222617863952,22.227721469659866,0.17220219561994496,EXT,HTB,IREDA
2026-06-05 15:15:00+05:30,IREDA,17,16.0,25,99.53113432590227,0.8961797426280276,8.63203160262982,153.0860197634862,251.09347156973877,28.77340306114903,23.763089244198948,19.28959476477922,0.12329115856368965,EXT,HTB,IREDA
2026-06-08 15:15:00+05:30,IREDA,17,15.0,22,127.30579371265253,0.8898381383242787,8.077551747842248,369.47456213511316,492.07673060884116,68.71030325200928,43.08551795645042,22.951758081368414,0.1842383223891189,EXT,HTB,IREDA
2026-06-09 15:15:00+05:30,IREDA,17,14.0,21,113.91575151614495,0.8871569475247006,7.861865910786964,49.743129739867854,163.09222865530458,14.917404801587208,18.4988653097438,21.184960690861157,0.15485596043046004,EXT,HTB,IREDA
2026-06-10 15:15:00+05:30,IREDA,17,13.0,20,87.86896434055632,0.8782697470464794,7.214884761488363,272.19917012448144,357.676348547718,56.61496643542851,33.94663399712047,17.75496796975756,0.09770034303793902,EXT,HTB,IREDA
2026-06-11 15:15:00+05:30,IREDA,17,12.0,19,118.03222193503838,0.8734911682166787,6.904586469605186,198.44620841074214,314.13612565445015,44.75590499437405,31.03707464559863,21.72786833750092,0.16388891358064397,EXT,HTB,IREDA
2026-06-12 15:15:00+05:30,IREDA,17,11.0,18,88.30568622596412,0.8684963950882495,6.6043542735659635,84.28805237315885,171.8494271685768,23.414182779629396,20.00440422351817,17.81240372316109,0.09865866119138494,EXT,HTB,IREDA
2026-06-15 15:15:00+05:30,IREDA,17,10.0,15,111.9015266565427,0.8618496292956493,6.238489443796388,-5.598208573256012,106.3659628918756,4.888150407520522,15.327099469873446,20.919393610419586,0.15043605771302138,EXT,HTB,IREDA
2026-06-16 15:15:00+05:30,IREDA,17,9.0,14,79.14523149980214,0.8559894068040029,5.9439336218760594,-11.885895404119768,67.35340729001652,3.1530174257999892,12.123132877442385,16.60819060326357,0.07855747013313716,EXT,HTB,IREDA
2026-06-17 15:15:00+05:30,IREDA,17,8.0,13,78.93905904641616,0.8477761730978778,5.569273814427133,-4.738587900805739,74.23787711262027,4.91986544325093,12.883635674498517,16.581100424720518,0.07810505679773547,EXT,HTB,IREDA
2026-06-18 15:15:00+05:30,IREDA,17,7.0,12,89.74559076010549,0.8048726819817327,4.124859041553486,10.91362644215893,100.56127221702575,9.5713741178231,15.47266635691113,18.001791602234608,0.10181830741110263,EXT,HTB,IREDA
2026-06-19 15:15:00+05:30,IREDA,17,6.0,11,121.38773592293815,0.7920853569081504,3.8096660491499583,0.0,121.38773592293815,6.25,17.680162367681678,22.170583297842335,0.17125206637007498,EXT,HTB,IREDA
2026-06-22 15:15:00+05:30,IREDA,17,5.0,8,122.89138233722505,0.7555605876076876,3.0909933067383286,-1.5268341094726168,121.3833117031837,5.553435113151192,18.63222181974012,22.369018021622537,0.17455158421729586,EXT,HTB,IREDA
2026-06-23 15:15:00+05:30,IREDA,17,4.0,7,171.14914425427887,0.714225982476043,2.499268438272796,40.062843676354355,210.52631578947313,27.18186890827137,28.439286952168487,28.75364146314271,0.28044572608426366,EXT,HTB,IREDA
2026-06-24 15:15:00+05:30,IREDA,17,3.0,6,385.5195110484251,0.5167085708089646,1.0691449084331268,-11.76747469992984,374.2056954577545,0.0,47.19300659840263,57.49958055006186,0.7508481055479305,EXT,HTB,IREDA
2026-06-25 15:15:00+05:30,IREDA,17,2.0,5,425.48189938881103,0.321809571037049,0.4745121094220414,-40.1227283455279,387.0663205097948,0.0,49.912453597040965,62.92913985998585,0.8385393421936195,EXT,HTB,IREDA
2026-06-29 15:15:00+05:30,IREDA,17,1.0,1,445.7605985037406,0.20112757731958764,0.25176432632979795,-62.73525721455436,385.8218318695108,0.0,55.771930731119866,65.69301437455022,0.8830377887781271,EXT,HTB,IREDA
2026-06-30 15:15:00+05:30,IREDA,18,20.0,28,154.225296128469,0.9225815893458218,11.916824196597354,231.42036188553266,382.07657062980627,36.771844156223935,31.64142793369337,26.51101171116266,0.11864285623974558,EXT,HTB,IREDA
2026-07-01 15:15:00+05:30,IREDA,18,19.0,27,123.45679012345657,0.9216647162083089,11.765639589169002,191.40625000000023,312.5,32.37612994573502,27.319590699676016,22.443642140976213,-0.012856363653639756,EXT,HTB,IREDA
2026-07-02 15:15:00+05:30,IREDA,18,18.0,26,147.18614718614643,0.9192644090603275,11.386111111111111,112.84046692607026,258.3657587548633,22.18111929893091,23.94317414098604,25.579367922894434,0.08855876328840197,EXT,HTB,IREDA
2026-07-03 15:15:00+05:30,IREDA,18,17.0,25,144.34134348481302,0.9153787878787879,10.817367949865712,183.72907746204638,325.4184507590497,33.323927371305814,29.033648291256792,25.20304196978437,0.07640056921117848,EXT,HTB,IREDA
2026-07-06 15:15:00+05:30,IREDA,18,16.0,22,168.4143628852868,0.9122859944188852,10.400687876182287,65.50390655828257,232.81508957461833,17.153443610604306,23.44646731858448,28.39098594628317,0.17928444895252613,EXT,HTB,IREDA
2026-07-07 15:15:00+05:30,IREDA,18,15.0,21,152.64093038281266,0.9058927649531676,9.626175548589341,125.99681020733752,276.7145135566187,28.288578520585837,27.15296795658391,26.30126003358244,0.11187155380648243,EXT,HTB,IREDA
2026-07-08 15:15:00+05:30,IREDA,18,14.0,20,148.19107542015118,0.8852928540741801,7.717852684144819,25.598678777868546,173.410404624277,10.927748643893468,19.552088475716143,25.71233121273231,0.09285365101544775,EXT,HTB,IREDA
2026-07-09 15:15:00+05:30,IREDA,18,13.0,19,177.40737684627376,0.8717913140002775,6.79978354978355,74.52907452907425,250.61425061424964,20.621047288083997,25.96062906730885,29.583916703211376,0.2177190196842821,EXT,HTB,IREDA
2026-07-10 15:15:00+05:30,IREDA,18,12.0,18,167.14195183776928,0.8546376505387704,5.879360465116279,32.37268061587136,198.97354915120488,12.82510868218808,22.19730459942859,28.22228768908318,0.17384638640554964,EXT,HTB,IREDA
2026-07-13 15:15:00+05:30,IREDA,18,11.0,15,208.83534136546137,0.8222609161532279,4.626224566691786,24.837753385145604,233.1543946799132,12.301371562293367,26.275380748243737,33.7614570978599,0.35203665007026524,EXT,HTB,IREDA
2026-07-14 15:15:00+05:30,IREDA,18,10.0,14,233.73814673099335,0.7886653172996785,3.731830985915493,153.9721539721536,384.1113841113839,46.70499271114068,40.289116531444186,37.08117844159589,0.45846689007576924,EXT,HTB,IREDA
2026-07-15 15:15:00+05:30,IREDA,18,9.0,13,227.85862785862744,0.769510394183801,3.338590438639724,78.38283828382862,304.45544554455427,28.344193053925938,33.77512831858057,36.29663397717003,0.4333388534743626,EXT,HTB,IREDA
2026-07-16 15:15:00+05:30,IREDA,18,8.0,12,232.28707018566365,0.7513291312688408,3.0213797663654396,53.82577012255761,284.8625372639957,22.666225619727452,32.62112291556643,36.887507470926,0.4522652424011841,EXT,HTB,IREDA
2026-07-17 15:15:00+05:30,IREDA,18,7.0,11,234.94983277591874,0.7372208699333263,2.8054772452678214,154.7579848534746,386.07178136318714,58.0030137388281,43.098331560979496,37.24292070539606,0.4636454245693658,EXT,HTB,IREDA
2026-07-20 15:15:00+05:30,IREDA,18,6.0,8,214.59938685889495,0.7233211604787989,2.6142988084326304,68.30151415404858,281.43515470704426,37.51947543830593,35.19362307148132,34.52909382381721,0.3766711736214906,EXT,HTB,IREDA
2026-07-21 15:15:00+05:30,IREDA,18,5.0,7,254.41286152316295,0.7060326193751228,2.4017379679144386,43.729372937293824,297.0297029702977,29.101745580602667,37.695311235145596,39.843702648781374,0.5468270095513666,EXT,HTB,IREDA
2026-07-22 15:15:00+05:30,IREDA,18,4.0,6,262.87058033089744,0.6646802120970391,1.982227819759306,46.8110005851377,308.4510574270666,34.79355187835215,39.88456779116914,40.97549977248695,0.5829738223057302,EXT,HTB,IREDA
2026-07-23 15:15:00+05:30,IREDA,18,3.0,5,298.3203810478823,0.5517291697066978,1.2307942708333333,-14.225941422594286,284.51882845188334,0.0,38.17586719308375,45.730050167058536,0.7344800780498364,EXT,HTB,IREDA
2026-07-24 15:15:00+05:30,IREDA,18,2.0,4,364.1200432288644,0.3626021647890435,0.5688788771443424,21.56781418498473,384.90253007051024,25.951884418438997,51.02018907869418,54.60137545873063,1.0156963400496182,EXT,HTB,IREDA
2026-07-27 15:15:00+05:30,IREDA,18,1.0,1,235.64553601061976,0.1594107824427481,0.18964171692089393,-19.120458891012532,216.97564219802138,0.0,33.85962919024724,37.33579592376858,0.4666187386661109,EXT,HTB,IREDA
2026-07-28 15:15:00+05:30,IREDA,18,0.0,0,216.30615640599072,0.06645422558587266,0.0711847532356706,-8.32639467110812,208.15986677768527,,33.67152918505402,34.75648257982848,0.383965608520095,EXT,HTB,IREDA
2026-07-29 15:15:00+05:30,IREDA,19,19.0,27,141.9452376952795,0.9385953177257526,15.285403050108933,145.67124648236972,285.54875020691844,26.08743499871531,23.305211707218294,21.15892516806335,-0.0001938044608660115,EXT,HTB,IREDA
2026-07-30 15:15:00+05:30,IREDA,19,18.0,26,200.85470085470038,0.9275446027467591,12.801594331266607,234.5380185293383,430.6819130289622,39.56778941049542,32.59171811800225,27.409493729293,0.14644258560421952,EXT,HTB,IREDA
2026-07-31 15:15:00+05:30,IREDA,19,17.0,25,185.1694555338492,0.924843026574491,12.305485232067511,143.1681178834556,325.68653717347627,27.303617765610984,26.392413377248342,25.741553099846413,0.10739915136156564,EXT,HTB,IREDA
2026-08-03 15:30:00+05:30,IREDA,19,16.0,22,173.30172484263915,0.9219010746946131,11.804273504273505,,,,,24.481330503061997,0.07785820677488316,EXT,HTB,IREDA
2026-08-04 15:30:00+05:30,IREDA,19,15.0,21,202.62728599639388,0.893978921005948,8.432086614173228,,,,,27.59815511088529,0.15085487307588655,EXT,HTB,IREDA
2026-08-05 15:30:00+05:30,IREDA,19,14.0,20,198.32449991451594,0.8790610142630745,7.268632268632269,,,,,27.14025621469928,0.14014445433447975,EXT,HTB,IREDA
2026-08-06 15:30:00+05:30,IREDA,19,13.0,19,157.82774713619003,0.8726995374471017,6.855431001159644,,,,,22.84044812642763,0.039340656128040406,EXT,HTB,IREDA
2026-08-07 15:30:00+05:30,IREDA,19,12.0,18,147.81711928497757,0.8682509505703422,6.590187590187591,,,,,21.78028082595951,0.014422378967471044,EXT,HTB,IREDA
2026-08-10 15:30:00+05:30,IREDA,19,11.0,15,177.88089713843837,0.8532850396588877,5.8159375,,,,,24.967407861472882,0.08925660117418206,EXT,HTB,IREDA
2026-08-11 15:30:00+05:30,IREDA,19,10.0,14,193.89865563598758,0.8383557963551694,5.186426592797784,,,,,26.66947123646972,0.12912772131422945,EXT,HTB,IREDA
2026-08-12 15:30:00+05:30,IREDA,19,9.0,13,226.09147609147604,0.8029512403763901,4.074886042978076,,,,,30.09873845734327,0.2092615185758217,EXT,HTB,IREDA
2026-08-13 15:30:00+05:30,IREDA,19,8.0,12,214.45181293600854,0.788353581901969,3.72486144101346,,,,,28.857547817502493,0.18028827565095584,EXT,HTB,IREDA
2026-08-14 15:30:00+05:30,IREDA,19,7.0,11,215.68968516263732,0.7742912081168433,3.4304875838317925,,,,,28.98947763141312,0.18336956522549247,EXT,HTB,IREDA
2026-08-17 15:30:00+05:30,IREDA,19,6.0,8,214.73720668456056,0.7616161616161616,3.194915254237288,,,,,28.8879630015768,0.1809986727041688,EXT,HTB,IREDA
2026-08-18 15:30:00+05:30,IREDA,19,5.0,7,223.02221441742088,0.7350355477409984,2.774091171379111,,,,,29.771305579292452,0.20162156689555258,EXT,HTB,IREDA
2026-08-19 15:30:00+05:30,IREDA,19,4.0,6,275.3265090010581,0.6882650156561344,2.2078529848190844,,,,,35.365297311080255,0.3318164885822361,EXT,HTB,IREDA
2026-08-20 15:30:00+05:30,IREDA,19,3.0,5,268.4974637047409,0.5406979047015487,1.1772162814763711,,,,,34.63321933762545,0.3148177502448495,EXT,HTB,IREDA
2026-08-21 15:30:00+05:30,IREDA,19,2.0,4,219.86685353889197,0.3910918918918919,0.6422839286982459,,,,,29.434794663088848,0.19376729860375128,EXT,HTB,IREDA
2026-08-24 15:30:00+05:30,IREDA,19,1.0,1,320.46804051694045,0.2089624350767001,0.26416246755229805,,,,,40.21746748906213,0.44418198757829497,EXT,HTB,IREDA
2026-08-25 15:30:00+05:30,IREDA,19,0.0,0,426.34022794428006,0.08268525967641012,0.09013837458585071,,,,,51.68680528162024,0.7077171573119965,EXT,HTB,IREDA
2026-08-26 15:30:00+05:30,IREDA,20,23.0,34,160.1769911504427,0.9061853400836452,9.659314875645236,,,,,27.299248871327485,0.03834850904172154,EXT,HTB,IREDA
2026-08-27 15:30:00+05:30,IREDA,20,22.0,33,179.1530944625398,0.9022176556212005,9.226795096322242,,,,,29.815614172443837,0.08586049500641449,EXT,HTB,IREDA
2026-08-28 15:30:00+05:30,IREDA,20,21.0,32,156.25000000000034,0.9002482026703184,9.024882024882025,,,,,26.779108190609985,0.028516187550072222,EXT,HTB,IREDA
2026-08-31 15:30:00+05:30,IREDA,20,20.0,29,178.0659300520503,0.8989487962021024,8.895973154362416,,,,,29.671317245558654,0.0831384746125035,EXT,HTB,IREDA
2026-09-01 15:30:00+05:30,IREDA,20,19.0,28,205.45454545454592,0.8880137416733,7.929667040778152,,,,,33.31142398968018,0.15171353921842734,EXT,HTB,IREDA
2026-09-02 15:30:00+05:30,IREDA,20,18.0,27,138.9519571337754,0.8825112850457614,7.511455763130067,,,,,24.490402648539515,-0.014794304407083401,EXT,HTB,IREDA
2026-09-03 15:30:00+05:30,IREDA,20,17.0,26,191.04262413264888,0.8788332709191529,7.25309065934066,,,,,31.394728548747548,0.11562926035946289,EXT,HTB,IREDA
2026-09-04 15:30:00+05:30,IREDA,20,16.0,25,183.33926664293364,0.8746212121212121,6.97583081570997,,,,,30.371384755192636,0.09634174875010945,EXT,HTB,IREDA
2026-09-07 15:30:00+05:30,IREDA,20,15.0,22,162.45487364620914,0.8660622295487327,6.466153846153846,,,,,27.60105575240895,0.044051825438564805,EXT,HTB,IREDA
2026-09-08 15:30:00+05:30,IREDA,20,14.0,21,163.48773841961827,0.853836385236164,5.8416479820627805,,,,,27.737927672916495,0.046637891492829826,EXT,HTB,IREDA
2026-09-09 15:30:00+05:30,IREDA,20,13.0,20,177.03132092601024,0.848004551735349,5.579144385026738,,,,,29.53401069689074,0.08054804108319075,EXT,HTB,IREDA
2026-09-10 15:30:00+05:30,IREDA,20,12.0,19,195.80047842650907,0.8422621546729364,5.339632685653447,,,,,32.027181862905444,0.12754188028537947,EXT,HTB,IREDA
2026-09-11 15:30:00+05:30,IREDA,20,11.0,18,184.02154398563835,0.8387930669152859,5.2032071503680335,,,,,30.46198869713759,0.09805002104381841,EXT,HTB,IREDA
2026-09-15 15:30:00+05:30,IREDA,20,10.0,14,269.6712227558184,0.8276333789329685,4.801587301587301,,,,,41.88626310193686,0.31249796479078645,EXT,HTB,IREDA
2026-09-16 15:30:00+05:30,IREDA,20,9.0,13,190.43195541105538,0.8191235714872975,4.528636363636363,,,,,31.313575630168,0.11410028029162508,EXT,HTB,IREDA
2026-09-17 15:30:00+05:30,IREDA,20,8.0,12,219.88089784700006,0.7976286497822229,3.941410920685532,,,,,35.23286526369623,0.18783395030172087,EXT,HTB,IREDA
2026-09-18 15:30:00+05:30,IREDA,20,7.0,11,208.35204310731868,0.7841437971433157,3.63271375464684,,,,,33.69711355198729,0.15896823558822995,EXT,HTB,IREDA
2026-09-21 15:30:00+05:30,IREDA,20,6.0,8,251.6520322259438,0.7579113924050633,3.130718954248366,,,,,39.474465940496046,0.26738187781181455,EXT,HTB,IREDA
2026-09-22 15:30:00+05:30,IREDA,20,5.0,7,233.84895359417717,0.731493785664035,2.7243085880640465,,,,,37.095968694257415,0.22280688745846877,EXT,HTB,IREDA
2026-09-23 15:30:00+05:30,IREDA,20,4.0,6,218.60885275519436,0.7047022190690158,2.386412172984517,,,,,35.06332808392547,0.1846490293748939,EXT,HTB,IREDA
2026-09-24 15:30:00+05:30,IREDA,20,3.0,5,284.10125660171104,0.5753402396912451,1.3548263656366593,,,,,43.82088854714948,0.34862759342318494,EXT,HTB,IREDA
2026-09-25 15:30:00+05:30,IREDA,20,2.0,4,334.65433729634503,0.36130524657938773,0.5656931494182015,,,,,50.62124663444521,0.47520138051382876,EXT,HTB,IREDA
2026-09-28 15:30:00+05:30,IREDA,20,1.0,1,520.356124124816,0.13779267611356594,0.1598138548539114,,,,,75.9106974752435,0.9401577809033695,EXT,HTB,IREDA
2026-09-29 15:30:00+05:30,IREDA,20,0.0,0,183.70103556956255,0.08343996587758584,0.09103600721307661,,,,,30.41942556450626,0.09724753851536107,EXT,HTB,IREDA
2026-09-30 15:30:00+05:30,IREDA,21,19.0,27,259.70450582729177,0.934922785153075,14.366361365528727,,,,,41.8221397037101,0.41593377947701327,EXT,HTB,IREDA
2026-10-01 15:30:00+05:30,IREDA,21,18.0,26,314.31244153414394,0.9293021753176826,13.144706778370145,,,,,49.42247923479308,1.21498529844479,EXT,HTB,IREDA
2024-07-03 15:15:00+05:30,VOLTAS,1,74.0,120,,,,-31859.558316080056,,0.0,,,,MOD,HTB,
2024-07-10 15:15:00+05:30,VOLTAS,1,73.0,113,,,,-25258.56279382136,,0.0,,,,MOD,HTB,
2024-07-11 15:15:00+05:30,VOLTAS,1,72.0,112,,,,-24961.575249843336,,0.0,,,,MOD,HTB,
2024-07-12 15:15:00+05:30,VOLTAS,1,71.0,111,,,,-25197.368421052633,,0.0,,,,MOD,HTB,
2024-07-16 15:15:00+05:30,VOLTAS,1,70.0,107,,,,-26105.822884527013,,0.0,,,,MOD,HTB,
2024-07-18 15:15:00+05:30,VOLTAS,1,69.0,105,,,,-26193.029490616624,,0.0,,,,MOD,HTB,
2024-07-24 15:15:00+05:30,VOLTAS,1,68.0,99,,,,-18514.190317195324,,0.0,,,,MOD,HTB,
2024-07-26 15:15:00+05:30,VOLTAS,1,67.0,97,,,,-180.30977151841446,,0.0,,,,MOD,HTB,
2024-07-29 15:15:00+05:30,VOLTAS,1,66.0,94,,,,-174.9999999999994,,0.0,,,,MOD,HTB,
2024-07-30 15:15:00+05:30,VOLTAS,1,65.0,93,,,,-138.6055247903097,,0.8474609374198278,,,,MOD,HTB,
2024-07-31 15:15:00+05:30,VOLTAS,1,64.0,92,,,,-146.42857142857113,,0.4827279595914912,,,,MOD,HTB,
2024-08-01 15:15:00+05:30,VOLTAS,1,63.0,91,,,,-158.85416666666725,,0.0,,,,MOD,HTB,
2024-08-02 15:15:00+05:30,VOLTAS,1,62.0,90,,,,-135.08972377175823,,0.8104542392258024,,,,MOD,HTB,
2024-08-05 15:15:00+05:30,VOLTAS,1,61.0,87,,,,-155.52260422773168,,0.0,,,,MOD,HTB,
2024-08-06 15:15:00+05:30,VOLTAS,1,60.0,86,,,,-143.2968536251713,,0.21137811206091914,,,,MOD,HTB,
2024-08-07 15:15:00+05:30,VOLTAS,1,59.0,85,,,,-144.4841067482577,,0.1016499976674766,,,,MOD,HTB,
2024-08-08 15:15:00+05:30,VOLTAS,1,58.0,84,,,,-136.49122807017577,,0.3648470728224308,,,,MOD,HTB,
2024-08-09 15:15:00+05:30,VOLTAS,1,57.0,83,,,,-186.41346086713708,,0.0,,,,MOD,HTB,
2024-08-12 15:15:00+05:30,VOLTAS,1,56.0,80,,,,-97.28363866077127,,1.8328849689423312,,,,MOD,HTB,
2024-08-13 15:15:00+05:30,VOLTAS,1,55.0,79,,,,-120.78830260648442,,0.7027099730272802,,,,MOD,HTB,
2024-08-14 15:15:00+05:30,VOLTAS,1,54.0,78,,,,-148.96978686357275,,0.0,,,,MOD,HTB,
2024-08-16 15:15:00+05:30,VOLTAS,1,53.0,76,,,,-90.39584897040048,,1.9281250912844445,,,,MOD,HTB,
2024-08-19 15:15:00+05:30,VOLTAS,1,52.0,73,,,,-76.12005219660722,,2.458409953239275,,,,MOD,HTB,
2024-08-20 15:15:00+05:30,VOLTAS,1,51.0,72,,,,-75.88125037789439,,2.4177635940536195,,,,MOD,HTB,
2024-08-21 15:15:00+05:30,VOLTAS,1,50.0,71,,,,-24.522264421782403,,4.99089155763547,,,,MOD,HTB,
2024-08-22 15:15:00+05:30,VOLTAS,1,49.0,70,,,,-1.4847809948032666,,6.172629235636985,,,,MOD,HTB,
2024-08-23 15:15:00+05:30,VOLTAS,1,48.0,69,,,,10.65214818321668,,6.813783529619309,,,,MOD,HTB,
2024-08-26 15:15:00+05:30,VOLTAS,1,47.0,66,,,,-8.743806470416787,,5.766652289962924,,,,MOD,HTB,
2024-08-27 15:15:00+05:30,VOLTAS,1,46.0,65,,,,17.835567573786946,,7.252429928912689,,,,MOD,HTB,
2024-08-28 15:15:00+05:30,VOLTAS,1,45.0,64,,,,44.06530704479947,,8.768652887542599,,,,MOD,HTB,
2024-08-29 15:15:00+05:30,VOLTAS,1,44.0,63,,,,167.6983680360155,,16.048246905529957,,,,MOD,HTB,
2024-08-30 15:15:00+05:30,VOLTAS,1,43.0,62,18.80020509314621,,,-2.8493275586961477,15.956234328698168,6.08228122235801,6.897630772709521,8.703047634202141,0.6703032005445272,MOD,HTB,
2024-09-02 15:15:00+05:30,VOLTAS,1,42.0,59,1.697600724309385,0.863013698630137,6.3,131.7846772392222,133.45990618717815,14.456978144456912,11.886879070845021,6.471313165734287,0.5495588061058119,MOD,HTB,
2024-09-03 15:15:00+05:30,VOLTAS,1,41.0,58,-17.348480608875196,,,127.62430939226469,110.49723756906077,14.333221012014413,10.96581079087304,3.9904610470803585,0.4150934634357647,MOD,HTB,
2024-09-04 15:15:00+05:30,VOLTAS,1,40.0,57,14.060742407199099,0.8302752293577982,4.891891891891892,11.235955056179776,25.280898876404493,6.969899881548354,7.336966093636116,8.084208025386323,0.6368425918770947,MOD,HTB,
2024-09-05 15:15:00+05:30,VOLTAS,1,39.0,56,30.56731820858715,,,-5.892586564902377,24.69274370054487,5.866042739643488,7.324285405274053,10.240770736535282,0.7533790243649441,MOD,HTB,
2024-09-06 15:15:00+05:30,VOLTAS,1,38.0,55,66.61607218146504,,,42.82115869017683,109.151973131822,9.097869618838176,11.076445635512492,14.962934239694118,1.007883243421577,MOD,HTB,
2024-09-09 15:15:00+05:30,VOLTAS,1,37.0,52,33.1858407079646,0.8177777777777778,4.487804878048781,65.93406593406593,98.90109890109889,10.893388996793288,10.784824743041984,10.583205414646693,0.7718657943733522,MOD,HTB,
2024-09-10 15:15:00+05:30,VOLTAS,1,36.0,51,27.86821919320101,0.8216374269005848,4.60655737704918,55.154625030871124,82.86913810608422,10.208266708920888,10.094716486843017,9.887892868058328,0.7343233841177332,MOD,HTB,
2024-09-11 15:15:00+05:30,VOLTAS,1,35.0,50,46.67893132705456,,,80.35081985073813,126.65468213760418,12.139302175655653,12.21464235030751,12.349178376471503,0.8671270201359834,MOD,HTB,
2024-09-12 15:15:00+05:30,VOLTAS,1,34.0,49,48.443843031123386,0.8246828143021915,4.703947368421052,45.797413793103445,94.01939655172438,9.669275696291871,10.7278469677463,12.580346692791542,0.879587297550451,MOD,HTB,
2024-09-13 15:15:00+05:30,VOLTAS,1,33.0,48,63.257775434897205,,,145.45454545454547,207.7922077922078,17.39183547334935,16.334636311206996,14.52229489039151,0.9841736668994943,MOD,HTB,
2024-09-16 15:15:00+05:30,VOLTAS,1,32.0,45,49.81681119692161,,,83.89963408259254,133.29848405645583,13.083900887881835,12.959744158536534,12.760206557803144,0.8892804534106783,MOD,HTB,
2024-09-17 15:15:00+05:30,VOLTAS,1,31.0,44,44.80759093305218,,,9.742739026252254,54.50667509281886,7.058598449580589,9.02074369226239,12.104114787905292,0.8539153561233234,MOD,HTB,
2024-09-18 15:15:00+05:30,VOLTAS,1,30.0,43,25.743099787685292,,,21.450703106379358,47.1385821350063,8.072771182093184,8.679051085679038,9.610123794757214,0.7193200401710937,MOD,HTB,
2024-09-19 15:15:00+05:30,VOLTAS,1,29.0,42,34.20365535248018,0.9115747640337805,10.308988764044944,103.35917312661499,137.20930232558115,15.279147392701347,13.454021793682902,10.71633339515519,0.7790515662156116,MOD,HTB,
2024-09-20 15:15:00+05:30,VOLTAS,1,28.0,41,30.724789915965907,,,83.33333333333333,113.80208333333286,13.69978324326476,12.30448162597223,10.261361400650937,0.7544907746889663,MOD,HTB,
2024-09-23 15:15:00+05:30,VOLTAS,1,27.0,38,63.296167801054295,,,-18.307243300610484,45.104802334836826,4.493148768933994,8.750074767382337,14.52733147956231,0.9844447170216122,MOD,HTB,
2024-09-24 15:15:00+05:30,VOLTAS,1,26.0,37,27.555438918777064,,,43.11471126208518,70.55134570159395,10.512403234131096,10.225770760918717,9.847006421316712,0.7321151552414042,MOD,HTB,
2024-09-25 15:15:00+05:30,VOLTAS,1,25.0,36,37.22149410222757,,,-12.072223388620378,25.194205332773222,5.026748903761334,7.688670092324632,11.111140191906077,0.8003575091289551,MOD,HTB,
2024-09-26 15:15:00+05:30,VOLTAS,1,24.0,35,28.891682940530554,0.9808390846349437,51.18957345971564,-60.28473773447827,-31.218882041069957,0.0,4.44410443046556,10.021688389129274,0.7415490386283677,MOD,HTB,
2024-09-27 15:15:00+05:30,VOLTAS,1,23.0,34,17.28723404255319,,,-73.13740723872849,-55.72373884855516,0.0,2.9785958696342525,8.505464537044123,0.6596216242554778,MOD,HTB,
2024-09-30 15:15:00+05:30,VOLTAS,1,22.0,31,-25.56443583326606,0.9801954283720119,49.49339207048458,-43.513513513513274,-69.18918918918895,1.1377492499320643,1.9843915964646512,2.9217456229830248,0.35708881590311853,MOD,HTB,
2024-10-01 15:15:00+05:30,VOLTAS,1,21.0,30,11.764705882353185,,,-50.25125628140654,-38.427431274016406,0.15140744802123116,3.8363565388909295,7.784516279108661,0.6206325729920851,MOD,HTB,
2024-10-03 15:15:00+05:30,VOLTAS,1,20.0,28,5.113024757804335,,,-44.87214142833948,-39.736173433529274,0.413680486259245,3.66518511981674,6.9166897533741025,0.5736717012989684,MOD,HTB,
2024-10-04 15:15:00+05:30,VOLTAS,1,19.0,27,-36.78287125995084,0.9816381790489085,53.46082949308756,-63.53591160220995,-100.55248618784556,0.0,0.0,1.463886959101962,0.27788665680897057,MOD,HTB,
2024-10-07 15:15:00+05:30,VOLTAS,1,18.0,24,-26.824791754906116,0.9837160071649569,60.41,-95.20823237650036,-122.2884182320917,0.0,0.0,2.757878469518228,0.3481907025366554,MOD,HTB,
2024-10-08 15:15:00+05:30,VOLTAS,1,17.0,23,-9.918721586995202,0.9837010840316752,60.35377358490566,-63.77374185498405,-73.7557188409813,0.0,0.9907755758955444,4.957664602975371,0.4675475654295591,MOD,HTB,
2024-10-09 15:15:00+05:30,VOLTAS,1,16.0,22,-32.8188012793775,0.9842613097121165,62.537688442211056,-44.13777690868,-77.10143308098546,0.0,0.6431823998591435,1.978839723889711,0.3058729926321368,MOD,HTB,
2024-10-10 15:15:00+05:30,VOLTAS,1,15.0,21,-10.926206085056565,,,-43.614057795661104,-54.58791749908576,0.0,2.1948153277539504,4.826468540845689,0.4604347244258538,MOD,HTB,
2024-10-11 15:15:00+05:30,VOLTAS,1,14.0,20,-11.641443538998331,0.9830205540661304,57.89473684210526,-69.49677635435008,-81.21912417315558,0.0,0.09890807093634255,4.7333373174864715,0.45538514768341054,MOD,HTB,
2024-10-14 15:15:00+05:30,VOLTAS,1,13.0,17,-26.651860077734337,0.9811097992916175,51.9375,-44.61795872838818,-71.38873396542083,0.0,0.4801511602005586,2.7803612337169783,0.34941160025428164,MOD,HTB,
2024-10-15 15:15:00+05:30,VOLTAS,1,12.0,16,-23.31321996708722,0.9793180547792063,47.351351351351354,-49.61411245865491,-73.04299889746416,0.0,0.2127733405046045,3.2144922540325513,0.3729824009180351,MOD,HTB,
2024-10-16 15:15:00+05:30,VOLTAS,1,11.0,15,-18.28153564899355,0.9663639162561576,28.729977116704806,-22.039298990972338,-40.36112586298412,0.8930049669634024,2.8308927745162964,3.8690469571338837,0.40850609443818875,MOD,HTB,
2024-10-17 15:15:00+05:30,VOLTAS,1,10.0,14,-40.827436037016874,0.9656721206288098,28.130841121495326,0.0,-40.827436037016874,6.25,2.7091247264626452,0.9386870896939687,0.2493320276868207,MOD,HTB,
2024-10-18 15:15:00+05:30,VOLTAS,1,9.0,13,-26.78093197643278,0.9618152085036795,25.18843683083512,5.353319057815846,-21.413276231263385,7.753449732144937,4.3457342419669605,2.763580621527132,0.3485003525921539,MOD,HTB,
2024-10-21 15:15:00+05:30,VOLTAS,1,8.0,10,-45.13430206957313,0.9611988847583643,24.772455089820358,-16.539861065167052,-61.74881464329058,0.21793781073278437,0.337100852262031,0.37965908137932297,0.2189255515844301,MOD,HTB,
2024-10-22 15:15:00+05:30,VOLTAS,1,7.0,9,-36.79750223015241,0.9579562745255066,22.784761904761904,2.229654403567954,-34.55964325529568,7.154349553431182,2.84661550121921,1.461986698722617,0.2777833621528503,MOD,HTB,
2024-10-23 15:15:00+05:30,VOLTAS,1,6.0,8,-44.823074139034794,0.9498910675381264,18.956521739130434,-9.195786657750048,-54.06007913949755,2.0563502374429707,0.7836708751638832,0.4200482002269502,0.22112282091223728,MOD,HTB,
2024-10-24 15:15:00+05:30,VOLTAS,1,5.0,7,-14.172571904960147,,,-23.95609905568375,-38.1626229142868,0.0,2.277758356611915,4.403811972355497,0.4375153802957258,MOD,HTB,
2024-10-25 15:15:00+05:30,VOLTAS,1,4.0,6,-21.58171233849186,0.9127686472819216,10.46376811594203,-36.48074785533155,-58.1411918944341,0.0,0.02644680569262592,3.439701105086827,0.38520684554482626,MOD,HTB,
2024-10-28 15:15:00+05:30,VOLTAS,1,3.0,3,-46.4628721987707,0.7315549772283669,2.7251575375666506,-37.82277329086488,-84.46138095779723,0.0,0.0,0.20726003825916606,0.2095458458823192,MOD,HTB,
2024-10-29 15:15:00+05:30,VOLTAS,1,2.0,2,-64.99011020062164,0.511594453075551,1.047478793590952,18.33309829361162,-46.53786489916796,39.738611274230536,0.6010274882407407,0.0,0.07874353736188935,MOD,HTB,
2024-10-30 15:15:00+05:30,VOLTAS,1,1.0,1,-72.02952029520323,0.2844115438257698,0.3974512743628186,17.680860468542804,-54.22130543686486,70.8422598887706,0.0,0.0,0.029045298968163335,MOD,HTB,
2024-10-31 15:15:00+05:30,VOLTAS,1,0.0,0,-91.6595848002908,0.1648747418039299,0.19742516489091833,27.24135843574066,-64.16853320418856,,0.0,0.0,-0.10954296515484759,MOD,HTB,
2024-11-01 15:30:00+05:30,VOLTAS,2,17.0,27,-8.138413310827927,,,,,,,5.778680516260856,0.47944514999759347,MOD,HTB,
2024-11-04 15:15:00+05:30,VOLTAS,2,16.0,24,-90.14945041780199,,,-30.039953137673105,-120.46021208206888,1.6882720730311682,1.2264062681396737,1.0504573900858154,0.17128298476430712,MOD,HTB,
2024-11-05 15:15:00+05:30,VOLTAS,2,15.0,23,-62.907941758468134,,,-23.38661930136202,-86.4416814683239,2.54297824554566,2.59702005458226,2.616749603913069,0.2736448446897166,MOD,HTB,
2024-11-06 15:15:00+05:30,VOLTAS,2,14.0,22,-43.01815366084488,,,-40.02303484019606,-83.21336020731383,0.0,2.6915056792135483,3.763023828144912,0.34838210423930477,MOD,HTB,
2024-11-07 15:15:00+05:30,VOLTAS,2,13.0,21,-2.5555113862219208,,,62.080252835938815,59.54060612901508,17.073771176244424,8.844913925951507,6.10196150918721,0.5004232915509986,MOD,HTB,
2024-11-08 15:15:00+05:30,VOLTAS,2,12.0,20,2.5773195876291264,,,39.93154592127782,42.49857387336021,13.552096052078763,8.12289578331234,6.399340142434068,0.5197102602624809,MOD,HTB,
2024-11-11 15:15:00+05:30,VOLTAS,2,11.0,17,2.2956841138664537,,,43.42857142857091,45.714285714285715,15.594675762854335,8.340496211707176,6.383019189969072,0.5186519954183477,MOD,HTB,
2024-11-12 15:15:00+05:30,VOLTAS,2,10.0,16,32.189800602067685,,,73.66863905325471,105.62130177514739,23.11786649062778,11.155925902389757,8.117972737123004,0.6309812134079199,MOD,HTB,
2024-11-13 15:15:00+05:30,VOLTAS,2,9.0,15,106.97577400995289,,,36.518021495159815,143.10314114363703,15.152316557820328,12.994869680343795,12.481191852373223,0.9119947002193562,MOD,HTB,
2024-11-14 15:15:00+05:30,VOLTAS,2,8.0,14,93.90644903279265,,,100.58651026393015,193.5483870967742,32.60712207396923,15.514646190433968,11.716318216314976,0.8628858043295776,MOD,HTB,
2024-11-18 15:15:00+05:30,VOLTAS,2,7.0,10,57.072850056773774,,,157.05882352941205,213.23529411764707,64.03142188479556,17.027080167493047,9.566073545699016,0.7244809991448948,MOD,HTB,
2024-11-19 15:15:00+05:30,VOLTAS,2,6.0,9,89.75903614457886,,,119.04761904761904,207.73809523809575,54.82010813390236,16.89209247465894,11.473804523338426,0.847301612483774,MOD,HTB,
2024-11-21 15:15:00+05:30,VOLTAS,2,5.0,7,137.9477250726038,,,132.5373134328361,268.65671641791045,75.82080358906185,20.4501427390014,14.297847088994603,1.0283739564469825,MOD,HTB,
2024-11-22 15:15:00+05:30,VOLTAS,2,4.0,6,-2.4024024024029487,,,-2.1025440783342386,-4.505451596431682,4.971086796204409,6.011721813700664,6.110829910605024,0.5009986091867064,MOD,HTB,
2024-11-25 15:15:00+05:30,VOLTAS,2,3.0,3,-127.71548168291035,,,3.359804520463986,-124.3127672571772,10.338449024506529,0.0,0.0,0.030126014407049095,MOD,HTB,
2024-11-26 15:15:00+05:30,VOLTAS,2,2.0,2,-49.737827715355536,,,7.485029940119761,-42.21556886227518,19.9152945359005,3.8844231436546277,3.375506591519925,0.3231324624917083,MOD,HTB,
2024-11-27 15:15:00+05:30,VOLTAS,2,1.0,1,-63.55230264148643,,,11.73285198555984,-51.744885679903184,49.10005233186663,3.3065334049367188,2.57965215212823,0.27122361393947575,MOD,HTB,
2024-11-28 15:15:00+05:30,VOLTAS,2,0.0,0,-142.05323193916294,,,12.455948474905545,-129.4203426904846,,0.0,0.0,-0.023749077524512104,MOD,HTB,
2024-11-29 15:15:00+05:30,VOLTAS,3,43.0,62,,,,-92.88299155609224,,0.807126966638462,,,,MOD,HTB,
2024-12-02 15:15:00+05:30,VOLTAS,3,42.0,59,-46.56947819044419,,,-38.327526132403655,-85.0754936120795,3.8834226936194414,2.69583804303846,0.1934275293141531,-0.0652262069048181,MOD,HTB,
2024-12-03 15:15:00+05:30,VOLTAS,3,41.0,58,3.5240220838711918,,,-75.74860930287582,-72.19789324180404,1.5010254450130698,3.1967956205583006,6.709462412759241,0.7254859789846602,MOD,HTB,
2024-12-04 15:15:00+05:30,VOLTAS,3,40.0,57,-39.20181566304177,,,-47.085998578534806,-86.47239990523518,3.2419203278206825,2.552736040781457,1.149753742165869,0.051070328774190835,MOD,HTB,
2024-12-05 15:15:00+05:30,VOLTAS,3,39.0,56,-37.96754960994194,,,-95.52614242079443,-133.85638138587717,0.05329298045933656,0.47220555862728875,1.3100307149630979,0.07055288047194368,MOD,HTB,
2024-12-06 15:15:00+05:30,VOLTAS,3,38.0,55,-39.07380607814761,,,-78.76312718786464,-118.14469078179697,1.0434697878246684,1.0849320068611938,1.1663756513972694,0.05309092502185139,MOD,HTB,
2024-12-09 15:15:00+05:30,VOLTAS,3,37.0,52,-46.89927955925953,,,-38.5717121869591,-85.65189029751218,3.5477706467809593,2.358773363192791,0.15063555081454919,-0.07043203120971368,MOD,HTB,
2024-12-10 15:15:00+05:30,VOLTAS,3,36.0,51,-78.87323943661971,,,-60.36217303822989,-139.7115084875455,1.9429482375871463,0.0,0.0,-0.5751322331864754,MOD,HTB,
2024-12-11 15:15:00+05:30,VOLTAS,3,35.0,50,-49.304747659409955,,,-48.15051907929452,-97.69267165799191,2.743447464838581,1.7006697595848157,0.0,-0.1084016865370853,MOD,HTB,
2024-12-12 15:15:00+05:30,VOLTAS,3,34.0,49,-5.833495374871271,,,-108.67123441536638,-114.568123104572,0.0,0.8500477749601789,5.489783924357452,0.5777801280502431,MOD,HTB,
2024-12-13 15:15:00+05:30,VOLTAS,3,33.0,48,-10.661272245154837,,,-99.66869133075623,-110.43622308117062,0.0,0.9752280542756773,4.860967322178765,0.5015749920309124,MOD,HTB,
2024-12-16 15:15:00+05:30,VOLTAS,3,32.0,45,-45.74590478277618,,,-101.27282789153269,-147.48201438848972,0.0,0.0,0.3002929396666673,-0.052226326164771006,MOD,HTB,
2024-12-17 15:15:00+05:30,VOLTAS,3,31.0,44,-26.877204770703592,,,-112.11143196874572,-139.2899609308654,0.0,0.0,2.751064355107888,0.24561093714758286,MOD,HTB,
2024-12-18 15:15:00+05:30,VOLTAS,3,30.0,43,-31.038374717832955,,,-106.9442463995437,-138.3145586767432,0.0,0.0,2.210192367803755,0.1799280088887384,MOD,HTB,
2024-12-19 15:15:00+05:30,VOLTAS,3,29.0,42,-17.594642147680965,,,-102.63761467889961,-120.41284403669725,0.0,0.00883116008236623,3.9584280987609346,0.39213364652330546,MOD,HTB,
2024-12-20 15:15:00+05:30,VOLTAS,3,28.0,41,-51.58437730287398,,,-71.8463319775549,-123.80132411008465,0.0,0.0,0.0,-0.14438501628108627,MOD,HTB,
2024-12-23 15:15:00+05:30,VOLTAS,3,27.0,38,-93.14140558848459,,,-75.01323763017002,-168.8533270577163,0.0,0.0,0.0,-0.8003513291728664,MOD,HTB,
2024-12-24 15:15:00+05:30,VOLTAS,3,26.0,37,-32.712781776006665,,,-54.419327831598544,-87.3101303671804,0.8961612874118938,1.3684798044566022,1.9926149876940482,0.1534979519394908,MOD,HTB,
2024-12-26 15:15:00+05:30,VOLTAS,3,25.0,35,-37.746806039488966,0.9950330446205,200.3305785123967,-86.69165885660703,-124.76569821930619,0.0,0.0,1.338697691031622,0.07403725729045509,MOD,HTB,
2024-12-27 15:15:00+05:30,VOLTAS,3,24.0,34,-52.016364699006964,,,-46.97592483852026,-99.23664122137458,1.2188043271489333,0.43664033756155085,0.0,-0.15120381904796243,MOD,HTB,
2024-12-30 15:15:00+05:30,VOLTAS,3,23.0,31,-26.14303142973334,,,85.53408403651837,59.614664631513044,16.36426625844183,9.949062770007364,2.846516050669224,0.25719966231315133,MOD,HTB,
2024-12-31 15:15:00+05:30,VOLTAS,3,22.0,30,-5.6650804441423075,,,156.69436234874206,151.11805052138465,25.465424463433262,15.832604225313734,5.511725398757091,0.580438511618648,MOD,HTB,
2025-01-01 15:15:00+05:30,VOLTAS,3,21.0,29,-5.4945054945054945,,,54.6448087431694,49.180327868852466,13.146568979614973,9.407036191874443,5.533948661714555,0.5831309904940853,MOD,HTB,
2025-01-02 15:15:00+05:30,VOLTAS,3,20.0,28,-5.975987396098816,0.9915903642865563,117.91121495327103,-31.062670299727767,-37.05722070844662,2.2070350687424,3.839127550915071,5.471220033087787,0.5755309305104495,MOD,HTB,
2025-01-03 15:15:00+05:30,VOLTAS,3,19.0,27,0.5462839037442794,,,-61.28393976035981,-60.73430801363061,0.0,2.2316407669658456,6.321213954050467,0.6784831971362942,MOD,HTB,
2025-01-06 15:15:00+05:30,VOLTAS,3,18.0,24,-2.521502815677125,,,-27.25025283739823,-29.778626812001093,2.11132715080646,4.162875509188932,5.921345530659403,0.6300590237510663,MOD,HTB,
2025-01-07 15:15:00+05:30,VOLTAS,3,17.0,23,-17.03054330225001,,,-60.38816953627503,-77.52155717214815,0.0,0.7232829698341006,4.03183532561751,0.40103779234433806,MOD,HTB,
2025-01-08 15:15:00+05:30,VOLTAS,3,16.0,22,8.283347614967413,0.9873307616670448,77.9313432835821,53.69470723600128,61.93357765845673,15.182442828195935,10.785209799227957,7.330240990753306,0.8006106293573602,MOD,HTB,
2025-01-09 15:15:00+05:30,VOLTAS,3,15.0,21,3.7823683444869998,0.9848807982329195,65.14105793450882,57.2784077759783,61.03911131682586,16.23415397752232,10.810724276439258,6.743152000626881,0.7295639039715199,MOD,HTB,
2025-01-10 15:15:00+05:30,VOLTAS,3,14.0,20,-3.2860343539952472,,,-41.99790010499475,-45.297735113244066,0.0,2.8132626833755254,5.821712314831845,0.6179911027526422,MOD,HTB,
2025-01-13 15:15:00+05:30,VOLTAS,3,13.0,17,-44.03485043877583,,,8.485229415461403,-35.51225644248957,8.072602037836173,3.3746638891194483,0.5223442988269975,-0.02521780184302562,MOD,HTB,
2025-01-14 15:15:00+05:30,VOLTAS,3,12.0,16,10.316472979942459,,,-36.23850417199475,-25.8846458371399,0.0,4.105525223022378,7.59552011251999,0.8327029565599582,MOD,HTB,
2025-01-15 15:15:00+05:30,VOLTAS,3,11.0,15,-8.295695455803216,0.9790584350207402,46.75192307692308,-14.461538461537902,-22.769230769231047,2.733567679686577,4.319459982041426,5.169045144017207,0.5389149739398368,MOD,HTB,
2025-01-16 15:15:00+05:30,VOLTAS,3,10.0,14,-38.10063606020501,0.9746707587117828,38.48006134969325,2.518415916387733,-35.57262481898943,6.906669698614854,3.164055019544448,1.2927476800092235,0.06845214729451504,MOD,HTB,
2025-01-17 15:15:00+05:30,VOLTAS,3,9.0,13,-52.04740703580582,,,-10.671688637790618,-62.77463904582548,3.2553158229576398,0.6789936943435604,0.0,-0.1516938138347297,MOD,HTB,
2025-01-20 15:15:00+05:30,VOLTAS,3,8.0,10,-29.916042075466216,0.9616749467707594,25.09259259259259,-38.42676311030624,-68.45776285197564,0.0,0.0,2.3560519053982834,0.19764372234619745,MOD,HTB,
2025-01-21 15:15:00+05:30,VOLTAS,3,7.0,9,-47.155713479227636,0.9488214897072379,18.539451114922812,-17.631403858949373,-64.87025948103792,0.0,0.0,0.11736402532903228,-0.07447977042306131,MOD,HTB,
2025-01-22 15:15:00+05:30,VOLTAS,3,6.0,8,-14.731485201552282,0.9371926006528836,14.92169092169092,-52.165718708982595,-66.97405176185384,0.0,0.0,4.331058775016633,0.43732779496612945,MOD,HTB,
2025-01-23 15:15:00+05:30,VOLTAS,3,5.0,7,-39.25874172405823,0.9209608843537415,11.651963421194191,-33.71611697155799,-73.10722392842867,0.0,0.0,1.1423620214241446,0.05017176648778811,MOD,HTB,
2025-01-24 15:15:00+05:30,VOLTAS,3,4.0,6,-48.95416110369444,0.8923835089546857,8.292256142963515,-21.95766288125739,-71.0193158815668,0.0,0.0,0.0,-0.10286777374809589,MOD,HTB,
2025-01-27 15:15:00+05:30,VOLTAS,3,3.0,3,-44.635012125258555,0.7113311181935309,2.4641766502231617,-38.10195801728764,-82.90703827835597,0.0,0.0,0.4444542610489169,-0.034691189735809674,MOD,HTB,
2025-01-28 15:15:00+05:30,VOLTAS,3,2.0,2,-59.23551343252378,0.49890329656151217,0.9956227872545864,-26.55207350731897,-85.94486951053317,0.0,0.0,0.0,-0.2651561051545726,MOD,HTB,
2025-01-29 15:15:00+05:30,VOLTAS,3,1.0,1,-63.56505274546992,0.31522707034728403,0.46033810143042914,-5.4127198917452946,-69.01217861975674,0.0,0.0,0.0,-0.33349669775215907,MOD,HTB,
2025-01-30 15:15:00+05:30,VOLTAS,3,0.0,0,-77.73349642899348,0.15058796666286106,0.17728494623655913,25.58249370277078,-51.952141057933794,,0.0,0.0,-0.5571417018804715,MOD,HTB,
2025-01-31 15:15:00+05:30,VOLTAS,4,19.0,27,-47.288776796973515,0.9685685507761583,30.815268614514608,-55.07786186947772,-102.62709513809128,0.0,0.0,0.10009979697061383,0.10123157503488087,MOD,HTB,
2025-02-01 15:15:00+05:30,VOLTAS,4,18.0,26,-42.28010570026357,0.9672214782220522,29.507782101167315,-34.090909090909086,-76.51515151515083,1.4723000266408819,1.0978284550474469,0.7501048528535871,0.1746007498668967,MOD,HTB,
2025-02-03 15:15:00+05:30,VOLTAS,4,17.0,24,0.0,0.9702271600618202,32.58765915768854,56.93950177935943,56.93950177935943,14.93429673530325,10.258136954755345,6.25,0.7939379766766985,MOD,HTB,
2025-02-04 15:15:00+05:30,VOLTAS,4,16.0,23,8.998308318036209,0.9681852174996884,30.431929480901076,55.8359282723072,64.78399370056161,15.135749405464882,10.901585245104997,7.423521827666687,0.9257490785500171,MOD,HTB,
2025-02-05 15:15:00+05:30,VOLTAS,4,15.0,22,-16.408061351881255,0.9680490968333808,30.2980198019802,-27.541311967951273,-43.99456327348067,1.6869267397948307,3.045440882572364,4.112844851897838,0.5535856159933649,MOD,HTB,
2025-02-06 15:15:00+05:30,VOLTAS,4,14.0,21,-44.583640383197896,0.9707676586257084,33.208686440677965,-35.49770743972751,-80.23960952521749,0.09108528535047566,0.29682009019565414,0.45112119382954907,0.14085758014771957,MOD,HTB,
2025-02-07 15:15:00+05:30,VOLTAS,4,13.0,20,-15.185479788848859,0.970615243342516,33.03125,19.486143187065665,4.330254041569782,9.809690491043096,6.579351048243979,4.271965731958842,0.5714945181178114,MOD,HTB,
2025-02-10 15:15:00+05:30,VOLTAS,4,12.0,17,-23.39779914451664,,,-59.208590761990166,-82.74492497793469,0.0,0.0,3.203492444732829,0.45119692161998537,MOD,HTB,
2025-02-11 15:15:00+05:30,VOLTAS,4,11.0,16,-21.513638109872872,0.9707754538898121,33.217811158798284,-50.19305019305019,-71.81467181467147,0.0,0.3139359464801421,3.448555986820205,0.4787969252323719,MOD,HTB,
2025-02-12 15:15:00+05:30,VOLTAS,4,10.0,15,-15.157490971239717,0.9685169584074386,30.763131813676907,47.41196844333332,32.326342120454456,17.814348461802027,8.998424926750664,4.275608747258838,0.5719045103917811,MOD,HTB,
2025-02-13 15:15:00+05:30,VOLTAS,4,9.0,14,-37.56093662590942,0.9643255987095173,27.031304347826087,-26.44230769230733,-64.1025641025641,0.0,0.69696117606807,1.3628362058779617,0.2437291741919773,MOD,HTB,
2025-02-14 15:15:00+05:30,VOLTAS,4,8.0,13,-43.338286280336796,0.9607249812827552,24.461477362986496,-3.3030553261774642,-46.65565648224683,5.322756825227179,2.1061677915841903,0.612751454535515,0.15910006425904463,MOD,HTB,
2025-02-17 15:15:00+05:30,VOLTAS,4,7.0,10,-22.067083935162895,0.9569844789356985,22.24742268041237,-10.040563878067392,-32.129804409815655,2.5870327897443124,3.1687950135789724,3.3765672363771913,0.4706898120417242,MOD,HTB,
2025-02-18 15:15:00+05:30,VOLTAS,4,6.0,9,-31.40421713772918,0.9431208211696016,16.58112582781457,-24.530847540782535,-56.01210188478604,0.0,0.7398990920161975,2.1626506266817307,0.3339154570997715,MOD,HTB,
2025-02-19 15:15:00+05:30,VOLTAS,4,5.0,8,-23.382696804364773,0.9199571144126206,11.493302717183314,-10.142779121478931,-33.54919247873882,1.6247022981479815,2.8541778262443986,3.2054565485579207,0.4514181472132775,MOD,HTB,
2025-02-20 15:15:00+05:30,VOLTAS,4,4.0,7,-30.64047206701786,0.8887363066071596,7.98765778401122,-0.7053291536043741,-31.34796238244514,5.8822341966933855,2.9859687192612525,2.2619023499029214,0.3451031243548478,MOD,HTB,
2025-02-21 15:15:00+05:30,VOLTAS,4,3.0,6,-18.670798077304326,0.7747503566333809,3.439518682710576,10.714285714284992,-7.936507936507937,12.771351348124266,5.398330449766195,3.8183974001179637,0.5204400723549656,MOD,HTB,
2025-02-24 15:15:00+05:30,VOLTAS,4,2.0,3,-47.572693587893085,0.5714769934751293,1.3335969942653747,13.01450411603357,-34.49627597020847,22.094626076628643,2.195331234979938,0.0632639305174286,0.09707263940734367,MOD,HTB,
2025-02-25 15:15:00+05:30,VOLTAS,4,1.0,2,-62.745098039215684,0.3928477724720575,0.647033403915129,31.27443315089914,-31.27443315089914,63.41527775027096,2.450881638567696,0.0,-0.12517928596710623,MOD,HTB,
2025-02-27 15:15:00+05:30,VOLTAS,4,0.0,0,-70.86764987550278,0.3156019401852831,0.4611379819965068,39.68102560189283,-30.905414170704372,,2.2274712089957673,0.0,-0.24416192911772522,MOD,HTB,
2025-02-28 15:15:00+05:30,VOLTAS,5,18.0,27,19.61836156027414,0.9678270738208978,30.08203445447088,129.34947049924287,148.7140695915286,23.85020799760026,16.193326695505164,8.809905439913367,1.0619548326488426,MOD,HTB,
2025-03-03 15:15:00+05:30,VOLTAS,5,17.0,24,-7.342143906020557,0.9672047143223161,29.4921875,40.21937842778794,32.90676416819013,12.379030704740408,8.563610478567954,5.293250284706021,0.7147552067860865,MOD,HTB,
2025-03-04 15:15:00+05:30,VOLTAS,5,16.0,23,-3.570153516601214,0.9666410650281618,28.97697620874904,67.3758865248227,63.82978723404255,16.97844289260233,10.832851995785338,5.784688044828654,0.7633312119207668,MOD,HTB,
2025-03-05 15:15:00+05:30,VOLTAS,5,15.0,22,-16.196954972465175,0.9624242101904052,25.612880396319888,29.427597344338125,13.278306118786356,11.139503774178012,7.219960460876472,4.140319286139496,0.6007222153349996,MOD,HTB,
2025-03-06 15:15:00+05:30,VOLTAS,5,14.0,21,-19.90827971132962,0.9627181311447859,25.822689706987227,-10.320284697509221,-30.249110320284696,4.4571612024428315,4.000151029079725,3.65739339905735,0.5529274674805923,MOD,HTB,
2025-03-07 15:15:00+05:30,VOLTAS,5,13.0,20,-28.112878545247824,0.9604845174123445,24.306536438767843,13.859275053305227,-14.214641080312722,8.781072043830152,5.1698625077786255,2.590427124884614,0.4472679630973495,MOD,HTB,
2025-03-10 15:15:00+05:30,VOLTAS,5,12.0,17,-29.399110856160455,,,-4.304160688665058,-33.71592539454839,5.3260702044061015,3.5198637007821802,2.423238323582037,0.4307037566999674,MOD,HTB,
2025-03-11 15:15:00+05:30,VOLTAS,5,11.0,16,-32.17821782178186,0.9570235383447229,22.268551236749115,-10.619469026548673,-42.831858407079324,3.8287190368026622,2.70449028455063,2.062073854692391,0.3949141866600945,MOD,HTB,
2025-03-12 15:15:00+05:30,VOLTAS,5,10.0,15,-16.925734024179935,0.9552220407408549,21.332415691672402,-16.954430642538636,-33.90886128507727,2.1279152703803703,3.376558689152863,4.045474806352209,0.5913369382522569,MOD,HTB,
2025-03-13 15:15:00+05:30,VOLTAS,5,9.0,14,-49.851163791556274,0.9528377298161471,20.203389830508474,21.47228286153956,-28.271839101025787,11.854149738838613,3.7965091573155987,0.0,0.16732052242892884,MOD,HTB,
2025-03-17 15:15:00+05:30,VOLTAS,5,8.0,10,-7.558578987151353,0.9536443064062001,20.57232310582342,25.359835503770018,17.820424948594304,15.518096802793677,7.963225686447747,5.265057430609707,0.7119679378572404,MOD,HTB,
2025-03-18 15:15:00+05:30,VOLTAS,5,7.0,9,-14.993525523069895,0.9505234874455666,19.211610486891384,31.929347826087266,16.983695652173914,19.219841361346035,7.926842978094795,4.296950640621107,0.6162200796129756,MOD,HTB,
2025-03-19 15:15:00+05:30,VOLTAS,5,6.0,8,-30.045067601402103,0.9418142507392452,16.18633879781421,-18.39464882943144,-48.49498327759197,0.0,1.3450312581210329,2.3392827812459216,0.422385072150384,MOD,HTB,
2025-03-20 15:15:00+05:30,VOLTAS,5,5.0,7,-54.18035284954793,0.9168272420001895,11.02316748955564,-24.781044198518998,-79.09566161993254,0.0,0.0,0.0,0.11156886661880439,MOD,HTB,
2025-03-21 15:15:00+05:30,VOLTAS,5,4.0,6,-52.76030747728829,0.8326643451447406,4.976012708498809,9.425070688029527,-43.285509826509205,11.986288339543936,1.6132012954964803,0.0,0.12985632872047265,MOD,HTB,
2025-03-24 15:15:00+05:30,VOLTAS,5,3.0,3,-39.12335976179665,0.6390485277475758,1.7704555234523882,47.551772854139166,8.614451604010888,64.2426491732555,7.264719330294456,1.159941132834382,0.30547407263287496,MOD,HTB,
2025-03-25 15:15:00+05:30,VOLTAS,5,2.0,2,-15.814999648555562,0.4195128981121199,0.7226911618669315,-11.258883963128115,-27.09168953627568,0.0,2.958301313107565,4.190030323495818,0.6056410676808318,MOD,HTB,
2025-03-26 15:15:00+05:30,VOLTAS,5,1.0,1,-74.2765047999449,0.24721277152577859,0.32839660686969824,20.279720279720916,-53.846153846154166,80.346136887676,0.0,0.0,-0.14723104524419298,MOD,HTB,
2025-03-27 15:15:00+05:30,VOLTAS,5,0.0,0,-71.61822247065399,0.13089005235602094,0.15060240963855423,-22.408963585434492,-94.18767507002833,,0.0,0.0,-0.11299746489380845,MOD,HTB,
2025-03-28 15:15:00+05:30,VOLTAS,6,15.0,27,2.783770617301767,0.9770275378754835,42.53037974683544,164.9555099247085,167.6933607118412,28.735510715450097,16.20598333216882,6.540347922208902,0.7906059802171559,MOD,HTB,
2025-04-01 15:15:00+05:30,VOLTAS,6,14.0,23,8.96392022111037,0.9633850041304243,26.311214333112144,71.93711064965919,80.83654701868949,17.70736677104167,11.35780030216659,7.185228051191437,0.9019633145591115,MOD,HTB,
2025-04-02 15:15:00+05:30,VOLTAS,6,13.0,22,-13.711829232136887,0.9574357237750397,22.493880048959607,-38.69047619047653,-52.4553571428568,0.0,2.8997957501932388,4.821031559189441,0.49337919035546146,MOD,HTB,
2025-04-03 15:15:00+05:30,VOLTAS,6,12.0,21,-9.948415622696455,0.9565331307150156,22.006027727546716,-29.563932002956392,-39.541759053953506,1.119087821954317,3.6778067405432227,5.213038091696676,0.5611904464640932,MOD,HTB,
2025-04-04 15:15:00+05:30,VOLTAS,6,11.0,20,-24.900398406374503,0.9525853207236842,20.090514905149053,-30.74085459575776,-55.717798954810945,0.6483995310560792,2.562627352597456,3.6564718220494314,0.29177739780729145,MOD,HTB,
2025-04-07 15:15:00+05:30,VOLTAS,6,10.0,17,-22.921760391198045,0.950729976434898,19.29631665750412,-40.27463465152852,-63.2887115952591,0.0,1.821617877367058,3.8623232883694167,0.3274295857190409,MOD,HTB,
2025-04-08 15:15:00+05:30,VOLTAS,6,9.0,16,-16.618824595860747,0.9494810450678633,18.794550408719346,-21.954727837079744,-38.61003861003792,1.247067605771183,3.492053332673843,4.518332522115287,0.4409993491863708,MOD,HTB,
2025-04-09 15:15:00+05:30,VOLTAS,6,8.0,15,-37.49414154038396,0.9447391210218662,17.095984329089127,-36.06146127312744,-73.69081216682417,0.0,0.8902945988050637,2.3472086948078554,0.06485640807488316,MOD,HTB,
2025-04-11 15:15:00+05:30,VOLTAS,6,7.0,13,-49.289761701468116,0.9422450178981674,16.314523589269196,-33.48909657320837,-82.94392523364557,0.0,0.0,1.1224085264328012,-0.14768356300269092,MOD,HTB,
2025-04-15 15:15:00+05:30,VOLTAS,6,6.0,9,-46.29629629629629,0.9273998252402946,12.774071526822558,-33.289463497715836,-79.73987768057563,0.0,0.0,1.4330993212929215,-0.09374565707249004,MOD,HTB,
2025-04-16 15:15:00+05:30,VOLTAS,6,5.0,8,-55.51645945734545,0.9046028393181706,9.48249227600412,-18.01660661131272,-73.63308788970775,0.0,0.02264843930957494,0.47643796921155934,-0.25987962754783184,MOD,HTB,
2025-04-17 15:15:00+05:30,VOLTAS,6,4.0,7,-49.6971579437808,0.8631314090391189,6.306278182448838,-29.595015576323632,-79.43925233644896,0.0,0.0,1.0801321586710508,-0.15502425254472277,MOD,HTB,
2025-04-21 15:15:00+05:30,VOLTAS,6,3.0,3,-40.154557163421124,0.7033798001052077,2.371314564398138,-22.019741837510182,-62.262718299165115,0.0,0.28804323921634356,2.070838339561055,0.01691957628030335,MOD,HTB,
2025-04-22 15:15:00+05:30,VOLTAS,6,2.0,2,-57.02436495593606,0.5028957331423309,1.0116504054999793,-17.06231454005901,-74.1839762611276,0.0,0.0,0.3200648847133746,-0.2870498980958372,MOD,HTB,
2025-04-23 15:15:00+05:30,VOLTAS,6,1.0,1,-46.26060138781804,0.36259158887885173,0.5688528462325801,10.782501540358062,-35.42821934688778,45.62736376372537,2.6643201738078375,1.4368046426673373,-0.09310248658107212,MOD,HTB,
2025-04-24 15:15:00+05:30,VOLTAS,6,0.0,0,-54.82026783616571,0.16464909890623175,0.19710171939797771,4.696673189823162,-50.097847358122046,,1.0385534442853088,0.548642469323031,-0.24733526404601572,MOD,HTB,
2025-04-25 15:15:00+05:30,VOLTAS,7,23.0,34,-24.35064935064935,0.9489888108972131,18.603542234332426,-40.74979625101874,-65.19967400162999,1.8842786040233275,2.424090986813468,3.0795774516302714,0.24013268177354075,MOD,HTB,
2025-04-28 15:15:00+05:30,VOLTAS,7,22.0,31,-31.2028665139781,0.944214637302706,16.925849212924607,-48.83720930232493,-80.1924619085806,0.5138080601548856,1.3087271826660425,2.1888162111606038,0.11228775427244646,MOD,HTB,
2025-04-29 15:15:00+05:30,VOLTAS,7,21.0,30,-33.15440479949515,0.9427652128983771,16.471891670086173,-28.49905003166489,-61.74794173527513,2.787547070286315,2.376086188744981,1.9352352442362886,0.07587701820255602,MOD,HTB,
2025-04-30 15:15:00+05:30,VOLTAS,7,20.0,29,-32.401782098015396,0.9423446219189843,16.344435736677116,-20.29220779220779,-52.75974025974026,3.6985685776009984,2.880406552418525,2.0330244549082046,0.08991904174222068,MOD,HTB,
2025-05-02 15:15:00+05:30,VOLTAS,7,19.0,27,-30.502885408079518,0.9384034795957529,15.234683281412254,-38.066865276397785,-68.68586560741439,1.1136937314458855,1.70733922268448,2.279783089235937,0.12534761965655333,MOD,HTB,
2025-05-05 15:15:00+05:30,VOLTAS,7,18.0,24,-19.249278152070026,,,-58.89471561113316,-78.25736183945176,0.0,0.7783173350142808,3.74313109555128,0.33531128097627205,MOD,HTB,
2025-05-06 15:15:00+05:30,VOLTAS,7,17.0,23,-21.999511121975438,0.9331076272831174,13.949387491940684,4.072324482814791,-17.91822772438545,6.896391814459473,4.968764566334258,3.385356469659923,0.2839989354583331,MOD,HTB,
2025-05-07 15:15:00+05:30,VOLTAS,7,16.0,22,-15.139442231076421,0.9341619225587763,14.188778877887788,-56.89558458209719,-72.12116355477201,0.0,1.0040496056022599,4.27795797074552,0.4119903562065111,MOD,HTB,
2025-05-08 15:15:00+05:30,VOLTAS,7,15.0,21,-13.986013986014362,0.9269820339541783,12.695259593679458,-27.223230490017773,-41.24731892426992,1.5247721560351701,3.1838148886624245,4.428096938132692,0.43351039079572984,MOD,HTB,
2025-05-09 15:15:00+05:30,VOLTAS,7,14.0,20,-15.377307602509335,0.9216587764020393,11.764671702498548,-41.147938561034096,-56.58852061438965,0.0,1.9590441022449403,4.246997760788506,0.40755239394684906,MOD,HTB,
2025-05-12 15:15:00+05:30,VOLTAS,7,13.0,17,-15.698587127158557,0.924638894703789,12.269444444444444,-55.248618784530386,-71.03393843725335,0.0,0.5087255377498517,4.205181653540542,0.4015581359486958,MOD,HTB,
2025-05-13 15:15:00+05:30,VOLTAS,7,12.0,16,-31.004924311508947,0.9237266853868457,12.110745285842562,-8.650793650793002,-39.682539682539684,4.277390807201213,2.9646671730105143,2.2145393820444568,0.11598085183793319,MOD,HTB,
2025-05-14 15:15:00+05:30,VOLTAS,7,11.0,15,-30.404839237406517,0.9201914001624267,11.52997799779978,-8.706070287539282,-39.13738019169402,4.132444542338488,2.934357595760399,2.292525302950896,0.12717691158975886,MOD,HTB,
2025-05-15 15:15:00+05:30,VOLTAS,7,10.0,14,-23.75484994853116,0.9186569137216886,11.293607800650054,-7.131537242472986,-30.903328050713874,4.3913690278386595,3.5684948745409457,3.1570577978919143,0.25124878179684945,MOD,HTB,
2025-05-16 15:15:00+05:30,VOLTAS,7,9.0,13,-29.276784301313857,0.9117704512404228,10.334071340713407,-26.180087266957194,-55.53351844506148,0.0,1.3198392057616013,2.4391378179146237,0.1482235448304308,MOD,HTB,
2025-05-19 15:15:00+05:30,VOLTAS,7,8.0,10,-23.58490566037736,0.9072716720761774,9.784191006026889,-7.867820613690008,-31.471282454760033,3.3793746062612553,3.231847270732998,3.179158936615968,0.25441950955990433,MOD,HTB,
2025-05-20 15:15:00+05:30,VOLTAS,7,7.0,9,-33.880845653031464,0.8887424423105086,7.988153441143287,2.4941668678105464,-31.378228336952798,7.261649396088419,3.159426481820545,1.8408548308059123,0.062323481290268906,MOD,HTB,
2025-05-21 15:15:00+05:30,VOLTAS,7,6.0,8,-21.989281210592402,0.8802167196135602,7.348410535876476,-4.731114966092958,-26.730799558428263,4.091939258149574,3.5434097901997212,3.3866870850711703,0.28418979956084667,MOD,HTB,
2025-05-22 15:15:00+05:30,VOLTAS,7,5.0,7,-11.787819253438114,0.8566816335257644,5.977472773385052,1.5714622456199063,-10.21450459652671,7.069469703759024,5.185316760145408,4.714278524242065,0.4745231082156454,MOD,HTB,
2025-05-23 15:15:00+05:30,VOLTAS,7,4.0,6,-11.117287381879542,0.8036195530494631,4.092156655758472,21.39461172741716,10.301109350237358,19.2789979602595,7.356424353929891,4.801587152573628,0.48703352586051396,MOD,HTB,
2025-05-26 15:15:00+05:30,VOLTAS,7,3.0,3,-3.1877590054199154,0.6472892510184896,1.835184362505553,-14.36552274541065,-17.55786113328049,0.0,4.184516190950392,5.834519063073328,0.6349783379180873,MOD,HTB,
2025-05-27 15:15:00+05:30,VOLTAS,7,2.0,2,-2.3752969121136545,0.44721186642341554,0.8090113359162003,-13.478157456592765,-15.856655831285183,0.0,4.32230147953939,5.94039984925808,0.6501368121666862,MOD,HTB,
2025-05-28 15:15:00+05:30,VOLTAS,7,1.0,1,12.740882306098973,0.2880599135394045,0.4046125776840185,13.518886679920838,26.24254473160998,55.62732022681159,9.557282450742802,7.911923958740437,0.9321662327443515,MOD,HTB,
2025-05-29 15:15:00+05:30,VOLTAS,7,0.0,0,-28.60775588048243,0.1865481171548117,0.22932901267906283,19.035532994922775,-9.51776649746229,,5.009881217487532,2.526098766650018,0.16070591191230166,MOD,HTB,
2025-05-30 15:15:00+05:30,VOLTAS,8,19.0,27,-59.97169336073374,0.9772928408402813,43.03897435897436,43.07324840764396,-16.640127388534378,12.08544167554356,5.271193744659983,0.01448819797824838,0.03543705718196501,EXT,HTB,VOLTAS
2025-06-02 15:15:00+05:30,VOLTAS,8,18.0,24,-54.6931553124745,0.9741815278147458,37.7319587628866,29.671210906175183,-24.859663191659255,10.769204492574033,4.713980140651658,0.5618262993332769,0.06943832841744561,EXT,HTB,VOLTAS
2025-06-03 15:15:00+05:30,VOLTAS,8,17.0,23,-59.46078032092493,0.9707585255987053,33.198001998002,-9.783938035059482,-69.30289441500204,4.698090638211514,1.9037402453624903,0.06745284434733281,0.03872806175282568,EXT,HTB,VOLTAS
2025-06-04 15:15:00+05:30,VOLTAS,8,16.0,22,-53.08289097590853,0.969327636348919,31.602639019792647,47.95188556567044,-4.876462938880925,14.22478936860163,5.937811380575482,0.7288537881018811,0.07981071447734274,EXT,HTB,VOLTAS
2025-06-05 15:15:00+05:30,VOLTAS,8,15.0,21,-70.80215624748536,0.9698911028065281,32.212774070543375,71.89072609633357,1.5975716910299982,18.790424084119145,6.354135759014588,0.0,-0.03432648394467135,EXT,HTB,VOLTAS
2025-06-06 15:15:00+05:30,VOLTAS,8,14.0,20,-51.99306759098715,0.9710206820816302,33.50736842105263,12.588512981903296,-39.33910306845004,8.548850878678818,3.6444357434952597,0.8419128091046377,0.08683072270134364,EXT,HTB,VOLTAS
2025-06-09 15:15:00+05:30,VOLTAS,8,13.0,17,-63.96754817068272,0.9674432241592045,29.715572232645403,39.62703962703892,-24.08702408702338,14.775060832257353,4.561309155265576,0.0,0.009698085146804522,EXT,HTB,VOLTAS
2025-06-10 15:15:00+05:30,VOLTAS,8,12.0,16,-35.04227927172933,0.9624776055826307,25.65075125208681,40.21244309559905,5.31107738998517,15.441957546113194,6.6302074935979824,2.6019788981624323,0.19601783966990857,EXT,HTB,VOLTAS
2025-06-11 15:15:00+05:30,VOLTAS,8,11.0,15,-60.72252113758717,0.9574358508285619,22.493950177935943,76.27765064836002,16.01830663615491,24.88204611124005,7.42027392519912,0.0,0.030600661449183362,EXT,HTB,VOLTAS
2025-06-12 15:15:00+05:30,VOLTAS,8,10.0,14,-54.83744614179397,0.9479504525376085,18.21246290801187,88.51618914512068,34.16414317881893,29.430178101688814,8.79923716206487,0.5468607862153467,0.06850889083839821,EXT,HTB,VOLTAS
2025-06-13 15:15:00+05:30,VOLTAS,8,9.0,13,-54.22823011631455,0.9434781279613609,16.692266089778258,51.60281469898287,-2.3455824863170798,20.77599401466593,6.071658913305295,0.610048732799761,0.0724331060536619,EXT,HTB,VOLTAS
2025-06-16 15:15:00+05:30,VOLTAS,8,8.0,10,-32.2382560638628,0.9430784099609645,16.56802646085998,85.23592085235956,53.272450532724505,37.494458595042815,10.582538174270786,2.8934180540502243,0.21407972589097954,EXT,HTB,VOLTAS
2025-06-17 15:15:00+05:30,VOLTAS,8,7.0,9,-27.507073247406474,0.9298648452259846,13.258184832159138,136.4341085271311,109.30232558139465,61.962535338510925,15.367041695971334,3.385343330746914,0.24455525315558402,EXT,HTB,VOLTAS
2025-06-18 15:15:00+05:30,VOLTAS,8,6.0,8,7.095553453170064,0.9115933237237104,10.311362920994648,167.44186046511555,174.41860465116278,83.29216828008472,21.185937418578032,6.990227507376442,0.4674452437457599,EXT,HTB,VOLTAS
2025-06-19 15:15:00+05:30,VOLTAS,8,5.0,7,20.03205128205128,0.8925073284277735,8.302959777384265,95.23809523809524,115.07936507936509,56.14785172707136,16.308935270953125,8.341151979729537,0.5507746367510926,EXT,HTB,VOLTAS
2025-06-20 15:15:00+05:30,VOLTAS,8,4.0,6,15.007898894155538,0.8745007492094641,6.968175058423625,186.04651162790697,200.77519379845032,120.49435913054451,24.30575933362237,7.816285082721534,0.518411969946869,EXT,HTB,VOLTAS
2025-06-23 15:15:00+05:30,VOLTAS,8,3.0,3,106.72853828306229,0.6319346662911856,1.7169089517980107,-16.267720195211936,90.63444108761364,0.0,14.995368295830286,17.440083705774907,1.1092229689852082,EXT,HTB,VOLTAS
2025-06-24 15:15:00+05:30,VOLTAS,8,2.0,2,59.73807153251094,0.3631763311344875,0.5702933934309921,-0.7659313725500646,58.976715686273124,4.8522287742536205,12.085197306451711,12.498509794005885,0.8065377196112394,EXT,HTB,VOLTAS
2025-06-25 15:15:00+05:30,VOLTAS,8,1.0,1,22.88329519450801,0.23616228046057913,0.3091786048520625,0.0,22.88329519450801,6.25,8.572770520813544,8.639135392836788,0.5691406912797561,EXT,HTB,VOLTAS
2025-06-26 15:15:00+05:30,VOLTAS,8,0.0,0,-78.37467660934374,0.15034509586651185,0.17694842357184976,21.260440394836404,-56.94760820045558,,0.3280241610634227,0.0,-0.08310425468455587,EXT,HTB,VOLTAS
2025-06-27 15:15:00+05:30,VOLTAS,9,24.0,34,-32.605398847436724,0.9716925374062898,34.32637362637362,-62.56676331451279,-95.3761635891958,0.0,0.6617202230909329,2.006567551649748,0.035394910764525715,EXT,HTB,VOLTAS
2025-06-30 15:15:00+05:30,VOLTAS,9,23.0,31,-29.507452523264455,0.9695454996855242,31.83586956521739,-50.950570342205665,-80.6083650190107,0.2662121921223358,1.2832028005454805,2.409156688442434,0.0499801204201511,EXT,HTB,VOLTAS
2025-07-01 15:15:00+05:30,VOLTAS,9,22.0,30,-25.475797991908372,0.969510388199269,31.79805615550756,-53.48399246704263,-79.09604519774011,0.0,1.2919862692946025,2.9332707863797975,0.06896125193300642,EXT,HTB,VOLTAS
2025-07-02 15:15:00+05:30,VOLTAS,9,21.0,29,-27.626371985365832,0.9688911189162067,31.14516129032258,-47.26181545386313,-75.01875468867216,0.3155427646751203,1.4640967267490714,2.6536704731828302,0.058836295173823924,EXT,HTB,VOLTAS
2025-07-03 15:15:00+05:30,VOLTAS,9,20.0,28,-18.903591682419,0.9668793361921696,29.192631578947367,-18.20962925194843,-37.14764367397414,3.878403398234182,3.8332556972031107,3.7881079961718704,0.09990336547964387,EXT,HTB,VOLTAS
2025-07-04 15:15:00+05:30,VOLTAS,9,19.0,27,-32.90676416819013,0.9658089531194924,28.24742268041237,-33.01540719002201,-66.03081438004402,1.7941575968320431,1.8823591725567856,1.9674106920056882,0.03397607521149281,EXT,HTB,VOLTAS
2025-07-07 15:15:00+05:30,VOLTAS,9,18.0,24,-37.95066413662272,0.9673689709211214,29.645677694770544,-23.408924652524107,-61.44842721287558,2.694053131791955,1.9499910402846445,1.3122235332783498,0.010229266576502161,EXT,HTB,VOLTAS
2025-07-08 15:15:00+05:30,VOLTAS,9,17.0,23,-31.95352214960124,0.9685680231568193,30.814734561213434,-32.78688524590164,-64.84517304189501,1.055374996027285,1.6241021686604136,2.0912709176089743,0.038463962746918476,EXT,HTB,VOLTAS
2025-07-09 15:15:00+05:30,VOLTAS,9,16.0,22,-32.81079110462996,0.9679463902551745,30.19773429454171,-26.317713283134065,-59.21485488705248,1.88938766806978,1.9400636495400607,1.9798804921238908,0.034427918822337714,EXT,HTB,VOLTAS
2025-07-10 15:15:00+05:30,VOLTAS,9,15.0,21,-14.626298083954952,0.9670118146820655,29.313883299798793,-10.248901903368163,-24.8901903367503,4.4695554649056985,4.398238381585829,4.3447505690957975,0.12004097193379412,EXT,HTB,VOLTAS
2025-07-11 15:15:00+05:30,VOLTAS,9,14.0,20,-2.9286864841125415,0.9670170827858081,29.318725099601593,30.656934306569674,27.73722627737193,11.853484188706737,8.36211548211231,5.868280691687826,0.17511362323267107,EXT,HTB,VOLTAS
2025-07-14 15:15:00+05:30,VOLTAS,9,13.0,17,-32.72251308900523,0.9666219882964464,28.959843290891282,8.71839581517034,-23.975588491717193,8.122707335060813,4.307640908684808,1.9913505783852246,0.03484353395285915,EXT,HTB,VOLTAS
2025-07-15 15:15:00+05:30,VOLTAS,9,12.0,16,-23.569745018214284,0.9636662053873137,26.522586359610276,-15.021459227467162,-38.62660944206073,2.8258007937797696,3.0519197524591277,3.1811305859901684,0.07793499754607296,EXT,HTB,VOLTAS
2025-07-16 15:15:00+05:30,VOLTAS,9,11.0,15,-25.87322121604074,0.9587893571268093,23.26557632398754,1.4371945961470114,-24.432308134522067,6.599742484731522,4.178624170109688,2.881596501561966,0.06709017334111574,EXT,HTB,VOLTAS
2025-07-17 15:15:00+05:30,VOLTAS,9,10.0,14,-11.509963311992925,0.9496692264219939,18.868560105680316,4.314374056231656,-7.190623427051125,7.375061664672645,5.625325146301125,4.750456887115325,0.13471275486674275,EXT,HTB,VOLTAS
2025-07-18 15:15:00+05:30,VOLTAS,9,9.0,13,1.4616677629178212,0.9425506086157682,16.406624785836666,16.052535570959837,17.51185698650194,10.760679425636589,7.810349019809347,6.4405527599609265,0.19578352208009936,EXT,HTB,VOLTAS
2025-07-21 15:15:00+05:30,VOLTAS,9,8.0,10,35.36884654251545,0.937493825127614,14.998419388830348,-2.1659085986584503,33.21059851274211,5.459528962800372,9.445274173573557,10.86875460599245,0.35541937744416513,EXT,HTB,VOLTAS
2025-07-22 15:15:00+05:30,VOLTAS,9,7.0,9,20.71312324308296,0.8982479784366577,8.827814569536423,44.18912947414936,64.81072322875205,24.210859983021308,12.664298556280087,8.952903811970465,0.28641986143926157,EXT,HTB,VOLTAS
2025-07-23 15:15:00+05:30,VOLTAS,9,6.0,8,19.075568598678718,0.8894500045909467,8.045681063122924,21.96193265007321,40.99560761346932,16.281150981050025,10.415042372662844,8.739011341695138,0.2787102127520589,EXT,HTB,VOLTAS
2025-07-24 15:15:00+05:30,VOLTAS,9,5.0,7,8.911332244169152,0.8719882288026485,6.811781609195402,-23.074060290285885,-14.142165984369862,0.0,4.776215998213583,7.412173713147707,0.23085673089437656,EXT,HTB,VOLTAS
2025-07-25 15:15:00+05:30,VOLTAS,9,4.0,6,14.466270747678475,0.835595320859656,5.082551939694797,1.5225334957355217,15.986601705236824,7.176278392856088,7.9675819935320575,8.137147050819795,0.2570095218790418,EXT,HTB,VOLTAS
2025-07-28 15:15:00+05:30,VOLTAS,9,3.0,3,31.73164097914641,0.6738844593649461,2.0663978725229475,-27.272727272726584,4.545454545453857,0.0,6.785312286937982,10.393022783644902,0.33829532165003556,EXT,HTB,VOLTAS
2025-07-29 15:15:00+05:30,VOLTAS,9,2.0,2,33.69524522650693,0.46360534546488485,0.8642989663397826,-16.5004125103131,17.25043126078118,0.0,8.350614816999693,10.649832737642646,0.34754002011526214,EXT,HTB,VOLTAS
2025-07-30 15:15:00+05:30,VOLTAS,9,1.0,1,73.93577296489985,0.3292739032773132,0.49092156229825695,-38.23375065597053,35.98470649973897,0.0,10.787278147222978,15.92386257613653,0.536993442577088,EXT,HTB,VOLTAS
2025-07-31 15:15:00+05:30,VOLTAS,9,0.0,0,56.64224756438336,0.18106788470625296,0.2211024348963342,-29.540978639599025,27.268595667324167,,9.809511573665718,13.654712388772195,0.4555750875580389,EXT,HTB,VOLTAS
2025-08-01 15:15:00+05:30,VOLTAS,10,17.0,27,5.4058228434631665,0.9820793950850661,54.80168776371308,152.10282150733894,157.42642026009617,26.970029376291766,15.902956360738738,6.848078438922643,-0.01521498084594591,EXT,HTB,VOLTAS
2025-08-04 15:15:00+05:30,VOLTAS,10,16.0,24,25.59470039144904,0.9823406165818617,55.6271186440678,107.97527738476431,133.29361828877867,22.760537878568336,14.842865326113325,9.084558015236928,0.13676665911985816,EXT,HTB,VOLTAS
2025-08-05 15:15:00+05:30,VOLTAS,10,15.0,23,8.370748040483289,0.979361678132401,47.45355191256831,-0.7610350076096579,7.610350076103501,6.12923164852897,6.746220590611209,7.176243186607863,0.007104942227935331,EXT,HTB,VOLTAS
2025-08-06 15:15:00+05:30,VOLTAS,10,14.0,22,22.89202594429607,0.9776219603162762,43.68666666666667,49.35459377372817,72.1336370539104,14.458649216519584,11.054399306425685,8.784899366363149,0.1164209567005099,EXT,HTB,VOLTAS
2025-08-07 15:15:00+05:30,VOLTAS,10,13.0,21,25.198533903481632,0.9751263682315721,39.203216374269005,19.814052735864475,44.9626581313831,9.697287436457298,9.295995579008844,9.040628033359893,0.13378432231595858,EXT,HTB,VOLTAS
2025-08-08 15:15:00+05:30,VOLTAS,10,12.0,20,54.13766434648105,0.9683111271155924,30.556818181818183,61.49116064565719,115.29592621060722,17.50678202668219,14.236319633874142,12.254221213990476,0.3516377662955701,EXT,HTB,VOLTAS
2025-08-11 15:15:00+05:30,VOLTAS,10,11.0,17,36.452004860267316,0.9544717643880033,20.96439169139466,44.354838709677416,80.64516129032258,15.794427541497857,12.160963469812135,10.289178948034548,0.21850032335438493,EXT,HTB,VOLTAS
2025-08-12 15:15:00+05:30,VOLTAS,10,10.0,16,27.37079375301957,0.9478924099760386,18.191062176165804,14.469453376205422,41.80064308681708,9.553234428009896,9.37024734291452,9.281526331959295,0.15013706969282217,EXT,HTB,VOLTAS
2025-08-13 15:15:00+05:30,VOLTAS,10,9.0,15,51.57092986353538,0.9377877196394995,15.073996873371547,118.38494707957592,169.3453547628374,35.22887740028314,19.23758541804473,11.968816335209137,0.3323154183766398,EXT,HTB,VOLTAS
2025-08-14 15:15:00+05:30,VOLTAS,10,8.0,14,38.01679074924723,0.9283252489149859,12.951914514692787,58.26771653543379,96.06299212598462,21.48565667482718,13.746274745277487,10.462900593347264,0.23028001368324333,EXT,HTB,VOLTAS
2025-08-18 15:15:00+05:30,VOLTAS,10,7.0,10,31.097290093290525,0.9135735138429951,10.570527097253155,-13.34519572953703,17.79359430604881,1.3822508900005623,7.761731849797824,9.694907898221166,0.1781900916488372,EXT,HTB,VOLTAS
2025-08-19 15:15:00+05:30,VOLTAS,10,6.0,9,14.534883720930232,0.8970597717454382,8.714375195740683,9.438756988310132,23.959921585710845,10.079748021654783,8.334729777290148,7.858815710645237,0.05350848534019302,EXT,HTB,VOLTAS
2025-08-20 15:15:00+05:30,VOLTAS,10,5.0,8,43.150735025231214,0.8769421792677606,7.126261248977365,-2.1945866861737713,40.96561814191594,5.248829678168847,9.904429595575456,11.033059878583238,0.2689282876500613,EXT,HTB,VOLTAS
2025-08-21 15:15:00+05:30,VOLTAS,10,4.0,7,50.57909397449121,0.8272660562166991,4.789250092353159,8.788633367511684,59.32327523070262,10.83465948142506,11.679369233237807,11.858550089682868,0.3248488891139016,EXT,HTB,VOLTAS
2025-08-22 15:15:00+05:30,VOLTAS,10,3.0,6,102.60574296892368,0.6637535226876919,1.9740088520576324,-4.4309873716869985,98.22022007237247,3.5550796960330353,15.48784701346233,17.657441071176873,0.7165049094798255,EXT,HTB,VOLTAS
2025-08-25 15:15:00+05:30,VOLTAS,10,2.0,3,27.155963302752628,0.4359715169555828,0.7729601076214622,-31.65954940362211,-4.417611544690834,0.0,5.802202176501932,9.257699823042966,0.148519828512942,EXT,HTB,VOLTAS
2025-08-26 15:15:00+05:30,VOLTAS,10,1.0,2,69.83655274888626,0.2501500600240096,0.33360016009605764,0.0,69.83655274888626,6.25,13.558504633176444,14.001444307914406,0.469818819173159,EXT,HTB,VOLTAS
2025-08-28 15:15:00+05:30,VOLTAS,10,0.0,0,116.45905506007189,0.07275174441256685,0.07845983421826655,27.197882975595746,143.3401940605704,,22.219019710051715,19.206670682025045,0.8207924849315303,EXT,HTB,VOLTAS
2025-08-29 15:15:00+05:30,VOLTAS,11,22.0,32,73.80073800738008,0.9864964039336562,73.05434782608695,109.48905109489051,182.4817518248175,18.80746628298381,17.453508794957283,15.906128808641279,0.2052306894287244,EXT,HTB,VOLTAS
2025-09-01 15:15:00+05:30,VOLTAS,11,21.0,29,50.890585241730605,0.9838791848617177,61.03160270880361,1.4134275618377772,52.29681978798651,6.42790949067094,9.607618754239345,12.900889062935217,0.07921881812577654,EXT,HTB,VOLTAS
2025-09-02 15:15:00+05:30,VOLTAS,11,20.0,28,74.72155646411892,0.9778165051011146,44.0785597381342,125.98315584325285,199.76334655808483,22.77713123489574,19.402096685750507,16.027062136605334,0.21029543334601208,EXT,HTB,VOLTAS
2025-09-03 15:15:00+05:30,VOLTAS,11,19.0,27,53.862508858964624,0.9764718877720093,41.502347417840376,133.5570939095162,186.70023075309294,24.426593127843006,18.757228076647166,13.29034034870842,0.09556518037869834,EXT,HTB,VOLTAS
2025-09-04 15:15:00+05:30,VOLTAS,11,18.0,26,54.755043227665055,0.9739056038785113,37.322404371584696,79.33671646058116,133.6573511543122,17.43207075176521,15.345164977996292,13.407323902353674,0.10047435436599576,EXT,HTB,VOLTAS
2025-09-05 15:15:00+05:30,VOLTAS,11,17.0,25,49.719887955181434,0.9700572272475539,32.39704069050555,23.752969121140776,73.35475757999161,9.722058711252457,11.320409662397463,12.747508725919726,0.07277967486399382,EXT,HTB,VOLTAS
2025-09-08 15:15:00+05:30,VOLTAS,11,16.0,22,53.0035335689046,0.9571094733057702,22.3151718357083,5.650515609549051,58.624099449074414,7.187736867745666,10.542152768157637,13.177765261338553,0.09084059015834205,EXT,HTB,VOLTAS
2025-09-09 15:15:00+05:30,VOLTAS,11,15.0,21,36.167647684560734,0.9512724684107492,19.52227903579255,0.0,36.167647684560734,6.25,8.949004474486639,10.973257830351617,-0.0017612142482168322,EXT,HTB,VOLTAS
2025-09-10 15:15:00+05:30,VOLTAS,11,14.0,20,62.20164906697461,0.9376812088549306,15.046524356869185,63.95975565936105,125.76356449874237,17.960144354975093,15.873915597984457,14.383752200133932,0.14143264679928738,EXT,HTB,VOLTAS
2025-09-11 15:15:00+05:30,VOLTAS,11,13.0,19,87.46146677181191,0.9319833316113924,13.702278481012659,7.879656160457801,95.2722063037246,7.7643201147725645,13.684269465164048,17.701377952929683,0.28036829381646466,EXT,HTB,VOLTAS
2025-09-12 15:15:00+05:30,VOLTAS,11,12.0,18,83.10646224387384,0.9243288068829688,12.215068493150685,30.000000000000327,112.85714285714253,12.342476624494637,15.25588399215051,17.128788728500695,0.25641462245897334,EXT,HTB,VOLTAS
2025-09-15 15:15:00+05:30,VOLTAS,11,11.0,15,65.57145878869036,0.9206857766113364,11.608079071766223,4.933051444679672,70.47216349541931,7.450672024736725,12.253117024179783,14.82585541673852,0.15996748737027433,EXT,HTB,VOLTAS
2025-09-16 15:15:00+05:30,VOLTAS,11,10.0,14,81.88042634291054,0.910765354759635,10.206409767264402,2.117148906139411,83.98023994354334,6.802029403299348,13.579100996692539,16.967636793389136,0.2496711022500368,EXT,HTB,VOLTAS
2025-09-17 15:15:00+05:30,VOLTAS,11,9.0,13,81.22550765942353,0.8868102550754815,7.8347226214429435,64.4202180376604,145.12246920571997,24.395725600791586,19.264101333681964,16.881561495381185,0.24606887708368175,EXT,HTB,VOLTAS
2025-09-18 15:15:00+05:30,VOLTAS,11,8.0,12,76.12066535100053,0.8767181016597511,7.111490928214567,49.79311312153823,125.53474998246784,21.433237723678825,17.777553707703277,16.210831986570863,0.21799090053891876,EXT,HTB,VOLTAS
2025-09-19 15:15:00+05:30,VOLTAS,11,7.0,11,79.47771785410194,0.8589525722230805,6.089813800657174,76.75515808745767,155.62284346172743,31.81700297379936,20.929221712518718,16.651879074158433,0.23645557304919226,EXT,HTB,VOLTAS
2025-09-22 15:15:00+05:30,VOLTAS,11,6.0,8,114.02675243037724,0.8227038243177037,4.640279583875163,57.41279069767508,170.78488372093022,32.520070025444205,23.715257880605893,21.199597267794953,0.4264843582432521,EXT,HTB,VOLTAS
2025-09-23 15:15:00+05:30,VOLTAS,11,5.0,7,114.35647170223646,0.7961600270658885,3.9058091286307053,0.0,114.35647170223646,6.25,18.244460007490602,21.243075009363253,0.42829790103699217,EXT,HTB,VOLTAS
2025-09-24 15:15:00+05:30,VOLTAS,11,4.0,6,121.28785651279036,0.7628275109170306,3.2163406214039125,35.88954808466904,156.74210796161915,28.12208089246473,23.209993530164393,22.15740338110002,0.4664223421803231,EXT,HTB,VOLTAS
2025-09-25 15:15:00+05:30,VOLTAS,11,3.0,5,165.8107116654432,0.5954807933718302,1.4720705064548163,108.85341074020319,272.859216255442,86.14864510261997,36.84927252822334,28.04581313993809,0.7113097661501839,EXT,HTB,VOLTAS
2025-09-26 15:15:00+05:30,VOLTAS,11,2.0,4,144.64366430616278,0.3854369984818911,0.6271724746360829,53.20344698388842,197.07755713750433,54.927751711381624,28.953619721485087,25.24302943721426,0.5948854334543198,EXT,HTB,VOLTAS
2025-09-29 15:15:00+05:30,VOLTAS,11,1.0,1,241.25975151690326,0.21836247204716405,0.27936538899183977,-18.091034083508212,223.60518127216216,0.0,34.71283196542294,38.08552656200536,1.1262993472737233,EXT,HTB,VOLTAS
2025-09-30 15:15:00+05:30,VOLTAS,11,0.0,0,65.4226451564936,0.058393723423369466,0.06201501081287368,17.069912423928912,82.38088169808621,,17.033414964048898,14.806328601946433,0.1591489732180414,EXT,HTB,VOLTAS
2025-10-01 15:15:00+05:30,VOLTAS,12,17.0,27,100.87524106215795,0.9839693706032497,61.380582524271844,45.04171896920851,145.4626006054792,12.352727327130738,15.974326145480234,19.466582148888726,0.07521287471702044,EXT,HTB,VOLTAS
2025-10-03 15:15:00+05:30,VOLTAS,12,16.0,25,82.93224731580929,0.9815120296305518,53.08922558922559,55.22827687776142,137.70250368188547,14.335676933517883,15.799184905341972,17.10588845161337,-0.009333189221196313,EXT,HTB,VOLTAS
2025-10-06 15:15:00+05:30,VOLTAS,12,15.0,22,113.0784109507517,,,161.03059581320449,272.28809837505526,33.18388549130655,26.402660016687662,21.07455428662995,0.13271331172519374,EXT,HTB,VOLTAS
2025-10-07 15:15:00+05:30,VOLTAS,12,14.0,21,111.93476649369836,,,143.9321984364729,254.25586322788013,31.44856932597448,25.43440154210431,20.923775704201713,0.12732454334264356,EXT,HTB,VOLTAS
2025-10-08 15:15:00+05:30,VOLTAS,12,13.0,20,133.04093567251496,0.9552672016390644,21.35496183206107,14.598540145985401,147.4452554744529,8.91618016740664,17.545462244157417,23.709235156122254,0.22677525675807775,EXT,HTB,VOLTAS
2025-10-09 15:15:00+05:30,VOLTAS,12,12.0,19,76.87286967873041,0.9457119926622334,17.420274551214362,-11.61693167792156,65.3452406883032,4.01962153994992,11.341336491905125,16.309643066445943,-0.03788453000481123,EXT,HTB,VOLTAS
2025-10-10 15:15:00+05:30,VOLTAS,12,11.0,18,83.80871892386851,0.9356787892477976,14.546971027216857,-20.465772759351385,63.51446718419196,2.1042369460249564,11.305807793549619,17.221103338387156,-0.005203319609549931,EXT,HTB,VOLTAS
2025-10-13 15:15:00+05:30,VOLTAS,12,10.0,15,90.7770515613653,0.9276913642192117,12.829606784888204,21.73913043478261,112.31884057971014,11.545613261649093,15.837988072192777,18.137474577841065,0.02763095013612475,EXT,HTB,VOLTAS
2025-10-14 15:15:00+05:30,VOLTAS,12,9.0,14,133.207847679721,0.9195506731642851,11.430184804928132,98.91764031252208,230.8078273958843,32.167639909814966,26.543404563850366,23.731286890867995,0.22756173383279496,EXT,HTB,VOLTAS
2025-10-15 15:15:00+05:30,VOLTAS,12,8.0,13,126.66380420781482,0.9026229508196721,9.26936026936027,89.36170212765893,214.8936170212763,31.452793058924804,25.589320384762303,22.866993786044016,0.19672668336063845,EXT,HTB,VOLTAS
2025-10-16 15:15:00+05:30,VOLTAS,12,7.0,12,125.9248719408069,0.8768079403412861,7.117406290392072,74.14730598121602,199.13847892097888,28.88716724988215,24.604755791337237,22.769436594817897,0.19324488898587439,EXT,HTB,VOLTAS
2025-10-17 15:15:00+05:30,VOLTAS,12,6.0,11,184.39716312056737,0.8567368986969099,5.980164403145103,112.20196353436185,294.53015427769986,43.69109477036326,34.229088848124704,30.511872235816707,0.4687620149785233,EXT,HTB,VOLTAS
2025-10-20 15:15:00+05:30,VOLTAS,12,5.0,8,184.36733263231656,0.8399047760749888,5.246282527881041,93.75,276.3888888888886,49.22519999399311,34.667308221767826,30.50791057256066,0.4686214559167183,EXT,HTB,VOLTAS
2025-10-21 14:30:00+05:30,VOLTAS,12,4.0,7,218.1818181818185,0.8339718381326906,5.02307457212714,177.2221458991617,391.5372990795439,89.49762375031462,46.92636940751094,35.00641819152593,0.6279528193291293,EXT,HTB,VOLTAS
2025-10-23 15:15:00+05:30,VOLTAS,12,3.0,5,241.70023614390857,0.6417297397083256,1.7911889733350508,-24.36816820998399,217.92104713499936,0.0,30.61989933189321,38.14436777708961,0.7387698712022709,EXT,HTB,VOLTAS
2025-10-24 15:15:00+05:30,VOLTAS,12,2.0,4,246.77665326493766,0.4557232935978276,0.8373007483827323,-18.055555555554925,229.16666666666666,0.0,32.69349200410908,38.822682066577975,0.7626895744891831,EXT,HTB,VOLTAS
2025-10-27 15:15:00+05:30,VOLTAS,12,1.0,1,215.45995103182898,0.2169019695724708,0.2769793322734499,-3.498950314905528,212.03638908327468,0.0,33.224337164766624,34.64373973801606,0.6151275819497106,EXT,HTB,VOLTAS
2025-10-28 15:15:00+05:30,VOLTAS,12,0.0,0,308.46534998953206,0.06784870649173236,0.07278722559765517,-48.387096774194184,261.57082748948073,,40.801505207681984,47.09389761173662,1.0533621663248776,EXT,HTB,VOLTAS
2025-10-29 15:15:00+05:30,VOLTAS,13,18.0,27,197.89201978920295,0.9739797884005571,37.43166287015946,183.00837615260082,377.2788062222857,31.21920323105441,28.89059673892096,27.094243159275265,0.22135434332494874,EXT,HTB,VOLTAS
2025-10-30 15:15:00+05:30,VOLTAS,13,17.0,26,197.3159231048244,0.9718097824482688,34.47329842931937,260.0155444075458,452.2009467957323,43.235128906610555,33.93879869499965,27.032953394945906,0.21486314579721885,EXT,HTB,VOLTAS
2025-10-31 15:15:00+05:30,VOLTAS,13,16.0,25,227.35553450411751,0.9687162243304912,30.96545105566219,81.67100318010952,307.16970222607694,18.222925329642095,25.229163752222494,30.23361976835139,0.5533359343698617,EXT,HTB,VOLTAS
2025-11-03 15:15:00+05:30,VOLTAS,13,15.0,22,212.49907769497494,0.9648711943793911,27.466666666666665,104.41004672897164,314.69042056074704,23.66364292459184,26.725111597428747,28.6494633346406,0.38594008168523464,EXT,HTB,VOLTAS
2025-11-04 15:15:00+05:30,VOLTAS,13,14.0,21,227.40784780023716,0.9618307426597582,25.199095022624434,69.37269372693794,295.2029520295203,18.349652831990337,25.780621207512112,30.239202232825136,0.5539253769888651,EXT,HTB,VOLTAS
2025-11-06 15:15:00+05:30,VOLTAS,13,13.0,19,205.28313579673093,0.9272056267215789,12.737325495958855,62.355658198613625,266.35873749037654,18.266353566560994,24.497996778027648,27.88088880710961,0.30463410392101176,EXT,HTB,VOLTAS
2025-11-07 15:15:00+05:30,VOLTAS,13,12.0,18,214.67722289890241,0.9174191859704227,11.109350237717909,63.54009077155894,276.8532526475031,19.175626807865427,25.58521212862771,28.881570293591164,0.4104824391508445,EXT,HTB,VOLTAS
2025-11-10 15:15:00+05:30,VOLTAS,13,11.0,15,237.59398496240533,0.9143995190139786,10.682177348551361,78.32898172323759,314.0619171950758,25.385092053188806,29.54425727721166,31.32675665893584,0.6686981749533428,EXT,HTB,VOLTAS
2025-11-11 15:15:00+05:30,VOLTAS,13,10.0,14,198.8596964327003,0.8913038359196552,8.199956672443674,53.64395739137098,251.4368917158416,20.273393269200426,25.218969814825755,27.197200433075853,0.2322576871667693,EXT,HTB,VOLTAS
2025-11-12 15:15:00+05:30,VOLTAS,13,9.0,13,241.75656032438152,0.882263517346221,7.493544035459626,171.44146176404377,409.0533122791194,54.80288576214007,38.009176844993355,31.771513532910312,0.7156001961441034,EXT,HTB,VOLTAS
2025-11-13 15:15:00+05:30,VOLTAS,13,8.0,12,198.1871255185125,0.8751814223512336,7.011627906976744,197.28915662650635,391.566265060241,66.85864206503072,37.270236463936314,27.12564025784685,0.2246794615428733,EXT,HTB,VOLTAS
2025-11-14 15:15:00+05:30,VOLTAS,13,7.0,11,234.54786841717035,0.8453918418305737,5.467963992586709,-13.293943870014434,221.56573116691283,1.8417572136783757,24.028449339070377,31.001409721336532,0.6343759080079318,EXT,HTB,VOLTAS
2025-11-17 15:15:00+05:30,VOLTAS,13,6.0,8,235.59445660102082,0.8265175926126165,4.764273248566442,42.126670540383174,276.7286461359668,25.5108918410071,30.070894926742543,31.113181346339235,0.6461683914847115,EXT,HTB,VOLTAS
2025-11-18 15:15:00+05:30,VOLTAS,13,5.0,7,245.29254743525,0.7988489335061397,3.9713880091733103,13.688760806917081,258.64553314121105,13.392600775950264,29.023325681532654,32.14947066264911,0.7554421036130109,EXT,HTB,VOLTAS
2025-11-19 15:15:00+05:30,VOLTAS,13,4.0,6,259.0931738913808,0.7384935206232636,2.823997028231798,-23.544520547946505,236.15867579908613,0.0,27.52610968538661,33.625913935880824,0.9109413362284469,EXT,HTB,VOLTAS
2025-11-20 15:15:00+05:30,VOLTAS,13,3.0,5,184.70030429551986,0.5881372656506962,1.4279933982856838,-14.173339947558643,170.788746368081,0.0,21.96909068335608,25.691705471320358,0.07271604471803249,EXT,HTB,VOLTAS
2025-11-21 15:15:00+05:30,VOLTAS,13,2.0,4,123.82117918076322,0.39784471119620984,0.660701182225846,7.193727069994965,130.92583267390705,12.816638164793362,18.584235968175854,19.243390002848134,-0.6132424708418391,EXT,HTB,VOLTAS
2025-11-24 15:15:00+05:30,VOLTAS,13,1.0,1,71.00066563123963,0.22793347469534783,0.2952251745475001,65.39309331374056,135.92946362968405,245.7186264665149,20.126262049952484,13.680765923765042,-1.208400187008801,EXT,HTB,VOLTAS
2025-11-25 15:15:00+05:30,VOLTAS,13,0.0,0,135.39367181751356,0.16826539867520546,0.20230659925316413,28.61545234426657,163.62168904541917,,23.454543545736254,20.466082808455834,-0.4828488448580676,EXT,HTB,VOLTAS
2025-11-26 15:15:00+05:30,VOLTAS,14,23.0,34,83.88169788126498,0.978489932885906,45.48985959438377,6.5038300332408125,90.33097268391386,6.948432431899257,11.592035833063477,17.230697105905744,0.4334290264261454,EXT,HTB,VOLTAS
2025-11-27 15:15:00+05:30,VOLTAS,14,22.0,33,122.27964189533577,0.9740603493912123,37.55102040816327,107.99913600691194,228.95816833465463,18.260331627814633,20.109227614294504,22.288283598360092,0.7361207140643594,EXT,HTB,VOLTAS
2025-11-28 15:15:00+05:30,VOLTAS,14,21.0,32,81.17595436595097,0.9715330894579315,34.12850467289719,51.65514732629981,132.41178610403816,12.157185237020164,14.358854987284053,16.875048987585494,0.4120996013229047,EXT,HTB,VOLTAS
2025-12-01 15:15:00+05:30,VOLTAS,14,20.0,29,97.91651328866932,0.9695790943546778,31.872131147540983,5.886248252519716,103.74512545066523,6.991073512043622,12.928029066240615,19.077018747373323,0.5440657303028238,EXT,HTB,VOLTAS
2025-12-02 15:15:00+05:30,VOLTAS,14,19.0,28,128.56509531550236,0.9665969386061029,28.93737574552684,-10.355029585799489,118.34319526627219,4.900846334807886,14.009445383582472,23.118044432357078,0.7856690571377393,EXT,HTB,VOLTAS
2025-12-03 15:15:00+05:30,VOLTAS,14,18.0,27,94.03686842301767,0.9623714873200823,25.57559198542805,-47.24055188962345,47.240551889621734,0.0,9.392483297483745,18.566378363493282,0.5134824196080976,EXT,HTB,VOLTAS
2025-12-04 15:15:00+05:30,VOLTAS,14,17.0,26,57.17294816820815,0.9591432247296499,23.475744680851065,-16.577499811619663,40.69022681033731,3.9247009150857743,9.005968783326818,13.724288946693672,0.22288346902887188,EXT,HTB,VOLTAS
2025-12-05 15:15:00+05:30,VOLTAS,14,16.0,25,55.01959602050011,0.9551701682832368,21.3065749235474,-7.54261577915221,47.518479408658585,5.149193192214936,9.530298981750942,13.442000579550994,0.2059085550743573,EXT,HTB,VOLTAS
2025-12-08 15:15:00+05:30,VOLTAS,14,15.0,22,58.63985987358022,0.9464895506078405,17.687938736439055,37.177541729894465,95.59939301972616,12.42958637311385,13.262328068774861,13.916625115365699,0.23444716055237147,EXT,HTB,VOLTAS
2025-12-09 15:15:00+05:30,VOLTAS,14,14.0,21,55.72289156626575,0.936558957875148,14.762666666666666,33.771106941838646,89.30581613508511,12.129673768197488,12.932254840873373,13.534190645380361,0.21145264659077367,EXT,HTB,VOLTAS
2025-12-10 15:15:00+05:30,VOLTAS,14,13.0,20,70.8524911434393,0.919990889568556,11.498576657177715,27.06156506051198,97.72231827407352,11.195430199754728,13.71751481403895,15.519003824241956,0.33071955389255236,EXT,HTB,VOLTAS
2025-12-11 15:15:00+05:30,VOLTAS,14,12.0,19,65.68144499178948,0.9135023145900101,10.561002994011975,90.23668639053288,155.32544378698225,23.66362848942579,18.407170097545073,14.840287617340275,0.2899561034868639,EXT,HTB,VOLTAS
2025-12-12 15:15:00+05:30,VOLTAS,14,11.0,18,110.66027296200664,0.9014115993868166,9.143181081956593,148.9825581395349,257.99418604651163,36.687653263431194,26.989983039794296,20.755766467456322,0.6445250184606676,EXT,HTB,VOLTAS
2025-12-15 15:15:00+05:30,VOLTAS,14,10.0,15,120.49941927990642,0.8942861690275347,8.45950015055706,57.736720554272516,177.54041570438736,20.339983394447202,21.455675191156175,22.05336722510749,0.7220871869661751,EXT,HTB,VOLTAS
2025-12-16 15:15:00+05:30,VOLTAS,14,9.0,14,84.97767535647382,0.8745970236738415,6.974292391586601,8.63433587566589,93.5386386530436,8.502067105605047,14.417210437517891,17.374782103474267,0.44206863669962426,EXT,HTB,VOLTAS
2025-12-17 15:15:00+05:30,VOLTAS,14,8.0,13,122.27769336516796,0.8628311392816512,6.290284360189573,-12.315270935959273,110.11301072153032,2.794378262012751,16.107113609324802,22.288026449148425,0.7361053537657796,EXT,HTB,VOLTAS
2025-12-18 15:15:00+05:30,VOLTAS,14,7.0,12,60.02572531084815,0.80419021872696,4.106997176027612,-10.014306151645856,50.07153075822604,3.205506049292153,10.830504419160256,14.098360863389415,0.24537196287752672,EXT,HTB,VOLTAS
2025-12-19 15:15:00+05:30,VOLTAS,14,6.0,11,67.46463547334025,0.777515223120967,3.49468954248366,-42.98411773277059,24.770508523968118,0.0,8.571141522445968,15.074297106623932,0.3040130263273996,EXT,HTB,VOLTAS
2025-12-22 15:15:00+05:30,VOLTAS,14,5.0,8,60.693641618497765,0.7487018476029466,2.979336857280154,7.2202166064981945,67.87003610108368,9.545413649947044,13.154725341985184,14.185957253996023,0.25063715921953555,EXT,HTB,VOLTAS
2025-12-23 15:15:00+05:30,VOLTAS,14,4.0,7,57.22564288301405,0.6975264816971005,2.3060745469908928,-3.6231884057971016,53.62318840579776,4.361108215429507,11.85717972000402,13.73119759614766,0.2232988624194234,EXT,HTB,VOLTAS
2025-12-24 15:15:00+05:30,VOLTAS,14,3.0,6,17.22282023681443,0.545382346267302,1.1996506114299974,-15.092712376023494,2.1561017680047567,0.0,6.48148882284101,8.49705322362323,-0.09204411252301639,EXT,HTB,VOLTAS
2025-12-26 15:15:00+05:30,VOLTAS,14,2.0,4,43.343205952466946,0.3492048730586813,0.5365818805372964,1.4445648248468435,44.78150957024229,7.568260620611908,11.36936214805479,11.912376651975373,0.11386336083375183,EXT,HTB,VOLTAS
2025-12-29 15:15:00+05:30,VOLTAS,14,1.0,1,102.1147161066042,0.1094261588833362,0.12287151702786378,-27.59622367465472,74.80029048656466,0.0,15.699906333218966,19.62981328863983,0.5771602391010696,EXT,HTB,VOLTAS
2025-12-30 15:15:00+05:30,VOLTAS,14,0.0,0,39.99111308597989,0.05171008328903066,0.054529825085962026,-18.548746104763318,21.51654548152444,,9.05785724697772,11.47357905423206,0.08743875209675356,EXT,HTB,VOLTAS
2025-12-31 15:15:00+05:30,VOLTAS,15,17.0,27,63.207408496250984,0.9834999265030133,59.605790645879736,6.610356224752779,69.7759823723834,7.143917718673003,10.896818657236864,14.515687419423518,0.3720919040498075,EXT,HTB,VOLTAS
2026-01-01 15:15:00+05:30,VOLTAS,15,16.0,26,62.09386281588382,0.9835330441814306,59.72767857142857,0.0,62.09386281588382,6.25,10.460170027428578,14.369613624326544,0.36237866390994994,EXT,HTB,VOLTAS
2026-01-02 15:15:00+05:30,VOLTAS,15,15.0,25,65.63329143974369,0.9832639041145947,58.751091703056765,-18.887722980063277,46.86953480237877,3.494993416709498,9.485395596498531,14.833968971310247,0.3932524042401182,EXT,HTB,VOLTAS
2026-01-05 15:15:00+05:30,VOLTAS,15,14.0,22,43.859649122807014,0.9817174908587454,53.697087378640774,-20.961525458110142,22.990060179864024,2.7759321845105713,7.930206536502414,11.97999352735325,0.20332520118722228,EXT,HTB,VOLTAS
2026-01-06 15:15:00+05:30,VOLTAS,15,13.0,21,44.21221864951708,0.9806568823026504,50.697974217311234,-22.155085599194056,22.155085599194056,2.4034945333049897,7.902158667221084,12.026156767658316,0.20640059588302098,EXT,HTB,VOLTAS
2026-01-07 15:15:00+05:30,VOLTAS,15,12.0,20,15.915119363395828,0.9781332760718632,44.731587561374795,-6.635700066357001,9.289980092900404,5.0393863569341,6.956753906903784,8.32630215688204,-0.04042944034581091,EXT,HTB,VOLTAS
2026-01-08 15:15:00+05:30,VOLTAS,15,11.0,19,27.192386131883072,0.9742612011439467,37.851851851851855,-34.106412005457024,-6.8212824010914055,0.0,5.7204427038713614,9.799549990487078,0.05793994150786739,EXT,HTB,VOLTAS
2026-01-09 15:15:00+05:30,VOLTAS,15,10.0,18,10.197144799456153,0.9699695495432431,32.2995337995338,-3.4002040122407347,6.800408024481469,5.560631379463674,6.789781150659422,7.579948860713959,-0.09030620879129594,EXT,HTB,VOLTAS
2026-01-12 15:15:00+05:30,VOLTAS,15,9.0,15,25.73131094257824,0.9649998255225599,27.571286141575275,-46.25850340136024,-20.408163265306126,0.0,4.519444437686901,9.60858306919449,0.04519526975679362,EXT,HTB,VOLTAS
2026-01-13 15:15:00+05:30,VOLTAS,15,8.0,14,19.860293110533426,0.952199113535629,19.920114122681884,-39.18872464764555,-19.250601581299104,0.0,4.5786392723712845,8.841505321614521,-0.0060164650408608715,EXT,HTB,VOLTAS
2026-01-14 15:15:00+05:30,VOLTAS,15,7.0,13,67.2117516629715,0.9396114586763253,15.559432933478735,-17.352675782605676,49.97570625390467,1.3821248812298534,10.710211192831709,15.041108408932704,0.40702100257401813,EXT,HTB,VOLTAS
2026-01-16 15:15:00+05:30,VOLTAS,15,6.0,11,51.77304964538975,0.9279459756373388,12.87847533632287,-21.321961620469082,30.56147832267203,0.0,9.114620504868181,13.016518146445314,0.27235223883275095,EXT,HTB,VOLTAS
2026-01-19 15:15:00+05:30,VOLTAS,15,5.0,8,55.782021025530675,0.8984409658406743,8.846489859594383,7.8605116478500525,63.59868515077955,9.837768709023834,12.718792229968248,13.541941807381,0.307321708353108,EXT,HTB,VOLTAS
2026-01-20 15:15:00+05:30,VOLTAS,15,4.0,7,94.47401964459876,0.8566810983927406,5.9774467204634805,-21.791403666967923,72.88848812744249,0.0,13.879065499728178,18.62390638062434,0.6448244086950686,EXT,HTB,VOLTAS
2026-01-21 15:15:00+05:30,VOLTAS,15,3.0,6,97.56097560975539,0.6840877157767965,2.1654356286236203,3.8699690402476783,101.39318885448846,8.604686823799552,17.190415425572205,19.030214411666325,0.6717513189416653,EXT,HTB,VOLTAS
2026-01-22 15:15:00+05:30,VOLTAS,15,2.0,5,57.16492854384002,0.4699487873224466,0.8866101540424756,-3.863987635239567,53.32302936630673,3.4298338455507476,12.163630903068388,13.723237520482257,0.31938453887131724,EXT,HTB,VOLTAS
2026-01-23 15:15:00+05:30,VOLTAS,15,1.0,4,-60.11261604017549,0.26307388263910003,0.356988138215575,9.122700319294855,-50.935076782726306,14.578263431784261,0.4549638380873411,0.0,-0.7036044355745125,EXT,HTB,VOLTAS
2026-01-27 15:15:00+05:30,VOLTAS,15,0.0,0,-133.42328161307387,0.1026049368672506,0.11433641779693243,36.59447348767805,-96.34055265123294,,0.0,0.0,-1.3430789646190282,EXT,HTB,VOLTAS
2026-01-28 15:15:00+05:30,VOLTAS,16,20.0,27,3.635041802980734,0.9901227352425482,100.24260355029585,25.380710659898476,29.0065264684554,9.685457635057313,7.9881585373934705,6.640303371601497,-0.0037795464713713356,EXT,HTB,VOLTAS
2026-01-29 15:15:00+05:30,VOLTAS,16,19.0,26,73.17073170731774,0.9873959643135142,78.3396674584323,-22.964664049188155,50.37410178531878,3.0298105848369254,9.322168925682432,14.13397236279969,0.4615769969269809,EXT,HTB,VOLTAS
2026-01-30 15:15:00+05:30,VOLTAS,16,18.0,25,82.76899924755455,0.9852643657336111,66.86270491803279,-3.763643206624012,79.03650733910425,5.700611470469299,11.158971695180872,15.172471860409903,0.5258118756098861,EXT,HTB,VOLTAS
2026-02-01 15:15:00+05:30,VOLTAS,16,17.0,23,107.70887828896753,0.9803830707445166,49.976377952755904,-36.29063392788237,71.80912670836194,0.5012591556171141,10.864893202655496,17.8755868227109,0.6927180488203871,EXT,HTB,VOLTAS
2026-02-02 15:15:00+05:30,VOLTAS,16,16.0,22,52.552552552552555,0.9797560824614623,48.39755351681957,-37.67897513187641,15.071590052750565,0.010463089243975543,7.233085728282164,11.90654743589511,0.3235931127398902,EXT,HTB,VOLTAS
2026-02-03 15:15:00+05:30,VOLTAS,16,15.0,21,87.98944126704795,0.978556001234187,45.63309352517986,35.07233669443194,122.75317843051262,12.356621083920663,14.446759774604356,15.737727789438377,0.560748853391298,EXT,HTB,VOLTAS
2026-02-04 15:15:00+05:30,VOLTAS,16,14.0,20,61.806433487849105,0.966864858169206,29.179439252336447,14.027212792818066,75.74694908121724,8.811763475103167,11.389422113443251,12.905691900702083,0.3855232388520196,EXT,HTB,VOLTAS
2026-02-05 15:15:00+05:30,VOLTAS,16,13.0,19,76.33587786259605,0.9594259500340958,23.646294881589,14.68531468531405,90.9090909090909,9.07319972874594,12.539351887914062,14.476319270978632,0.4827592340802651,EXT,HTB,VOLTAS
2026-02-06 15:15:00+05:30,VOLTAS,16,12.0,18,67.1328671328665,0.9545793695206118,21.016427104722794,15.360983102918903,82.39072755201755,9.367260841075359,12.057151055626708,13.481210580977415,0.4211695487267906,EXT,HTB,VOLTAS
2026-02-09 15:15:00+05:30,VOLTAS,16,11.0,15,57.70378722557568,0.9530215805190407,20.286369593709043,-37.94940079893505,19.97336884154461,0.0,7.739299981308301,12.462613129501285,0.3580669313641054,EXT,HTB,VOLTAS
2026-02-10 15:15:00+05:30,VOLTAS,16,10.0,14,41.11343263463056,0.9425935905157384,16.419657647708448,-25.677410635853462,15.541590648017985,0.0,7.432727767316365,10.67274587110887,0.24703862235018026,EXT,HTB,VOLTAS
2026-02-11 15:15:00+05:30,VOLTAS,16,9.0,13,27.925531914893917,0.9191080986919203,11.362176977290524,-9.317183548516512,18.63436709703151,3.6352394632723155,7.698487020715906,9.252081675032658,0.15878069462903008,EXT,HTB,VOLTAS
2026-02-12 15:15:00+05:30,VOLTAS,16,8.0,12,40.29375446805775,0.9060554792990072,9.64458036017669,-30.638852672751273,9.778357235984355,0.0,7.02627098401041,10.584391374507685,0.2415530566094766,EXT,HTB,VOLTAS
2026-02-13 15:15:00+05:30,VOLTAS,16,7.0,11,22.274633123690325,0.8947453255963894,8.500765696784073,-9.180327868853055,13.114754098360656,3.2051976984887514,7.314450429817415,8.643914548776499,0.12096295337721842,EXT,HTB,VOLTAS
2026-02-16 15:15:00+05:30,VOLTAS,16,6.0,8,7.17968800992043,0.8841825726141079,7.634279163083979,-13.725490196077837,-6.5359477124183005,0.0,5.6821805619310695,7.021037448143545,0.01994243440925059,EXT,HTB,VOLTAS
2026-02-17 15:15:00+05:30,VOLTAS,16,5.0,7,30.624877826285562,0.8712040843389471,6.764221364221364,-11.089367253751112,19.569471624266143,0.4708908161308777,7.993867163772092,9.542715235345138,0.17684563774658363,EXT,HTB,VOLTAS
2026-02-18 15:15:00+05:30,VOLTAS,16,4.0,6,15.52493692994431,0.8245131375579599,4.69843227056544,-22.042139384117284,-6.482982171799027,0.0,5.658619551562687,7.91794271155046,0.07579168529845369,EXT,HTB,VOLTAS
2026-02-19 15:15:00+05:30,VOLTAS,16,3.0,5,-19.24225333421864,0.6822387518142236,2.1470168427062517,-20.611702127658972,-39.89361702127659,0.0,2.5237942712757437,4.1862724120031665,-0.1568822050053888,EXT,HTB,VOLTAS
2026-02-20 15:15:00+05:30,VOLTAS,16,2.0,4,38.93575600259572,0.5176340464040622,1.073114805357236,15.550084229623499,54.42529480368078,20.45049566840575,11.49197055474971,10.438026423731358,0.23246486790095755,EXT,HTB,VOLTAS
2026-02-23 15:15:00+05:30,VOLTAS,16,1.0,1,63.68598908240158,0.26373055499437215,0.3581984242091647,-11.71112556929053,52.0494469746259,0.0,11.6921892213707,13.108741783568728,0.3981018656810521,EXT,HTB,VOLTAS
2026-02-24 15:15:00+05:30,VOLTAS,16,0.0,0,123.05699481865285,0.20181867129311118,0.2528481487033428,-32.48862897985705,90.96816114359973,,16.060389267761877,19.542485774327872,0.7954328772165026,EXT,HTB,VOLTAS
2026-02-25 15:15:00+05:30,VOLTAS,17,21.0,33,61.40178979685212,0.9833486154410416,59.05506607929515,-25.54027504911651,36.01833660772757,3.4286921073269165,8.374262252881318,14.001980004719178,0.17617102817562902,EXT,HTB,VOLTAS
2026-02-26 15:15:00+05:30,VOLTAS,17,20.0,32,50.2577319587626,0.9824215181083945,55.88773388773389,-26.487499192453704,23.903352929776116,3.2327638136992416,7.681994749782785,12.591490955116392,0.1128344975490828,EXT,HTB,VOLTAS
2026-02-27 15:15:00+05:30,VOLTAS,17,19.0,31,62.579821200510565,0.9813223621932571,52.539961013645225,-54.57463884430177,8.346709470304685,0.0,6.757970182923553,14.15117434238029,0.18286629332597906,EXT,HTB,VOLTAS
2026-03-02 15:15:00+05:30,VOLTAS,17,18.0,28,53.22687957418496,0.9764833574529667,41.52307692307692,-20.0,33.333333333333336,3.645460814729764,8.388068354233033,12.967137702719022,0.12970945563088457,EXT,HTB,VOLTAS
2026-03-04 15:15:00+05:30,VOLTAS,17,17.0,26,57.876019803360684,0.9745992162451015,38.36886395511922,13.231197771588377,71.030640668524,8.10868651402335,10.980672704534738,13.555556875338159,0.15613254287526815,EXT,HTB,VOLTAS
2026-03-05 15:15:00+05:30,VOLTAS,17,16.0,25,53.83580080753701,0.9716653103499298,34.29242819843342,-8.755977638579878,45.126961675759716,4.972186608438701,9.30715153332983,13.044190261684275,0.1331702200046603,EXT,HTB,VOLTAS
2026-03-06 15:15:00+05:30,VOLTAS,17,15.0,24,35.130387785434706,0.9684554157649562,30.701162790697673,-2.027163997567096,33.11034529360153,5.941733386330235,8.534024092201802,10.679368124647365,0.026859217139326687,EXT,HTB,VOLTAS
2026-03-09 15:15:00+05:30,VOLTAS,17,14.0,21,30.825276726916705,0.9584541062801932,23.069767441860463,52.96167247386696,83.62369337979094,15.479705736739819,12.380196975824436,10.135725114471947,0.0023913973944810945,EXT,HTB,VOLTAS
2026-03-10 15:15:00+05:30,VOLTAS,17,13.0,20,73.33790267306405,0.9503216583273767,19.1294964028777,-37.83969728242174,35.775713794289956,0.0,8.919704000252684,15.51447369424443,0.24400915228892886,EXT,HTB,VOLTAS
2026-03-11 15:15:00+05:30,VOLTAS,17,12.0,19,40.441428473508054,0.940714133295398,15.86742651469706,74.83502279066603,114.97380774202388,20.68026380044019,15.043448202803289,11.350362121592857,0.0570441727530045,EXT,HTB,VOLTAS
2026-03-12 15:15:00+05:30,VOLTAS,17,11.0,18,73.27526614129621,0.9220205812821582,11.823896567097638,9.668508287293445,82.87292817679558,8.211507020142857,12.712692591882252,15.506531912272214,0.24365316161925604,EXT,HTB,VOLTAS
2026-03-13 15:15:00+05:30,VOLTAS,17,10.0,17,63.78556582813635,0.8781721134937728,7.208301306687163,78.92491467576889,142.2070534698521,23.26286907031962,17.614821333203054,14.303896797651966,0.1897190647890269,EXT,HTB,VOLTAS
2026-03-16 15:15:00+05:30,VOLTAS,17,9.0,14,94.48250991705669,0.8558711833510557,5.9382377740303545,138.69132290184922,231.86344238975752,42.66189764209848,26.163191412028926,18.1982987492368,0.3641831574630639,EXT,HTB,VOLTAS
2026-03-17 15:15:00+05:30,VOLTAS,17,8.0,13,141.13475177305028,0.8288290943385105,4.842114325068871,43.07605395099152,183.60285290586822,18.370554597935712,22.35425820185156,24.140056369124032,0.6293281511483921,EXT,HTB,VOLTAS
2026-03-18 15:15:00+05:30,VOLTAS,17,7.0,12,149.8944405348343,0.8191308776099134,4.528859690286251,20.366598778004708,169.95575531989635,12.451157431621965,21.510256387871436,25.258849059422978,0.6791132746285893,EXT,HTB,VOLTAS
2026-03-19 15:15:00+05:30,VOLTAS,17,6.0,11,162.46290801187013,0.8021496486151303,4.054325114918512,44.313146233382575,206.0561299852296,20.986582999893606,25.249044594658677,26.865840371983364,0.7505453451412903,EXT,HTB,VOLTAS
2026-03-20 15:15:00+05:30,VOLTAS,17,5.0,10,171.57974300831478,0.7896638475537952,3.7542944394961193,0.0,171.57974300831478,6.25,22.4474627975737,28.032794796737047,0.802360286104346,EXT,HTB,VOLTAS
2026-03-23 15:15:00+05:30,VOLTAS,17,4.0,7,174.15957877683272,0.7477248090352182,2.9639252523233734,84.33734939759036,257.0281124497992,50.41239344934927,32.65055134301844,28.36321014493852,0.8170226155303216,EXT,HTB,VOLTAS
2026-03-24 15:15:00+05:30,VOLTAS,17,3.0,6,207.18979512949326,0.6131026539103454,1.5846649249650646,57.64796310530361,263.64335126825483,41.42065105906405,34.11316770961489,32.60127460283238,1.004747709927389,EXT,HTB,VOLTAS
2026-03-25 15:15:00+05:30,VOLTAS,17,2.0,5,140.0293255131958,0.41902117832047564,0.7212331373958641,115.22574099572499,253.64156822958182,90.85315548494005,33.83044339329979,23.998941308534125,0.6230455326282908,EXT,HTB,VOLTAS
2026-03-27 15:15:00+05:30,VOLTAS,17,1.0,3,177.7744156138891,0.22187285314167943,0.2851370165370641,-4.540982365852845,173.3141602966765,0.7263921569416514,26.191961172572608,28.82633038108615,0.8375673064648618,EXT,HTB,VOLTAS
2026-03-30 15:15:00+05:30,VOLTAS,17,0.0,0,9.668063164679708,0.07148757892252317,0.07699151599885609,303.12499999999966,312.5,,46.20956856835106,7.467431037679481,-0.11785425497255012,EXT,HTB,VOLTAS
2026-04-01 15:15:00+05:30,VOLTAS,18,17.0,27,85.56149732620396,0.9800893829141122,49.22446043165468,219.66527196652683,303.3472803347284,36.27650027181745,26.692885149498803,17.451541995834503,0.1751379852257771,EXT,HTB,VOLTAS
2026-04-02 15:15:00+05:30,VOLTAS,18,16.0,26,131.12884834663552,0.9768965417282662,42.28356336260979,74.37348423605535,204.52708164915083,16.72991284872528,20.217847817738903,23.45664457468015,0.6619673018011237,EXT,HTB,VOLTAS
2026-04-06 15:15:00+05:30,VOLTAS,18,15.0,22,130.55666800160157,0.9737096066676415,37.03670745272525,43.06563521812019,173.06005263577674,13.410409859011253,18.993978369695917,23.381067913805335,0.6558542809628961,EXT,HTB,VOLTAS
2026-04-07 15:15:00+05:30,VOLTAS,18,14.0,21,135.46798029556652,0.970301328624772,32.67153996101364,8.203445447087777,143.5602953240361,7.67642210557936,17.021279839250962,24.029923139504714,0.7083254199256809,EXT,HTB,VOLTAS
2026-04-08 15:15:00+05:30,VOLTAS,18,13.0,20,70.83167528850053,0.9585772300798208,23.14131169709263,67.19367588932806,137.54940711462524,18.554230624802006,16.7820874921041,15.516270968748398,0.01776853022549991,EXT,HTB,VOLTAS
2026-04-09 15:15:00+05:30,VOLTAS,18,12.0,19,81.58508158508158,0.9526230006353766,20.10728862973761,-10.889856876167478,70.7840696950833,4.159139431153906,11.766608246263733,16.92881922794526,0.13265502946207547,EXT,HTB,VOLTAS
2026-04-10 15:15:00+05:30,VOLTAS,18,11.0,18,135.84036838066035,0.9260404080141624,12.520896656534955,64.05368308677818,199.02394387677393,19.28044059558884,22.201384500876163,24.079134154275177,0.7123039140208445,EXT,HTB,VOLTAS
2026-04-13 15:15:00+05:30,VOLTAS,18,10.0,15,148.39181286549675,0.91417113842248,10.65109243697479,-14.641288433382138,133.96778916544622,2.6898920740498995,17.69854361581853,25.73889265605181,0.8464001694263104,EXT,HTB,VOLTAS
2026-04-15 15:15:00+05:30,VOLTAS,18,9.0,13,129.69332186872964,0.8984508469668452,8.847447961220416,45.64907275321035,174.7503566333809,19.096198253072895,21.944578529573246,23.26704080080558,0.6466305231972637,EXT,HTB,VOLTAS
2026-04-16 15:15:00+05:30,VOLTAS,18,8.0,12,166.09880749574012,0.8810417928528165,7.406313645621181,-5.681818181817858,160.511363636363,4.522271088640505,21.015482905653222,28.0840022558016,1.0355769352773587,EXT,HTB,VOLTAS
2026-04-17 15:15:00+05:30,VOLTAS,18,7.0,11,165.51724137931035,0.8735886852009227,6.910684273709483,-33.907688049270575,132.17078402878633,0.0,18.70230380888689,28.006912752636715,1.0293636393831573,EXT,HTB,VOLTAS
2026-04-20 15:15:00+05:30,VOLTAS,18,6.0,8,117.49982618368814,0.8483402106300425,5.593705583756345,-29.286660623387807,88.5572833135752,0.0,15.26871741657129,21.657639693652715,0.5163584964482975,EXT,HTB,VOLTAS
2026-04-21 15:15:00+05:30,VOLTAS,18,5.0,7,128.44288756095915,0.8174665856622114,4.478448993176901,27.399136927186795,155.49010206178536,20.5563008032673,22.59278527942358,23.10190639846262,0.6332712195326438,EXT,HTB,VOLTAS
2026-04-22 15:15:00+05:30,VOLTAS,18,4.0,6,131.93504736129904,0.773228917848396,3.4097333333333335,-6.770480704129993,125.25389302640487,2.13268455799889,19.78129419592747,23.56313911834073,0.6705805151335462,EXT,HTB,VOLTAS
2026-04-23 15:15:00+05:30,VOLTAS,18,3.0,5,97.15475364330325,0.6629963849104507,1.9673272191287259,0.0,97.15475364330325,6.25,17.048445941758445,18.976739859929594,0.29899721608617164,EXT,HTB,VOLTAS
2026-04-24 15:15:00+05:30,VOLTAS,18,2.0,4,101.30047912388744,0.4672268907563025,0.8769716088328076,-24.013722126929675,77.53001715265835,0.0,15.12772673932973,19.52258104855176,0.34328903154669405,EXT,HTB,VOLTAS
2026-04-27 15:15:00+05:30,VOLTAS,18,1.0,1,65.60818790185014,0.1981174796222021,0.24706546730668388,-48.124464368118886,17.799459423825205,0.0,8.49227294439124,14.83067493009266,-0.03803780342428242,EXT,HTB,VOLTAS
2026-04-28 15:15:00+05:30,VOLTAS,18,0.0,0,117.67026032079997,0.11912131802296555,0.13523010655180231,-38.936184253943715,79.19223916056227,,16.614367287641805,21.68012135148338,0.5181793689070466,EXT,HTB,VOLTAS
2026-04-29 15:15:00+05:30,VOLTAS,19,18.0,27,105.94668489405332,0.9812721752807345,52.396484375,67.88866259334691,173.11608961303463,15.458835690795143,16.53075896879062,17.357671211815795,0.30751446963260104,EXT,HTB,VOLTAS
2026-04-30 15:15:00+05:30,VOLTAS,19,17.0,26,100.94681147312725,0.9777515404198798,43.946932006633496,11.12656467315653,111.9610570236433,7.812868131186179,12.987094533954169,16.830805576010384,0.2611503040321012,EXT,HTB,VOLTAS
2026-05-04 15:15:00+05:30,VOLTAS,19,16.0,22,120.20056322549625,0.9774268835241776,43.30048465266559,-24.098044615808316,96.39217846323326,2.25672490103958,12.452423114615973,18.86114770600687,0.4396916508873201,EXT,HTB,VOLTAS
2026-05-05 15:15:00+05:30,VOLTAS,19,15.0,21,98.67699729551933,0.9708814091622858,33.34232121922626,-22.710622710622044,76.19047619047686,2.3071530140094985,11.235001082078123,16.591709922919325,0.24010216309866847,EXT,HTB,VOLTAS
2026-05-06 15:15:00+05:30,VOLTAS,19,14.0,20,107.50360750360815,0.9664159884619347,28.7760736196319,-52.94842968013313,55.124392543701575,0.0,9.918375304482835,17.52178753240674,0.32195191866769934,EXT,HTB,VOLTAS
2026-05-07 15:15:00+05:30,VOLTAS,19,13.0,19,124.00029349181958,0.9637026629198447,26.550230414746544,0.7336757153331552,124.72487160674982,6.390948136941112,14.733493230608714,19.262303424313995,0.4749268075550295,EXT,HTB,VOLTAS
2026-05-08 15:15:00+05:30,VOLTAS,19,12.0,18,73.59077459980136,0.9577661431064572,22.677685950413224,36.28392168720373,109.60768009675712,13.62095346510439,13.840126657544403,13.952844299370625,0.007475917304658258,EXT,HTB,VOLTAS
2026-05-11 15:15:00+05:30,VOLTAS,19,11.0,15,141.14759128566942,0.9481219784306434,18.275985663082437,12.258657676985415,153.2332209623046,9.234769872347405,17.52261435854736,21.074547709775988,0.633934863876561,EXT,HTB,VOLTAS
2026-05-12 15:15:00+05:30,VOLTAS,19,10.0,14,165.64126833885473,0.9379078024946133,15.105083088954057,29.88361119848974,195.02988361119813,14.0527488793021,20.921272688499908,23.66868221217897,0.8610663937081119,EXT,HTB,VOLTAS
2026-05-13 15:15:00+05:30,VOLTAS,19,9.0,13,149.27730826948792,0.9238207037162893,12.126926196269261,-25.338506611765126,124.31704806398007,0.0,15.762527274215712,21.93485381618234,0.7093222812750485,EXT,HTB,VOLTAS
2026-05-14 15:15:00+05:30,VOLTAS,19,8.0,12,140.40803661469172,0.9199707209954862,11.495426829268293,53.240740740741444,192.9012345679012,22.48732145044776,21.377002316616135,20.996321470730955,0.6270769232150387,EXT,HTB,VOLTAS
2026-05-15 15:15:00+05:30,VOLTAS,19,7.0,11,160.32388663967575,0.8949217962381543,8.51672149122807,-8.103727714748784,152.3500810372768,3.5621247471664903,18.43167915668706,23.104967685393664,0.8117579522923812,EXT,HTB,VOLTAS
2026-05-18 15:15:00+05:30,VOLTAS,19,6.0,8,173.07385547934317,0.8691652168784831,6.643227405904891,8.76563869631155,181.68778388716376,10.251076511049627,21.814158098275772,24.45714817535612,0.9299892787514544,EXT,HTB,VOLTAS
2026-05-19 15:15:00+05:30,VOLTAS,19,5.0,7,153.60983102918587,0.857191984243599,6.002408056042031,-11.534025374855824,142.25297962322185,0.2392953409997789,18.70123405703137,22.39362180023771,0.7494980588973078,EXT,HTB,VOLTAS
2026-05-20 15:15:00+05:30,VOLTAS,19,4.0,6,138.23461271140698,0.8380094328213811,5.173198954833893,23.882896764252,161.78736517719568,20.796139317882037,20.770804998770885,20.76646197263748,0.6069226158379303,EXT,HTB,VOLTAS
2026-05-21 15:15:00+05:30,VOLTAS,19,3.0,5,119.29989796719111,0.6833564862708007,2.158125641743676,-0.7849293563572138,118.52433281004639,5.677024056847384,17.129950440904157,18.76608278148379,0.43133972081406996,EXT,HTB,VOLTAS
2026-05-22 15:15:00+05:30,VOLTAS,19,2.0,4,106.46687697160883,0.4781570644913737,0.916285403050109,2.3653709690132816,108.8070645746271,8.408656320439887,16.489030788259036,17.41250215600977,0.3123382460760024,EXT,HTB,VOLTAS
2026-05-25 15:15:00+05:30,VOLTAS,19,1.0,1,165.76297443842054,0.27163964639365257,0.372946777029635,-23.29192546583851,142.85714285714357,0.0,20.838581027823274,23.681588275919378,0.862194982630232,EXT,HTB,VOLTAS
2026-05-26 15:15:00+05:30,VOLTAS,19,0.0,0,41.04183109708008,0.10389208162703466,0.11593701996927804,46.35085238431998,87.20245109592376,,15.383852751380411,10.538883886619901,-0.2943526450676209,EXT,HTB,VOLTAS
2026-05-27 15:15:00+05:30,VOLTAS,20,23.0,34,50.62089693901656,0.9699940582293524,32.32673267326733,-4.74796233283144,45.89696921737718,5.740413244340678,8.958218710854924,12.865553920193607,0.37474182634813646,EXT,HTB,VOLTAS
2026-05-29 15:15:00+05:30,VOLTAS,20,22.0,32,72.91082445316809,0.9678053039397577,30.061016949152542,31.150159744409674,103.83386581469648,9.808610542209678,12.599582602131676,15.789264956328298,0.730032007074556,EXT,HTB,VOLTAS
2026-06-01 15:15:00+05:30,VOLTAS,20,21.0,29,47.27746984023439,0.9660277787957635,28.43581445523193,-9.791122715405072,37.532637075717275,5.018271939220872,8.65792733263517,12.427570418671408,0.32144928793957706,EXT,HTB,VOLTAS
2026-06-02 15:15:00+05:30,VOLTAS,20,20.0,28,29.742765273312262,0.9651637822179306,27.705756929637527,-24.981867999032225,4.835200257878446,2.9974960561749113,6.565227660965935,10.13295926575685,0.041954958018097385,EXT,HTB,VOLTAS
2026-06-03 15:15:00+05:30,VOLTAS,20,19.0,27,61.37446499232746,0.9643163749020194,27.024058577405857,-24.285598640006477,37.23791791467586,2.970926953429809,8.725856296425606,14.27525244860028,0.5461482669787315,EXT,HTB,VOLTAS
2026-06-04 15:15:00+05:30,VOLTAS,20,18.0,26,25.680933852139724,0.964056253569389,26.821251241310826,-9.347250350522243,16.357688113412596,4.938402750578921,7.356563836654242,9.601999130867059,-0.022788582255527108,EXT,HTB,VOLTAS
2026-06-05 15:15:00+05:30,VOLTAS,20,17.0,25,93.60253732497978,0.9517343173431735,19.718654434250766,63.79707916986898,156.80245964642654,15.59421202500078,17.134218341789246,18.509223981778916,1.0598474540336258,EXT,HTB,VOLTAS
2026-06-08 15:15:00+05:30,VOLTAS,20,16.0,22,52.67295597484313,0.9392459686577334,15.459813084112149,-15.748031496062993,37.00787401574839,3.639313530399334,8.956586147915898,13.13444320453593,0.40745061040484654,EXT,HTB,VOLTAS
2026-06-09 15:15:00+05:30,VOLTAS,20,15.0,21,110.98354381936471,0.9126301672451878,10.445598194130925,-19.171779141104295,92.02453987730063,2.920952366499141,13.136624944038028,20.798379377192227,1.3368919143476616,EXT,HTB,VOLTAS
2026-06-10 15:15:00+05:30,VOLTAS,20,14.0,20,79.64122786669725,0.9089217074651021,9.979564637938694,-23.250406882120437,56.57599007982604,2.0117259167980976,10.56434854664541,16.67336471082206,0.8373112363872722,EXT,HTB,VOLTAS
